conversion_id,user_id,order_id,converted_at,order_value_usd,dma_code
6fc82337-4318-4626-b67b-f8f3cbd4cd1c,USR_10000,ORD_100001,2026-02-08 01:00:00,46.2,DMA_140_LOUISVILLE
56f46673-23a6-4318-80de-cdeeedd05e86,USR_10001,ORD_100002,2026-03-29 08:14:00,78.21,DMA_127_CHARLOTTE
77a26e37-4fa3-4349-84f7-b0a70c09e1a3,USR_10002,ORD_100003,2026-03-28 03:10:00,76.67,DMA_113_SAN_DIEGO
f7bb6c01-fe65-4bfd-b513-822ef45e3c0a,USR_10004,ORD_100004,2026-05-22 09:58:00,110.53,DMA_105_SEATTLE
18f34bb2-eac8-47c2-96ef-ee046d9623f3,USR_10007,ORD_100005,2026-06-24 21:00:00,68.17,DMA_117_MINNEAPOLIS
da70d6be-1828-4465-99e1-0cfd44c3ccdd,USR_10008,ORD_100006,2026-04-27 18:00:00,68.07,DMA_131_INDIANAPOLIS
52ace0e6-6b2b-4599-8fea-8e839e3fc4c9,USR_10010,ORD_100007,2026-02-19 17:00:00,146.92,DMA_148_ALBUQUERQUE
a6a0e008-77fe-44e4-9a21-038413b0dc40,USR_10011,ORD_100008,2026-01-15 07:41:00,31.13,DMA_115_HOUSTON
4f44592b-de41-4d41-abec-58cbe8db4624,USR_10012,ORD_100009,2026-02-06 15:00:00,59.03,DMA_105_SEATTLE
a82e7b0f-c385-4ea5-a077-7fdd39db5fdc,USR_10014,ORD_100010,2026-04-21 11:32:00,22.88,DMA_106_AUSTIN
092cb59c-2e3b-4002-9ac1-f6f3337838d1,USR_10017,ORD_100011,2026-02-16 08:34:00,37.51,DMA_127_CHARLOTTE
3d632c2a-ac8b-4d12-b6d0-9aa3226a68e9,USR_10018,ORD_100012,2026-01-20 14:56:00,80.47,DMA_115_HOUSTON
5f28b26f-992c-4b6b-9c0e-4264a9edbd73,USR_10022,ORD_100013,2026-02-23 00:00:00,107.19,DMA_105_SEATTLE
2207f49e-bbab-4e84-a692-dc642b8c5c92,USR_10023,ORD_100014,2026-04-01 06:00:00,61.48,DMA_142_BUFFALO
6aa060a6-0219-4707-9775-c3d62159351b,USR_10024,ORD_100015,2026-01-03 21:57:00,51.07,DMA_133_KANSAS_CITY
121106b6-cb6f-4c4d-b584-93740d14d5e8,USR_10026,ORD_100016,2026-06-01 14:00:00,89.72,DMA_147_GREENVILLE
0feb1b6e-3a9c-4465-ae88-177e906988e2,USR_10028,ORD_100017,2026-02-15 13:00:00,476.75,DMA_135_MILWAUKEE
392558cf-4b83-4bd8-95d7-161c52cc1725,USR_10029,ORD_100018,2026-03-27 13:56:00,121.12,DMA_111_PHOENIX
445f24eb-f94a-45eb-8068-ec482d13b400,USR_10036,ORD_100019,2026-02-14 19:41:00,40.26,DMA_147_GREENVILLE
dd435e56-a917-4894-9ad3-655b23cdae61,USR_10037,ORD_100020,2026-04-20 15:00:00,34.81,DMA_119_ORLANDO
ae8d55b5-733a-495d-95e3-c09312236143,USR_10039,ORD_100021,2026-05-08 19:00:00,110.63,DMA_115_HOUSTON
1087e801-46b9-42e6-a929-e9c44d18e938,USR_10040,ORD_100022,2026-02-15 22:38:00,27.62,DMA_114_SAN_JOSE
99dad0b5-8b0e-42c5-bbd3-deeed1630bb5,USR_10042,ORD_100023,2026-05-16 17:43:00,89.22,DMA_129_SALT_LAKE_CITY
86f5076f-a109-486e-b581-e265f49aa069,USR_10045,ORD_100024,2026-03-23 17:10:00,103.95,DMA_121_CLEVELAND
c6eb159d-209b-4215-a64e-f336a90c21d4,USR_10046,ORD_100025,2026-02-27 05:00:00,36.42,DMA_108_BOSTON
03d1369c-fba8-47c1-a279-57fdd283fe60,USR_10047,ORD_100026,2026-02-02 19:39:00,115.56,DMA_129_SALT_LAKE_CITY
763a6930-14c3-40e8-ab8c-4066f5916f7e,USR_10048,ORD_100027,2026-04-17 14:00:00,182.7,DMA_101_NEW_YORK
78d62914-ac5f-4666-8c3c-2df5aa4913ce,USR_10052,ORD_100028,2026-04-30 22:21:00,42.56,DMA_113_SAN_DIEGO
da538070-5ae3-42e5-91ff-a3915e3e5c86,USR_10059,ORD_100029,2026-03-18 05:00:00,94.84,DMA_148_ALBUQUERQUE
08043a8c-8a26-404a-93c7-f1209eb91857,USR_10060,ORD_100030,2026-03-10 10:00:00,75.23,DMA_118_TAMPA
572916ec-027e-403d-8815-866610a25a84,USR_10063,ORD_100031,2026-02-16 21:00:00,218.49,DMA_115_HOUSTON
032a744a-cd65-4b83-bb83-305a970e21f1,USR_10064,ORD_100032,2026-03-20 10:00:00,65.96,DMA_114_SAN_JOSE
57b2743b-c2da-4941-b618-b2ab08b25ebc,USR_10065,ORD_100033,2026-04-23 02:43:00,44.51,DMA_131_INDIANAPOLIS
93d0743d-1300-46c3-94ac-cfaa883a9e3c,USR_10071,ORD_100034,2026-05-08 20:33:00,51.89,DMA_148_ALBUQUERQUE
a834afd9-66b5-47fa-83aa-c95dbee153fd,USR_10076,ORD_100035,2026-05-03 09:00:00,77.17,DMA_149_TUCSON
a4b5f2d2-1169-46e1-b7c4-027628e3261b,USR_10077,ORD_100036,2026-02-15 11:00:00,72.19,DMA_141_NEW_ORLEANS
10975dfe-cbaa-4d76-a904-98ca5f083946,USR_10080,ORD_100037,2026-01-15 09:27:00,17.68,DMA_120_BALTIMORE
0dd34a60-747a-4907-9907-6e7cd04746dc,USR_10081,ORD_100038,2026-04-26 12:00:00,110.75,DMA_123_PITTSBURGH
84d3f159-e984-4cac-b01f-adbca936ef7b,USR_10082,ORD_100039,2026-05-20 05:09:00,83.64,DMA_143_HARTFORD
793879fe-9508-47fd-b5b0-91b93b87b1e2,USR_10083,ORD_100040,2026-04-15 02:00:00,81.48,DMA_128_NASHVILLE
1ecfaab2-06f8-4209-90bc-0c1a4a65823e,USR_10086,ORD_100041,2026-02-18 02:00:00,89.02,DMA_112_PHILADELPHIA
0fed05e2-6303-4bc9-b85d-ba90dab95e25,USR_10087,ORD_100042,2026-04-11 03:00:00,32.98,DMA_140_LOUISVILLE
e00b54d8-9bc6-4997-8768-0b1e6924c3fa,USR_10088,ORD_100043,2026-02-16 18:00:00,95.72,DMA_134_CINCINNATI
eac77923-89a3-49a7-afdc-136e9b4d9f77,USR_10090,ORD_100044,2026-03-01 10:54:00,53.72,DMA_113_SAN_DIEGO
714209cb-3afe-4985-bee2-3515999f44c3,USR_10091,ORD_100045,2026-06-13 05:00:00,80.2,DMA_109_DENVER
5e3caaa7-358e-4d74-a55b-7a271b837772,USR_10092,ORD_100046,2026-06-01 03:33:00,77.54,DMA_132_SAN_ANTONIO
0d60e55e-d648-4aa9-8706-ad3faa39317e,USR_10095,ORD_100047,2026-06-11 10:00:00,178.7,DMA_120_BALTIMORE
6b206d6d-da20-47b5-a03d-7cf8d75a6c5f,USR_10096,ORD_100048,2026-05-04 18:00:00,141.34,DMA_114_SAN_JOSE
49d6fcc4-c34b-486d-b9c4-0c57a92aacc1,USR_10098,ORD_100049,2026-04-12 08:00:00,209.16,DMA_106_AUSTIN
f12216ef-729c-469b-93ba-b2d3e66a8e98,USR_10100,ORD_100050,2026-06-08 01:48:00,133.78,DMA_110_MIAMI
889c07ab-4dd2-48c4-bd39-706234e2f887,USR_10102,ORD_100051,2026-06-13 15:00:00,250.63,DMA_143_HARTFORD
9075801e-e763-463f-aa6a-5d2292a8dd5e,USR_10103,ORD_100052,2026-01-11 13:06:00,103.21,DMA_147_GREENVILLE
10d9e733-c456-4530-8059-364ccc5771b4,USR_10105,ORD_100053,2026-05-10 07:00:00,47.59,DMA_139_RICHMOND
51969f97-1bce-40fc-84c7-1e2014e6e558,USR_10107,ORD_100054,2026-05-08 17:00:00,119.6,DMA_104_DALLAS
edc445b1-c4bf-44fa-8880-c8c75bb2cd89,USR_10109,ORD_100055,2026-03-28 21:43:00,45.08,DMA_149_TUCSON
3b2c718d-5d3a-425a-b490-4d3199aac7ff,USR_10112,ORD_100056,2026-02-05 15:00:00,74.2,DMA_138_MEMPHIS
5dbb4b03-0b5d-4e40-b1db-f902ec8c6387,USR_10117,ORD_100057,2026-01-24 15:00:00,105.21,DMA_126_ST_LOUIS
0446403d-6555-4da7-90f3-cbb72768e6f0,USR_10118,ORD_100058,2026-03-26 21:00:00,143.9,DMA_115_HOUSTON
eb991e6d-c728-4234-be37-f906b8158dd7,USR_10119,ORD_100059,2026-04-14 00:00:00,123.12,DMA_139_RICHMOND
28b970a5-1d77-4e8e-8343-18b3663431e6,USR_10123,ORD_100060,2026-02-17 15:49:00,77.36,DMA_121_CLEVELAND
ae1699e6-14b4-485a-bd90-128450f47ebf,USR_10124,ORD_100061,2026-04-05 16:22:00,74.67,DMA_131_INDIANAPOLIS
dd499286-e127-4f11-a55d-d4c5373cf446,USR_10125,ORD_100062,2026-04-19 02:32:00,101.87,DMA_105_SEATTLE
d716dd24-1c33-4b26-9a90-7bc1bc32f89d,USR_10126,ORD_100063,2026-02-16 17:23:00,72.78,DMA_138_MEMPHIS
79a0ed61-8cea-438a-b559-34e81a8699b9,USR_10129,ORD_100064,2026-01-30 08:00:00,43.38,DMA_140_LOUISVILLE
1e72db76-deee-4087-b5db-f66cb2fc3317,USR_10131,ORD_100065,2026-03-28 13:00:00,180.4,DMA_139_RICHMOND
809f4604-c688-47fb-96a1-b36b49052fe6,USR_10136,ORD_100066,2026-06-09 23:43:00,44.24,DMA_142_BUFFALO
40470382-ba6c-410e-b163-e2adda49d273,USR_10137,ORD_100067,2026-06-02 03:00:00,52.79,DMA_121_CLEVELAND
86707f23-aab8-40a0-abc2-61f86f0f0e53,USR_10139,ORD_100068,2026-06-18 14:00:00,55.18,DMA_121_CLEVELAND
30b503bf-6772-4144-84cc-d77f1e553f66,USR_10146,ORD_100069,2026-05-12 04:25:00,41.2,DMA_138_MEMPHIS
ac9f47e6-9e4e-4f8a-806c-4de5566dfb49,USR_10147,ORD_100070,2026-03-23 05:30:00,108.7,DMA_139_RICHMOND
6b883a52-c8e1-4bd1-b136-6c2786cb028b,USR_10149,ORD_100071,2026-04-17 18:24:00,59.64,DMA_107_ATLANTA
813d7b36-ce61-418b-8414-be29019e8382,USR_10150,ORD_100072,2026-06-11 00:43:00,95.3,DMA_146_ROCHESTER
4276db91-107b-49d1-adff-95edbef451f9,USR_10152,ORD_100073,2026-02-03 09:00:00,68.62,DMA_144_PROVIDENCE
520d702f-2764-45b0-af6b-efd26ab10bd8,USR_10153,ORD_100074,2026-05-20 02:00:00,143.48,DMA_142_BUFFALO
64e08d21-d539-4a05-b6f1-28682a04dc9e,USR_10155,ORD_100075,2026-03-18 15:00:00,102.36,DMA_144_PROVIDENCE
bd73ed09-a863-4115-8418-5bc8a4e21be9,USR_10159,ORD_100076,2026-03-26 05:51:00,35.77,DMA_107_ATLANTA
1d1145d5-52f6-4b4c-8a57-b7c63c66a735,USR_10162,ORD_100077,2026-03-26 09:42:00,113.15,DMA_117_MINNEAPOLIS
ed6fd731-da86-48c8-8a11-7dc4b272e570,USR_10166,ORD_100078,2026-05-29 11:00:00,92.83,DMA_128_NASHVILLE
af05452c-c921-4595-8929-945fc246c66f,USR_10167,ORD_100079,2026-03-23 18:00:00,122.61,DMA_143_HARTFORD
4ea3dd24-bf93-489b-8d47-f830f33687f9,USR_10177,ORD_100080,2026-03-27 20:00:00,122.52,DMA_114_SAN_JOSE
4d07de74-73c9-48ba-bbb7-ed4e67528771,USR_10178,ORD_100081,2026-01-18 15:00:00,99.39,DMA_138_MEMPHIS
c72a8333-c56a-40d2-9c01-81a508b6c457,USR_10179,ORD_100082,2026-03-14 12:34:00,43.47,DMA_149_TUCSON
9dd93adc-684a-457e-b235-62fd0fc5a0b8,USR_10182,ORD_100083,2026-06-10 04:00:00,70.2,DMA_116_DETROIT
a65bfc87-0c41-413b-a231-20a6373b6adf,USR_10183,ORD_100084,2026-01-18 22:14:00,69.41,DMA_114_SAN_JOSE
382c1fe8-0a33-4cb5-aa7c-71b0af015d5b,USR_10185,ORD_100085,2026-04-23 18:00:00,93.56,DMA_135_MILWAUKEE
e873f8dc-031e-4f06-9d7d-21d01c785945,USR_10187,ORD_100086,2026-01-23 20:00:00,47.15,DMA_141_NEW_ORLEANS
5e2b6dc6-5fb9-4b16-9f30-95824c914501,USR_10189,ORD_100087,2026-03-01 02:26:00,68.22,DMA_127_CHARLOTTE
ff647f73-6335-4229-b686-f242695826c0,USR_10195,ORD_100088,2026-01-19 03:00:00,60.89,DMA_124_PORTLAND
3810d63d-8754-456d-b4b8-412c295ed22c,USR_10197,ORD_100089,2026-03-08 09:00:00,55.95,DMA_138_MEMPHIS
99ea7194-5465-481c-947d-69100d8c07bc,USR_10198,ORD_100090,2026-05-08 04:45:00,62.97,DMA_126_ST_LOUIS
5824b1b9-00b4-403d-8f97-f69296195e0c,USR_10202,ORD_100091,2026-05-20 02:00:00,73.66,DMA_147_GREENVILLE
009af5be-4281-4e04-8305-4da0078d28a6,USR_10203,ORD_100092,2026-05-18 15:00:00,74.39,DMA_122_SACRAMENTO
361bab11-d26a-4338-906e-a7aa2e8cd7df,USR_10207,ORD_100093,2026-03-10 10:00:00,321.6,DMA_107_ATLANTA
9ce90f24-1d37-4f1f-b14f-01dfd78de953,USR_10208,ORD_100094,2026-03-22 06:00:00,167.25,DMA_131_INDIANAPOLIS
aa7e0289-672d-4ce0-8521-1198632f3dbd,USR_10209,ORD_100095,2026-03-06 16:00:00,192.51,DMA_148_ALBUQUERQUE
858ce67d-1f3a-427d-a2b9-85d5315654c5,USR_10210,ORD_100096,2026-01-11 23:33:00,46.81,DMA_134_CINCINNATI
cf080e0a-3afb-46e9-9ae4-4cbe8c3f0f51,USR_10211,ORD_100097,2026-02-25 13:11:00,83.26,DMA_134_CINCINNATI
f4f45459-c84a-4dc1-83ff-5236ead350f2,USR_10213,ORD_100098,2026-04-23 03:54:00,98.23,DMA_105_SEATTLE
eb1ac32f-22d0-4dd6-9c03-26c0e8f581f3,USR_10216,ORD_100099,2026-03-10 16:48:00,24.59,DMA_136_RALEIGH
072a08c9-9693-4d79-abdd-1108270ce191,USR_10219,ORD_100100,2026-01-24 12:37:00,34.81,DMA_140_LOUISVILLE
f4f986e5-64f3-4c7b-8232-9d7cec8b23d0,USR_10220,ORD_100101,2026-03-24 01:00:00,93.23,DMA_147_GREENVILLE
bfe95376-1f11-4508-a5ee-dc1752bc7d1a,USR_10223,ORD_100102,2026-01-24 20:28:00,215.72,DMA_117_MINNEAPOLIS
b1d49f54-e804-4d81-a0a6-cb3512241a8f,USR_10224,ORD_100103,2026-01-22 11:47:00,60.27,DMA_116_DETROIT
8ee8a69d-f338-4091-b9d9-bce7bda0c170,USR_10228,ORD_100104,2026-02-06 09:00:00,93.37,DMA_106_AUSTIN
71950256-9a60-4cf4-86a2-dfbe892c4b2f,USR_10233,ORD_100105,2026-01-30 01:00:00,106.55,DMA_102_CHICAGO
5386830d-605f-4f35-b712-06531604de1f,USR_10234,ORD_100106,2026-06-05 01:24:00,48.84,DMA_139_RICHMOND
c71d21d9-8c61-4ed9-96e8-44c70ca96b91,USR_10235,ORD_100107,2026-02-21 04:00:00,63.2,DMA_142_BUFFALO
cb697f47-1977-47c2-9fd0-bc8f18135cb4,USR_10236,ORD_100108,2026-01-08 10:56:00,101.98,DMA_149_TUCSON
0b2a7411-b052-4728-92c2-e33fa55e0110,USR_10242,ORD_100109,2026-05-09 22:00:00,125.34,DMA_104_DALLAS
e2b5da74-8aae-4e90-9504-60c53c6a0629,USR_10245,ORD_100110,2026-01-28 07:00:00,58.79,DMA_147_GREENVILLE
61080b04-7e31-4f8e-8324-4396176683a3,USR_10246,ORD_100111,2026-04-07 19:00:00,60.25,DMA_147_GREENVILLE
bae44f7a-da8c-4d91-ae54-2064bd41a0eb,USR_10249,ORD_100112,2026-04-12 12:00:00,180.76,DMA_125_LAS_VEGAS
64d13b03-9194-4775-b9aa-4afd34248b6f,USR_10252,ORD_100113,2026-05-21 15:08:00,67.09,DMA_126_ST_LOUIS
ccd58bc5-1275-4691-9b1f-4d0ab3a3bd45,USR_10254,ORD_100114,2026-01-14 22:00:00,157.36,DMA_134_CINCINNATI
3923923d-a39b-4718-a0be-78f198a5639d,USR_10256,ORD_100115,2026-04-07 02:00:00,76.51,DMA_147_GREENVILLE
365919b7-7df6-4116-82b9-24ace8f46ba0,USR_10261,ORD_100116,2026-02-24 23:00:00,62.31,DMA_137_OKLAHOMA_CITY
ab29f276-fac6-4d4e-9290-bb9548b27e4a,USR_10262,ORD_100117,2026-04-04 12:00:00,185.48,DMA_140_LOUISVILLE
150264d1-1435-4c49-b8e1-58a9796c2c4b,USR_10266,ORD_100118,2026-04-21 20:15:00,36.66,DMA_101_NEW_YORK
a2adca6c-42bf-4bc3-8e6c-513eef5b117d,USR_10268,ORD_100119,2026-05-22 23:51:00,23.45,DMA_126_ST_LOUIS
72d44afc-2143-4739-a239-376a1dee90b5,USR_10270,ORD_100120,2026-04-15 03:00:00,260.41,DMA_103_LOS_ANGELES
0a742c22-a793-4b21-9c45-52f3f8515785,USR_10271,ORD_100121,2026-01-16 04:53:00,81.98,DMA_136_RALEIGH
ca8a7ed4-5006-400c-ba6b-a5648bfcc69b,USR_10273,ORD_100122,2026-05-02 18:20:00,50.31,DMA_143_HARTFORD
678e4370-77e5-4782-b446-6753fd441650,USR_10274,ORD_100123,2026-03-18 02:30:00,53.7,DMA_130_COLUMBUS
f2175cbb-b96e-4834-9c42-a52bcb03ec7e,USR_10277,ORD_100124,2026-05-14 15:00:00,73.84,DMA_117_MINNEAPOLIS
faecc14f-05aa-4514-b66a-5d46e55bdd4f,USR_10278,ORD_100125,2026-06-09 18:38:00,118.77,DMA_100_SAN_FRANCISCO
86211ab0-07ac-4526-876c-8134ec8bbcbd,USR_10282,ORD_100126,2026-03-29 12:00:00,67.6,DMA_121_CLEVELAND
d97ef93a-15ba-4d13-919a-116513b39fb6,USR_10283,ORD_100127,2026-05-10 12:13:00,77.9,DMA_145_BIRMINGHAM
6f7af8b6-71b7-44eb-b90b-f2cec9474fb1,USR_10284,ORD_100128,2026-05-21 16:00:00,218.16,DMA_149_TUCSON
5af3b11f-1a86-4a27-9184-f70c16efe4bb,USR_10286,ORD_100129,2026-06-02 14:16:00,57.33,DMA_131_INDIANAPOLIS
cdbfd94f-1561-4ef1-aa31-4d9d33981e0b,USR_10288,ORD_100130,2026-01-13 05:59:00,66.53,DMA_124_PORTLAND
f8aa4248-6bc6-4a48-ac33-317f9f1b2d58,USR_10289,ORD_100131,2026-02-24 07:46:00,78.36,DMA_136_RALEIGH
fdd61b63-b1e8-4ba1-b992-6b50f3f4cfe0,USR_10293,ORD_100132,2026-03-23 21:00:00,54.8,DMA_117_MINNEAPOLIS
753e167d-de3b-4a6a-95c6-9216c47b04d5,USR_10294,ORD_100133,2026-03-27 17:00:00,73.26,DMA_132_SAN_ANTONIO
862ae69a-4f20-4d5d-9f5b-607e7c2674de,USR_10296,ORD_100134,2026-02-05 06:26:00,83.83,DMA_109_DENVER
08cffb59-2eb8-4d47-8a5c-48f56cb99420,USR_10298,ORD_100135,2026-05-05 10:45:00,69.05,DMA_105_SEATTLE
c18aad56-1a93-4505-9645-b83eb92095c9,USR_10300,ORD_100136,2026-02-13 18:53:00,109.04,DMA_148_ALBUQUERQUE
49264295-da47-4bc9-ba70-9c6e01933484,USR_10310,ORD_100137,2026-02-21 08:58:00,63.09,DMA_138_MEMPHIS
e2423093-9dc2-4458-b177-a43e63a4a1e0,USR_10312,ORD_100138,2026-02-03 19:00:00,161.71,DMA_100_SAN_FRANCISCO
c17f7793-3f9a-4db3-a0d5-c7a44a9ae697,USR_10313,ORD_100139,2026-03-29 05:12:00,23.06,DMA_123_PITTSBURGH
f6badecf-c12d-4b6f-b464-dfec580931c4,USR_10315,ORD_100140,2026-01-16 05:11:00,51.27,DMA_108_BOSTON
34dea361-3431-432f-aa7c-a0710746e59c,USR_10320,ORD_100141,2026-05-28 15:00:00,126.83,DMA_110_MIAMI
76589ccc-f7e2-4ad3-b33d-66df2727a46f,USR_10321,ORD_100142,2026-06-13 09:37:00,108.34,DMA_139_RICHMOND
36cb306f-f9a3-4298-a432-3eeea6f8d9dd,USR_10327,ORD_100143,2026-02-26 18:00:00,182.67,DMA_149_TUCSON
95b874ff-b162-4577-8149-4d5db1abd312,USR_10329,ORD_100144,2026-02-03 22:46:00,52.74,DMA_122_SACRAMENTO
c882f0ff-f8d1-48bf-88db-914bc549ea15,USR_10331,ORD_100145,2026-01-08 20:00:00,84.04,DMA_127_CHARLOTTE
06ae573c-dbf9-486e-a932-a382418df574,USR_10332,ORD_100146,2026-02-27 01:00:00,189.18,DMA_118_TAMPA
4926608e-c5dc-4a79-ae4b-79a25403f277,USR_10333,ORD_100147,2026-03-29 17:00:00,90.3,DMA_126_ST_LOUIS
b45a5745-ee8a-4294-b250-7c775e24c531,USR_10337,ORD_100148,2026-05-25 22:00:00,92.59,DMA_136_RALEIGH
a458067c-1b50-42eb-8fd6-15fc34310583,USR_10339,ORD_100149,2026-04-25 07:46:00,70.82,DMA_122_SACRAMENTO
75fa1222-ef78-4171-9fa3-1e18383072cc,USR_10340,ORD_100150,2026-06-16 02:00:00,122.57,DMA_139_RICHMOND
43e6b877-6db6-46bb-a5c3-1621d0cebf6b,USR_10343,ORD_100151,2026-04-01 05:00:00,109.88,DMA_145_BIRMINGHAM
622ff5d5-9028-404b-9d46-c820fe331bf7,USR_10351,ORD_100152,2026-06-10 01:00:00,57.45,DMA_146_ROCHESTER
029e71f7-c5ee-4c2b-aae8-7a1dc6d0b915,USR_10352,ORD_100153,2026-03-26 15:34:00,140.4,DMA_108_BOSTON
daf07251-058d-456e-a876-aeb943999b95,USR_10353,ORD_100154,2026-04-12 05:00:00,152.43,DMA_128_NASHVILLE
31518509-6cd9-430d-b81c-4ad3d8dc55cc,USR_10354,ORD_100155,2026-01-03 21:20:00,28.07,DMA_132_SAN_ANTONIO
b7269218-ea4d-4392-bcf3-1edb3bbed75f,USR_10355,ORD_100156,2026-02-22 05:00:00,214.13,DMA_139_RICHMOND
ce216f3e-a3a6-421a-ae5f-083236f174d8,USR_10357,ORD_100157,2026-06-22 16:00:00,221.72,DMA_133_KANSAS_CITY
97f7e3b4-4f06-4255-9507-1651e1472851,USR_10358,ORD_100158,2026-02-19 07:00:00,94.11,DMA_111_PHOENIX
6b3a0029-d030-446a-bc2b-4281a341b35b,USR_10362,ORD_100159,2026-02-03 03:06:00,66.2,DMA_124_PORTLAND
7176945e-9104-4171-b11a-e486e68edf7c,USR_10363,ORD_100160,2026-05-25 18:00:00,145.16,DMA_112_PHILADELPHIA
f019b4ac-98ff-4cb5-bfe0-6b6b7e97ee20,USR_10367,ORD_100161,2026-06-07 16:00:00,41.15,DMA_123_PITTSBURGH
4618cc03-731a-425c-bf08-5ade75e4c4cb,USR_10368,ORD_100162,2026-04-09 12:44:00,93.21,DMA_102_CHICAGO
ae010c32-86aa-462a-a88b-9d0b2a3a1e67,USR_10369,ORD_100163,2026-05-14 09:50:00,80.1,DMA_141_NEW_ORLEANS
4d69cda3-1f2b-4134-82f7-74f5f405e121,USR_10370,ORD_100164,2026-01-15 05:45:00,41.68,DMA_138_MEMPHIS
55b3bd66-64d2-4d4a-8222-ffe943c82368,USR_10371,ORD_100165,2026-05-01 15:00:00,86.69,DMA_131_INDIANAPOLIS
df8941f0-3f7a-4613-9cbc-5860e247e474,USR_10373,ORD_100166,2026-05-28 00:21:00,107.51,DMA_125_LAS_VEGAS
b710833f-9961-4cfe-954b-f11c8cfe8bb8,USR_10374,ORD_100167,2026-04-15 16:11:00,44.36,DMA_111_PHOENIX
70ee3e99-3394-43ca-b6d7-802e2ba6a40e,USR_10375,ORD_100168,2026-01-19 16:23:00,50.43,DMA_135_MILWAUKEE
28ab2d0d-e4af-4ccf-b188-ca0ee2ee2ed5,USR_10376,ORD_100169,2026-01-30 16:21:00,32.56,DMA_121_CLEVELAND
79036c93-5e0f-47a4-a71f-98179f9db785,USR_10377,ORD_100170,2026-06-13 00:00:00,80.24,DMA_134_CINCINNATI
e97c1e5e-9f59-4d91-b1aa-dc41e9797da8,USR_10380,ORD_100171,2026-06-08 11:14:00,86.25,DMA_115_HOUSTON
e9440da7-3dd8-40c9-9722-c1fca716bc61,USR_10381,ORD_100172,2026-01-28 03:10:00,121.79,DMA_149_TUCSON
94b4ee80-2c46-478e-bbbb-4816bd02f65e,USR_10384,ORD_100173,2026-05-03 17:07:00,102.07,DMA_127_CHARLOTTE
7cb8b65e-6127-438e-ab2c-7d04f916a4ca,USR_10386,ORD_100174,2026-01-26 10:28:00,48.9,DMA_137_OKLAHOMA_CITY
7af7cccb-54a0-4164-85d5-528600d1a282,USR_10387,ORD_100175,2026-03-21 17:00:00,76.32,DMA_139_RICHMOND
d57bcf2b-7893-4da4-be06-464eeff0a431,USR_10389,ORD_100176,2026-05-26 00:00:00,22.62,DMA_140_LOUISVILLE
80120741-b59f-497c-b784-16780b78400b,USR_10392,ORD_100177,2026-03-16 22:22:00,102.07,DMA_120_BALTIMORE
9b19e8ea-5405-4680-921d-629b5bd2443f,USR_10396,ORD_100178,2026-06-08 04:10:00,40.69,DMA_116_DETROIT
187b9a95-9af6-4635-a096-b1071c8f106f,USR_10397,ORD_100179,2026-04-19 08:00:00,34.33,DMA_141_NEW_ORLEANS
f4caf64a-80a4-4612-afb2-b3affd5ebd13,USR_10398,ORD_100180,2026-06-19 18:00:00,101.71,DMA_111_PHOENIX
4a1a4165-a684-49a4-8a94-46c1aa19a16a,USR_10399,ORD_100181,2026-03-03 23:00:00,61.07,DMA_123_PITTSBURGH
d865a9df-9f2e-48f7-a786-b79c0d1b129d,USR_10400,ORD_100182,2026-01-27 09:22:00,38.83,DMA_111_PHOENIX
b35f4f57-9ad0-484a-a4c5-aa1ed4ecb2bd,USR_10406,ORD_100183,2026-06-13 09:17:00,218.58,DMA_130_COLUMBUS
706fedca-9cb5-454d-ac75-ecba6137885e,USR_10408,ORD_100184,2026-02-21 20:00:00,165.46,DMA_100_SAN_FRANCISCO
d4feba87-aaef-469b-bfa6-5c5617d4be74,USR_10409,ORD_100185,2026-03-28 20:08:00,43.04,DMA_139_RICHMOND
056b515d-3fa2-4291-a1a7-751e28370dfc,USR_10412,ORD_100186,2026-05-07 07:00:00,39.26,DMA_145_BIRMINGHAM
3be17d44-d894-4b62-892b-ddaedcaa7789,USR_10415,ORD_100187,2026-05-11 10:00:00,60.92,DMA_106_AUSTIN
6c149e12-7333-4ccc-a576-a990dc8ac775,USR_10416,ORD_100188,2026-04-30 20:08:00,52.27,DMA_105_SEATTLE
c8b22229-8e64-4453-a269-52847a846271,USR_10417,ORD_100189,2026-06-07 05:00:00,92.68,DMA_123_PITTSBURGH
e3864bba-2e45-49b4-9652-4f3614a1b6b4,USR_10418,ORD_100190,2026-05-20 23:00:00,54.68,DMA_125_LAS_VEGAS
992a980e-eb82-4acf-92e5-766da57912c6,USR_10420,ORD_100191,2026-03-12 17:37:00,81.05,DMA_149_TUCSON
26fb940d-2610-4d54-a3f6-bee54d9065b0,USR_10423,ORD_100192,2026-01-26 19:00:00,85.55,DMA_113_SAN_DIEGO
376ea78b-40af-4db2-8adc-01dadc9fb116,USR_10424,ORD_100193,2026-02-08 10:37:00,86.85,DMA_136_RALEIGH
058ecd1e-292f-41f0-b33b-4f74583889f6,USR_10427,ORD_100194,2026-02-19 22:00:00,101.95,DMA_125_LAS_VEGAS
aa78ca1b-1fd9-4a30-bd2e-198cf49f1cd5,USR_10429,ORD_100195,2026-06-07 14:44:00,45.53,DMA_122_SACRAMENTO
0b8fbdf5-0ff4-4bb2-8dde-0f6a176c442b,USR_10431,ORD_100196,2026-01-26 06:00:00,30.48,DMA_146_ROCHESTER
728e92b3-49b9-4bdc-b18c-6180db28ea18,USR_10432,ORD_100197,2026-03-08 17:35:00,31.12,DMA_133_KANSAS_CITY
c8f83c81-c127-4cec-b16a-0b378d85703d,USR_10434,ORD_100198,2026-06-08 08:08:00,99.37,DMA_144_PROVIDENCE
2d0451fe-7dc0-4481-8240-43bc1b36884f,USR_10437,ORD_100199,2026-04-28 17:50:00,43.37,DMA_132_SAN_ANTONIO
07b3bd79-7f93-4b24-8fcb-599059be5bb3,USR_10438,ORD_100200,2026-01-11 07:38:00,55.02,DMA_101_NEW_YORK
f4108b29-5e75-4939-ab2c-c63770fd72d9,USR_10440,ORD_100201,2026-03-14 21:00:00,62.73,DMA_119_ORLANDO
264fe658-a812-433e-a29a-3ca10942ca68,USR_10445,ORD_100202,2026-06-16 02:00:00,142.05,DMA_136_RALEIGH
7ffe15c8-61bb-4e6f-be97-14d87abced9b,USR_10446,ORD_100203,2026-04-28 10:00:00,99.67,DMA_117_MINNEAPOLIS
5af3be71-d97f-4ac2-bfce-86c1f4a185d3,USR_10447,ORD_100204,2026-06-02 17:38:00,69.73,DMA_136_RALEIGH
5d891588-3654-4b25-9bd5-eeda99b1147a,USR_10448,ORD_100205,2026-01-10 16:11:00,85.12,DMA_141_NEW_ORLEANS
66ffb6c8-70a6-49ed-85b1-8e7347f4b435,USR_10450,ORD_100206,2026-05-13 20:08:00,146.95,DMA_124_PORTLAND
9c11ca62-c574-4c44-9026-cc277cbbeb9b,USR_10452,ORD_100207,2026-02-23 04:00:00,74.36,DMA_133_KANSAS_CITY
84e5bc8a-32bc-4f25-8117-99cb27301b16,USR_10456,ORD_100208,2026-03-14 00:00:00,74.33,DMA_131_INDIANAPOLIS
126bf066-066f-46ce-b1fd-1a1fa2b9e883,USR_10458,ORD_100209,2026-02-14 22:00:00,77.47,DMA_108_BOSTON
5c4d97a9-b8ad-4d9d-96ad-8f4a9e88aadf,USR_10459,ORD_100210,2026-01-06 11:00:00,196.49,DMA_112_PHILADELPHIA
106a3a62-77a1-40a1-91bb-bbf8508d6599,USR_10461,ORD_100211,2026-02-11 08:00:00,91.02,DMA_100_SAN_FRANCISCO
c73cf51b-f205-441d-bf54-1800ab8d715f,USR_10462,ORD_100212,2026-03-28 04:00:00,246.13,DMA_143_HARTFORD
cde3c8d5-a675-409f-9c9a-7e9654af2822,USR_10464,ORD_100213,2026-03-16 00:00:00,153.77,DMA_102_CHICAGO
980e5a88-2edc-4221-a23d-73b1be327f6d,USR_10466,ORD_100214,2026-02-06 03:57:00,69.95,DMA_120_BALTIMORE
ad7aae49-beae-4f88-bc6f-f7f65f021a40,USR_10469,ORD_100215,2026-03-29 02:00:00,110.29,DMA_134_CINCINNATI
fb3fc08b-9ce1-4197-9555-824770ab5ab4,USR_10474,ORD_100216,2026-06-14 22:54:00,54.18,DMA_119_ORLANDO
8a357b21-0e85-462b-9eac-2a0510343a41,USR_10475,ORD_100217,2026-05-10 00:00:00,148.15,DMA_129_SALT_LAKE_CITY
9444808e-863c-4dd5-834a-e51b5e9fe8fd,USR_10476,ORD_100218,2026-05-11 03:30:00,43.47,DMA_108_BOSTON
9852efa3-ac41-407c-997b-e75fd7d3b4aa,USR_10480,ORD_100219,2026-06-14 02:00:00,194.84,DMA_137_OKLAHOMA_CITY
f8565f19-075c-4d36-b950-09d026367d2f,USR_10481,ORD_100220,2026-03-19 13:50:00,53.39,DMA_143_HARTFORD
bf9b20f4-d8ab-4d46-beb6-f8d65e09eff6,USR_10482,ORD_100221,2026-01-28 01:00:00,160.5,DMA_122_SACRAMENTO
f813c682-8a02-45ce-b00b-57baeb14ae29,USR_10486,ORD_100222,2026-02-20 21:00:00,161.44,DMA_105_SEATTLE
ddfd0383-b63d-4c7a-bf44-183c4b7652ba,USR_10487,ORD_100223,2026-05-26 19:00:00,30.96,DMA_109_DENVER
d0b1c1b7-7365-498c-9555-6516b8ce3fea,USR_10490,ORD_100224,2026-03-08 22:20:00,140.9,DMA_111_PHOENIX
e4b322be-9016-42f6-9482-4136214fa787,USR_10494,ORD_100225,2026-05-17 07:29:00,162.57,DMA_130_COLUMBUS
8f684d8d-91ba-4bb4-a656-8f35b57ea7b1,USR_10497,ORD_100226,2026-06-06 20:59:00,89.58,DMA_127_CHARLOTTE
76aec259-2bdd-4afc-bc6d-a4074ce0886d,USR_10500,ORD_100227,2026-03-11 21:00:00,100.52,DMA_118_TAMPA
86e26c4d-d2c1-4935-bab6-1a29c4054667,USR_10503,ORD_100228,2026-04-08 12:26:00,70.11,DMA_103_LOS_ANGELES
de2916fc-f1e4-46e3-98a8-2e4be42ce49c,USR_10506,ORD_100229,2026-01-19 18:51:00,237.3,DMA_104_DALLAS
137535a1-82de-4fd5-839c-a2730a510598,USR_10507,ORD_100230,2026-05-10 18:00:00,123.27,DMA_116_DETROIT
638a4c3b-7d88-4357-b799-6de3e74f61ef,USR_10508,ORD_100231,2026-03-16 20:17:00,113.92,DMA_148_ALBUQUERQUE
1102042b-3dd5-435b-b091-00cd7ac0c884,USR_10509,ORD_100232,2026-05-22 01:29:00,49.83,DMA_111_PHOENIX
fff4b42e-ce8b-4dc3-8644-6015571cd713,USR_10510,ORD_100233,2026-03-05 20:00:00,150.11,DMA_142_BUFFALO
d39ed306-480c-4638-a360-810ad52f9fa2,USR_10512,ORD_100234,2026-01-17 05:00:00,22.37,DMA_140_LOUISVILLE
9e6ec529-81de-442f-ba80-281042ecb667,USR_10513,ORD_100235,2026-04-20 18:00:00,73.59,DMA_147_GREENVILLE
516eff90-e294-489a-b8d0-1fd641697cc8,USR_10514,ORD_100236,2026-06-03 20:00:00,245.04,DMA_123_PITTSBURGH
88bdf149-c304-41c1-8c42-c14f4a6a0c94,USR_10516,ORD_100237,2026-02-23 08:08:00,66.46,DMA_140_LOUISVILLE
3b6a579d-1476-4202-9708-fc4fb03523f6,USR_10517,ORD_100238,2026-02-10 14:00:00,40.79,DMA_112_PHILADELPHIA
9bbba42b-075f-4fd5-9268-d5364ffa5eef,USR_10519,ORD_100239,2026-02-04 17:00:00,272.97,DMA_114_SAN_JOSE
e5c7e2cd-ffe9-4cd3-9639-49f06b310964,USR_10520,ORD_100240,2026-06-06 05:41:00,117.13,DMA_140_LOUISVILLE
4a12c700-0ece-4623-a7a0-6705eec63ea7,USR_10522,ORD_100241,2026-04-21 00:00:00,44.72,DMA_146_ROCHESTER
60d0d807-2d77-4546-bf66-1069a9838b06,USR_10526,ORD_100242,2026-03-17 07:46:00,61.42,DMA_122_SACRAMENTO
d9160864-dca4-4504-9581-139fc0777c72,USR_10528,ORD_100243,2026-06-15 18:00:00,84.02,DMA_123_PITTSBURGH
d364788d-4700-466d-8a08-ce971faa9148,USR_10529,ORD_100244,2026-01-15 16:48:00,72.06,DMA_147_GREENVILLE
2684c2a0-dbc7-4580-a099-896426f9a7dc,USR_10530,ORD_100245,2026-01-14 03:29:00,241.04,DMA_123_PITTSBURGH
4b224620-022f-4315-8fa0-a7edfd25aa32,USR_10531,ORD_100246,2026-04-30 19:07:00,38.34,DMA_123_PITTSBURGH
e03883d0-309c-44f3-b428-96c88d28d944,USR_10535,ORD_100247,2026-03-22 01:00:00,190.12,DMA_111_PHOENIX
f9b26823-d810-47f3-b856-4c04313f529f,USR_10536,ORD_100248,2026-04-24 23:46:00,23.65,DMA_126_ST_LOUIS
5de1056b-0810-425d-ba28-ba6693aa63d0,USR_10537,ORD_100249,2026-03-16 06:09:00,32.99,DMA_101_NEW_YORK
a8ec24f4-d4e5-4200-a20d-eede91a463b4,USR_10539,ORD_100250,2026-02-11 07:00:00,56.45,DMA_136_RALEIGH
0a985f08-a1d1-43e6-9a2f-1d77e71fa009,USR_10540,ORD_100251,2026-01-11 10:41:00,85.0,DMA_107_ATLANTA
0f59a715-1b03-4ee4-9717-e3e2cd1f30e1,USR_10542,ORD_100252,2026-05-19 05:39:00,45.32,DMA_128_NASHVILLE
91e02f9c-9e2f-4aa1-8800-70756b3a1470,USR_10543,ORD_100253,2026-02-15 23:00:00,138.8,DMA_119_ORLANDO
e9b34e46-07af-4976-8498-6c9927075eb7,USR_10544,ORD_100254,2026-03-13 06:06:00,37.92,DMA_114_SAN_JOSE
ab0632da-6946-4144-af16-f57c799a2cfc,USR_10545,ORD_100255,2026-05-18 14:48:00,51.3,DMA_105_SEATTLE
b1f9fff5-49e9-4c66-923f-1d56600a4973,USR_10547,ORD_100256,2026-05-08 21:00:00,120.74,DMA_109_DENVER
1a54e14f-cb4f-4bbc-991d-efcb0a468fc3,USR_10548,ORD_100257,2026-04-29 22:41:00,100.18,DMA_135_MILWAUKEE
9526d54a-b428-46fc-8031-f3fc65fbdcdb,USR_10551,ORD_100258,2026-06-17 02:00:00,51.2,DMA_140_LOUISVILLE
97bba1a5-e51d-4f84-bd2c-28758095c94a,USR_10553,ORD_100259,2026-05-08 14:00:00,128.49,DMA_120_BALTIMORE
6c70e3ed-6296-4cb5-9471-35ad9e12c200,USR_10554,ORD_100260,2026-03-19 08:48:00,57.12,DMA_120_BALTIMORE
207b394c-372b-4420-93f0-d500906d4f30,USR_10555,ORD_100261,2026-04-03 03:39:00,78.5,DMA_144_PROVIDENCE
eb50c292-fe83-4681-a5ca-35e1c8e49f45,USR_10556,ORD_100262,2026-04-08 08:00:00,42.49,DMA_137_OKLAHOMA_CITY
9754a671-83d8-4959-9276-cf5cdd34b663,USR_10559,ORD_100263,2026-02-28 23:00:00,58.99,DMA_108_BOSTON
f92f98a3-4adf-429b-895f-76b9a35f6716,USR_10561,ORD_100264,2026-03-03 02:00:00,38.66,DMA_112_PHILADELPHIA
05400098-954e-458a-8825-21dbcc0a0cda,USR_10563,ORD_100265,2026-06-01 23:00:00,25.81,DMA_107_ATLANTA
98514859-8a23-4b0a-ac6e-ad741596a0ba,USR_10564,ORD_100266,2026-04-29 04:00:00,249.1,DMA_125_LAS_VEGAS
88ddd4d9-c8c0-428c-9edf-cc06a186cd5a,USR_10567,ORD_100267,2026-05-08 07:45:00,65.44,DMA_131_INDIANAPOLIS
617a4112-167a-48ef-b029-d13234930690,USR_10570,ORD_100268,2026-05-22 06:00:00,174.51,DMA_118_TAMPA
c876b245-7df3-4380-a578-d19b3b0d20a8,USR_10571,ORD_100269,2026-05-06 21:40:00,77.78,DMA_136_RALEIGH
a1d26e94-77c6-4900-b635-1c9c06977625,USR_10573,ORD_100270,2026-04-20 00:00:00,32.26,DMA_137_OKLAHOMA_CITY
568c730f-97bb-4f7b-ad1c-599690c2150d,USR_10574,ORD_100271,2026-01-17 09:12:00,35.01,DMA_144_PROVIDENCE
2b1a8930-3c4a-4c58-b939-232a89671286,USR_10575,ORD_100272,2026-02-27 02:00:00,95.63,DMA_121_CLEVELAND
021bc58c-def4-4a65-bee7-f845443111a9,USR_10576,ORD_100273,2026-04-04 13:17:00,29.52,DMA_119_ORLANDO
bb291949-4e7c-4425-8450-67adc592c230,USR_10580,ORD_100274,2026-05-28 23:00:00,125.35,DMA_148_ALBUQUERQUE
06bb4c16-0d8b-4869-9f5c-e3509c79e01a,USR_10581,ORD_100275,2026-02-08 23:48:00,75.79,DMA_115_HOUSTON
8be5ca89-a08c-4dc1-907c-92f42937597d,USR_10584,ORD_100276,2026-04-19 20:07:00,109.0,DMA_127_CHARLOTTE
6e966445-fadf-4379-9317-de60734cfa96,USR_10586,ORD_100277,2026-02-19 09:00:00,113.31,DMA_135_MILWAUKEE
d2e17fea-c4ec-4db3-be38-e2d05edc548c,USR_10587,ORD_100278,2026-03-02 03:41:00,20.39,DMA_108_BOSTON
852dc230-a7be-454d-b54b-e6ba414a175c,USR_10588,ORD_100279,2026-05-09 03:38:00,56.04,DMA_147_GREENVILLE
a15da6c6-b9ea-4591-9703-0502ba7728ea,USR_10590,ORD_100280,2026-04-19 18:00:00,101.41,DMA_137_OKLAHOMA_CITY
9fc4822c-3358-44e7-b226-64700192e984,USR_10591,ORD_100281,2026-03-24 12:00:00,51.73,DMA_115_HOUSTON
bb9366b6-6fe5-429c-87d9-7122127eb56f,USR_10593,ORD_100282,2026-06-20 15:00:00,40.0,DMA_149_TUCSON
4d124c35-732f-4a88-9129-13f600aefec9,USR_10599,ORD_100283,2026-02-22 23:00:00,63.73,DMA_116_DETROIT
46da24f1-6e7a-4525-9060-f5174fc48d02,USR_10602,ORD_100284,2026-03-16 02:00:00,96.85,DMA_121_CLEVELAND
582f6eee-0054-4f09-b1df-19c2b5849f27,USR_10604,ORD_100285,2026-03-09 19:58:00,72.96,DMA_118_TAMPA
430fc777-9a05-4ab9-bd7e-1776c7d26c3f,USR_10607,ORD_100286,2026-05-06 11:00:00,73.63,DMA_110_MIAMI
e8f39462-63bd-49e4-b883-5fae9c86ec6e,USR_10608,ORD_100287,2026-02-22 19:00:00,121.49,DMA_111_PHOENIX
4a66773d-fce1-47af-b2c1-65fb05fed1e9,USR_10610,ORD_100288,2026-06-03 22:00:00,123.91,DMA_146_ROCHESTER
16db0173-13ec-4744-8648-8b10a2c08298,USR_10612,ORD_100289,2026-04-17 05:00:00,40.79,DMA_106_AUSTIN
ae19685f-ad59-4241-96ed-e89af362d327,USR_10620,ORD_100290,2026-02-09 18:00:00,78.59,DMA_108_BOSTON
c4ae25d7-10b7-4b98-b69b-6ececd88ce6b,USR_10622,ORD_100291,2026-01-25 03:00:00,147.1,DMA_121_CLEVELAND
2f331145-08af-4abd-be64-2c82bb35367b,USR_10623,ORD_100292,2026-05-31 21:26:00,71.3,DMA_114_SAN_JOSE
f1619a58-770e-4f5b-9f1b-30716ed1c096,USR_10625,ORD_100293,2026-06-20 15:00:00,87.91,DMA_110_MIAMI
89c95325-c694-480e-ae72-63006312e0fc,USR_10628,ORD_100294,2026-05-16 12:00:00,135.49,DMA_144_PROVIDENCE
f029910e-e9ae-42de-9839-92e817c66be0,USR_10630,ORD_100295,2026-02-01 06:33:00,33.03,DMA_108_BOSTON
4bc80a56-c533-41fe-b480-5dcf4c8f6da6,USR_10631,ORD_100296,2026-01-02 07:58:00,85.67,DMA_126_ST_LOUIS
2f7dff01-b16b-4b9c-b53c-2bcbcd5a1626,USR_10632,ORD_100297,2026-03-29 09:37:00,39.6,DMA_130_COLUMBUS
0fe07e1f-24c1-432a-a5b8-39e980b04aae,USR_10634,ORD_100298,2026-05-16 13:55:00,126.34,DMA_148_ALBUQUERQUE
3f0258a2-5467-4f3f-b2d4-e6e326b83f30,USR_10635,ORD_100299,2026-02-20 23:00:00,214.47,DMA_114_SAN_JOSE
1cf4bc05-f82f-4d3d-bb0b-054ded2ae7da,USR_10636,ORD_100300,2026-06-27 20:00:00,101.28,DMA_128_NASHVILLE
93e2abe6-ec4e-4e06-851d-3071563ee66b,USR_10640,ORD_100301,2026-04-28 21:00:00,138.11,DMA_145_BIRMINGHAM
2377da60-73b1-4218-bf8f-acb2bf127e3b,USR_10643,ORD_100302,2026-04-14 21:00:00,92.59,DMA_107_ATLANTA
dca281f7-75df-420c-b1f4-39c159433d6a,USR_10645,ORD_100303,2026-02-20 05:00:00,357.57,DMA_128_NASHVILLE
994f08fe-5260-4d5e-b9d5-e0c49bac37de,USR_10649,ORD_100304,2026-03-28 20:00:00,72.41,DMA_139_RICHMOND
c2be30ff-3142-451f-a0bf-864f3195fa96,USR_10650,ORD_100305,2026-06-09 00:00:00,53.33,DMA_115_HOUSTON
c6c5a8bd-cd78-404e-9702-0b63b53de3cf,USR_10651,ORD_100306,2026-02-02 09:41:00,99.17,DMA_141_NEW_ORLEANS
c4bf235e-8215-4889-b7d8-deb7f7f46c25,USR_10652,ORD_100307,2026-05-07 23:00:00,49.22,DMA_126_ST_LOUIS
36a166ad-dcf7-4676-9906-83fffc7e328c,USR_10653,ORD_100308,2026-04-17 12:00:00,47.92,DMA_116_DETROIT
506b11ae-5d0d-41d9-a865-3d4a77fe3be6,USR_10654,ORD_100309,2026-03-24 10:18:00,25.36,DMA_142_BUFFALO
4a2a897d-c6c0-450a-a75d-d017243e2b53,USR_10656,ORD_100310,2026-01-11 11:00:00,43.62,DMA_130_COLUMBUS
20994d05-c5a9-4e12-ac61-569de0dd7968,USR_10659,ORD_100311,2026-04-03 01:22:00,109.09,DMA_131_INDIANAPOLIS
15931317-16ed-42b3-b7a5-a06eba6956fd,USR_10663,ORD_100312,2026-04-27 00:32:00,59.92,DMA_135_MILWAUKEE
c454bb46-c4cf-419d-a2df-4df273774f5f,USR_10665,ORD_100313,2026-01-20 02:00:00,99.47,DMA_133_KANSAS_CITY
06dcc3c1-4321-4839-b722-5801cf89a034,USR_10668,ORD_100314,2026-06-03 12:00:00,120.96,DMA_128_NASHVILLE
95e0f300-cccf-4e4d-87bc-3cdb1ad97613,USR_10669,ORD_100315,2026-01-15 17:08:00,48.83,DMA_143_HARTFORD
6396d0a9-960d-4cc1-b405-789588ca04dc,USR_10671,ORD_100316,2026-06-21 21:00:00,64.5,DMA_138_MEMPHIS
9cdd3bc5-2f0e-45a9-a4a4-9f46caefc2f3,USR_10672,ORD_100317,2026-04-02 09:42:00,55.33,DMA_132_SAN_ANTONIO
a926c5a6-3b2c-4f66-a0b8-725ce3399d10,USR_10675,ORD_100318,2026-02-21 02:26:00,37.09,DMA_140_LOUISVILLE
f061db12-83da-4427-9fe3-aea3a70f2ca2,USR_10677,ORD_100319,2026-05-12 04:00:00,101.67,DMA_102_CHICAGO
fe794cd9-7909-40e7-baa8-a1859999fbda,USR_10680,ORD_100320,2026-03-04 05:17:00,31.25,DMA_135_MILWAUKEE
3845aad6-a8e4-4cb0-8590-a5cdd23808ea,USR_10682,ORD_100321,2026-04-09 20:00:00,124.72,DMA_107_ATLANTA
164cba6b-be23-4909-8e99-ebd096c43e4e,USR_10684,ORD_100322,2026-06-07 02:15:00,114.64,DMA_142_BUFFALO
142a6af2-b87c-410a-b3ea-e3792ca13316,USR_10685,ORD_100323,2026-04-27 12:00:00,39.35,DMA_132_SAN_ANTONIO
0c303920-eec8-473b-9cc5-d78ca277ca16,USR_10688,ORD_100324,2026-01-07 05:33:00,46.27,DMA_124_PORTLAND
b596fe47-9955-44d5-9177-b43727e2b8f1,USR_10689,ORD_100325,2026-03-12 17:00:00,65.99,DMA_114_SAN_JOSE
b2f06e75-b538-4789-b4f1-62c2d7759c58,USR_10695,ORD_100326,2026-04-21 19:00:00,102.95,DMA_127_CHARLOTTE
e8b42ae7-e202-402b-9d11-7d2e785a7521,USR_10698,ORD_100327,2026-02-14 16:00:00,103.96,DMA_110_MIAMI
13c88be2-1fbf-4c3a-a7eb-449edc775b81,USR_10708,ORD_100328,2026-06-12 16:46:00,77.69,DMA_103_LOS_ANGELES
b37b8f22-592f-40a2-95fd-11ba403b27bd,USR_10711,ORD_100329,2026-02-12 23:15:00,61.34,DMA_142_BUFFALO
56598307-7652-41ae-a9ef-8e25efad939b,USR_10712,ORD_100330,2026-04-25 03:00:00,98.3,DMA_102_CHICAGO
e4e2ddb1-3316-4156-a862-81c0a5e40fc5,USR_10714,ORD_100331,2026-02-25 13:24:00,82.2,DMA_104_DALLAS
73263761-c379-49bf-ad1f-82051d3fbd96,USR_10716,ORD_100332,2026-03-25 20:49:00,81.47,DMA_138_MEMPHIS
84fda963-7d67-4ce8-be5b-e3e74226b468,USR_10717,ORD_100333,2026-02-12 00:00:00,100.95,DMA_124_PORTLAND
10171f86-ccab-4259-8cff-a978a1c2570d,USR_10719,ORD_100334,2026-06-12 03:00:00,92.56,DMA_146_ROCHESTER
cdd49989-288a-4565-9f42-079abdba352d,USR_10723,ORD_100335,2026-04-12 12:15:00,75.54,DMA_123_PITTSBURGH
18810b83-24b9-4899-88b3-9bfec2fb4643,USR_10725,ORD_100336,2026-02-28 19:00:00,231.94,DMA_146_ROCHESTER
a4b82cb7-5cc0-44b7-9e8a-b3c93e24410d,USR_10728,ORD_100337,2026-01-24 20:50:00,72.8,DMA_107_ATLANTA
9ce9b5fa-8c28-4a54-ae30-64f19ef22ccf,USR_10729,ORD_100338,2026-04-12 22:42:00,81.8,DMA_124_PORTLAND
d12579fb-a5ad-45ce-9d2d-fd723cb4cd8d,USR_10730,ORD_100339,2026-05-28 17:00:00,72.4,DMA_105_SEATTLE
eb18ecd7-dbc1-4830-8589-9100bf8a1265,USR_10732,ORD_100340,2026-05-02 08:00:00,99.96,DMA_107_ATLANTA
e2bceba3-455e-4355-91ff-40c92711eec6,USR_10734,ORD_100341,2026-05-14 00:29:00,80.12,DMA_113_SAN_DIEGO
6b2df2ff-516a-48c7-9102-1062f4e76327,USR_10735,ORD_100342,2026-05-14 08:36:00,51.27,DMA_138_MEMPHIS
9d014830-1997-4749-9cbb-c3a746eba37a,USR_10736,ORD_100343,2026-03-28 19:32:00,62.46,DMA_130_COLUMBUS
7cdd2620-a972-4268-8bdc-e827cebb412e,USR_10739,ORD_100344,2026-03-17 04:00:00,26.55,DMA_148_ALBUQUERQUE
5ac9f4e0-c5a8-402e-b070-d127b2efc705,USR_10740,ORD_100345,2026-05-16 20:00:00,43.04,DMA_135_MILWAUKEE
f4932c1b-4237-4097-b771-c9c173b4b770,USR_10743,ORD_100346,2026-04-15 15:00:00,80.91,DMA_120_BALTIMORE
b8066dcd-78c6-4a3e-9936-7352b534120e,USR_10744,ORD_100347,2026-05-18 14:25:00,116.85,DMA_100_SAN_FRANCISCO
b632da45-f16a-4ce3-a0d2-ae9dae41a9c8,USR_10745,ORD_100348,2026-04-02 10:00:00,197.62,DMA_109_DENVER
55b4706f-86ab-42b6-bc48-1b079562c664,USR_10747,ORD_100349,2026-03-14 09:49:00,92.31,DMA_146_ROCHESTER
70a3930c-42a3-4f02-85a4-9f7b6d229485,USR_10748,ORD_100350,2026-05-28 06:00:00,84.82,DMA_112_PHILADELPHIA
a5b85971-2bbb-492b-a8d8-3990946ecfaf,USR_10750,ORD_100351,2026-02-23 13:00:00,154.27,DMA_130_COLUMBUS
cf0ddf3e-4af0-4209-944e-11e5617fd216,USR_10751,ORD_100352,2026-04-17 13:00:00,79.52,DMA_111_PHOENIX
ebf2e9de-c560-4b5d-bf02-2766842bd899,USR_10752,ORD_100353,2026-03-11 13:00:00,94.12,DMA_132_SAN_ANTONIO
a53970a8-0075-49e7-b14a-2a18d10d5526,USR_10753,ORD_100354,2026-02-10 08:00:00,78.44,DMA_102_CHICAGO
c3a38a11-0f36-4f34-8ab2-cd4e261ea58f,USR_10757,ORD_100355,2026-04-13 14:10:00,79.15,DMA_110_MIAMI
37432377-78da-468d-91f4-0cce42576bce,USR_10762,ORD_100356,2026-01-26 12:19:00,83.8,DMA_100_SAN_FRANCISCO
bb26378c-2fd1-4fdd-9c26-cbb1a5242081,USR_10763,ORD_100357,2026-01-27 03:16:00,73.57,DMA_124_PORTLAND
ab7c676b-e1ad-4bb4-91a9-edf9bff5ed12,USR_10766,ORD_100358,2026-03-08 00:48:00,95.06,DMA_108_BOSTON
4e6711bd-04b4-4614-bed1-a5c3f9f5a7ac,USR_10767,ORD_100359,2026-02-09 21:13:00,47.55,DMA_132_SAN_ANTONIO
309e2563-fbdd-4161-9659-51ad34ec29d8,USR_10768,ORD_100360,2026-04-20 10:00:00,265.22,DMA_109_DENVER
bfe58149-d09a-48c2-aef5-2b508d287ac8,USR_10770,ORD_100361,2026-05-22 15:56:00,30.09,DMA_118_TAMPA
7b5e4e9e-3b6f-4c6f-a2ae-2e8573aefdaa,USR_10772,ORD_100362,2026-05-26 03:00:00,126.32,DMA_127_CHARLOTTE
6fb77607-038e-44de-be86-36039d189a55,USR_10774,ORD_100363,2026-04-28 10:24:00,61.16,DMA_139_RICHMOND
5481d11f-7a23-4e72-a722-d40d2451d549,USR_10777,ORD_100364,2026-05-05 03:00:00,59.57,DMA_123_PITTSBURGH
caafbb8b-cfe2-4c63-b0d8-577f875f3cf8,USR_10781,ORD_100365,2026-02-17 07:22:00,41.12,DMA_132_SAN_ANTONIO
8cf96b5b-17a7-487d-bca8-7b987040f60e,USR_10782,ORD_100366,2026-02-08 00:00:00,87.48,DMA_149_TUCSON
f9bf1df6-a7cc-47d7-b83b-0b9989941ec9,USR_10784,ORD_100367,2026-05-03 01:37:00,221.63,DMA_127_CHARLOTTE
2db3d147-2c81-4184-8585-9de8006dfe4e,USR_10787,ORD_100368,2026-05-01 08:43:00,65.94,DMA_118_TAMPA
a508b790-cf14-4917-ba66-a839708ac4bf,USR_10788,ORD_100369,2026-05-03 09:00:00,53.21,DMA_106_AUSTIN
586f1238-a4ba-4033-90fc-85d939ead491,USR_10789,ORD_100370,2026-02-04 02:00:00,92.07,DMA_128_NASHVILLE
492f9119-0756-47e9-bf1f-fa1582efdfd7,USR_10790,ORD_100371,2026-02-03 09:07:00,60.98,DMA_117_MINNEAPOLIS
271eb33d-2199-4eda-ab38-8bceba5b3782,USR_10791,ORD_100372,2026-01-16 22:17:00,46.25,DMA_136_RALEIGH
2e1deb5c-a974-480a-bcce-f86b92787092,USR_10795,ORD_100373,2026-03-08 03:00:00,208.43,DMA_134_CINCINNATI
f399ce15-52a7-4473-bcb7-efb0adece4ea,USR_10796,ORD_100374,2026-03-25 02:50:00,105.88,DMA_123_PITTSBURGH
2f6a9345-73c6-4e6e-bdeb-4e3cb3599e8d,USR_10798,ORD_100375,2026-06-10 00:57:00,165.01,DMA_103_LOS_ANGELES
3f492104-7665-4688-9c67-7d480b33eb9f,USR_10802,ORD_100376,2026-02-25 14:00:00,111.58,DMA_129_SALT_LAKE_CITY
d21aba29-3674-46a7-92bf-0fd896f258d2,USR_10804,ORD_100377,2026-01-29 00:53:00,70.62,DMA_101_NEW_YORK
8d7aa99f-dcd1-4329-8f6c-a8ca8380d96a,USR_10810,ORD_100378,2026-01-29 07:11:00,107.24,DMA_110_MIAMI
d5af1023-bc6f-4110-b2c8-89a4f926bbaf,USR_10811,ORD_100379,2026-04-02 02:44:00,48.15,DMA_118_TAMPA
3f8281c7-e0a4-4617-b2db-0c9a080dd922,USR_10813,ORD_100380,2026-05-25 15:00:00,67.33,DMA_127_CHARLOTTE
8aea3187-90fc-4130-a3ce-461749b4b95b,USR_10815,ORD_100381,2026-03-04 05:00:00,123.19,DMA_108_BOSTON
6aa745d2-ffb2-48bd-bc1c-53c32c31aea6,USR_10820,ORD_100382,2026-01-19 00:00:00,63.8,DMA_104_DALLAS
55b5dd2a-713f-4660-98bc-69a51dfc08c8,USR_10824,ORD_100383,2026-06-14 12:57:00,51.88,DMA_141_NEW_ORLEANS
414a95fe-681b-4a68-930a-1289ef8ddab2,USR_10825,ORD_100384,2026-02-12 01:56:00,74.13,DMA_124_PORTLAND
c38c236b-fe40-49e2-8bf7-c471c9dee768,USR_10826,ORD_100385,2026-06-21 07:00:00,173.23,DMA_123_PITTSBURGH
c0714b6a-2f7c-4917-bb92-3e7af8e1dc47,USR_10829,ORD_100386,2026-03-29 16:00:00,84.23,DMA_112_PHILADELPHIA
fd34ee44-a272-4498-8da9-8a263aa03105,USR_10830,ORD_100387,2026-06-16 20:00:00,35.27,DMA_146_ROCHESTER
7091f8c7-ad67-4a43-b742-88e2b17a266e,USR_10835,ORD_100388,2026-01-09 13:00:00,299.18,DMA_135_MILWAUKEE
1b81e640-aade-428a-9391-9e2bc568e0c5,USR_10836,ORD_100389,2026-02-09 06:00:00,145.52,DMA_129_SALT_LAKE_CITY
c5c80133-aacf-4e5d-bdc9-5a9039b5009f,USR_10837,ORD_100390,2026-04-01 12:00:00,100.24,DMA_113_SAN_DIEGO
8a5223a5-3d1f-4d0e-a0e6-5ce4e7080630,USR_10841,ORD_100391,2026-05-29 19:14:00,85.37,DMA_142_BUFFALO
dd4b2e3e-3362-486c-a5cc-261864a8b6ba,USR_10842,ORD_100392,2026-03-23 00:14:00,75.97,DMA_120_BALTIMORE
d8fcd553-f5aa-43c4-b5d3-dfa329542709,USR_10843,ORD_100393,2026-02-17 06:00:00,88.65,DMA_129_SALT_LAKE_CITY
d336cf95-35f8-4d79-97a5-29397c5311b1,USR_10844,ORD_100394,2026-05-23 23:00:00,181.93,DMA_144_PROVIDENCE
84d8d88d-cc37-41e8-bc6e-9fd64f772c4f,USR_10846,ORD_100395,2026-05-04 03:00:00,23.56,DMA_129_SALT_LAKE_CITY
91e263e6-32b1-45a3-8854-e883bb79a3d6,USR_10848,ORD_100396,2026-04-11 20:21:00,75.01,DMA_136_RALEIGH
37fa2d9f-f321-4c9c-88ce-75df8400028c,USR_10849,ORD_100397,2026-02-17 07:00:00,41.4,DMA_135_MILWAUKEE
cd7cb8f6-9d5f-4cca-b0f7-8364c07095dd,USR_10851,ORD_100398,2026-01-27 03:34:00,119.15,DMA_137_OKLAHOMA_CITY
6eed1055-12ee-48b1-a5a3-b6111b42149a,USR_10854,ORD_100399,2026-05-01 12:00:00,25.61,DMA_101_NEW_YORK
b28496ad-f004-4bff-bf98-b9de04e089f6,USR_10856,ORD_100400,2026-03-07 03:00:00,104.85,DMA_130_COLUMBUS
b81a7a6e-c473-45da-838b-421689d5eff8,USR_10857,ORD_100401,2026-06-15 16:00:00,221.51,DMA_106_AUSTIN
6fcae49d-8014-4bdf-b17a-33bcd55c6067,USR_10858,ORD_100402,2026-01-03 22:26:00,102.01,DMA_120_BALTIMORE
b42112a9-7441-49e1-a543-c36d9004cf28,USR_10859,ORD_100403,2026-04-30 18:55:00,56.78,DMA_113_SAN_DIEGO
d4c5db8e-8ae9-48be-b11b-231a309506e1,USR_10864,ORD_100404,2026-06-12 10:00:00,312.95,DMA_141_NEW_ORLEANS
aac459da-739e-447b-bccd-2de3c616b894,USR_10865,ORD_100405,2026-03-24 22:51:00,64.34,DMA_106_AUSTIN
e88acdee-cdad-4c84-9d03-8382d1519d35,USR_10868,ORD_100406,2026-06-06 12:22:00,65.46,DMA_121_CLEVELAND
b86803f6-f85f-4912-8efc-06c49e33ec76,USR_10869,ORD_100407,2026-02-13 04:42:00,96.19,DMA_144_PROVIDENCE
403b9696-c2c3-4840-a0db-190b0d5a8701,USR_10870,ORD_100408,2026-02-12 05:00:00,85.76,DMA_129_SALT_LAKE_CITY
f1a40898-5f16-4843-9ed8-3582a31ca43b,USR_10872,ORD_100409,2026-02-18 15:11:00,71.5,DMA_124_PORTLAND
48a5d023-2d81-4b3d-a3f5-cf978995c220,USR_10878,ORD_100410,2026-02-19 09:17:00,83.62,DMA_127_CHARLOTTE
5c8ceaa0-55df-421e-bc4e-504b5f849ebf,USR_10879,ORD_100411,2026-02-15 19:22:00,116.06,DMA_125_LAS_VEGAS
768ca552-d44b-4777-8dff-7ab2a0234d70,USR_10880,ORD_100412,2026-06-15 12:00:00,48.23,DMA_133_KANSAS_CITY
9dd8e8c0-2284-4254-8e94-86fee0d3edd9,USR_10883,ORD_100413,2026-01-01 16:00:00,48.82,DMA_137_OKLAHOMA_CITY
2c3de99a-c819-4890-9b63-9636c0a4715b,USR_10885,ORD_100414,2026-05-15 16:15:00,173.65,DMA_114_SAN_JOSE
3508757a-2c79-45d4-ab30-b9b1c93c2e90,USR_10894,ORD_100415,2026-03-20 00:32:00,73.61,DMA_131_INDIANAPOLIS
56e7f48d-f326-4973-adc2-97577c41724c,USR_10896,ORD_100416,2026-02-14 10:00:00,117.86,DMA_117_MINNEAPOLIS
d41df643-c052-46ae-9e1b-ad7550d70cc0,USR_10898,ORD_100417,2026-03-27 12:00:00,56.66,DMA_112_PHILADELPHIA
f10a5b78-5ceb-4923-8807-4b29b5b0d3ca,USR_10901,ORD_100418,2026-01-22 01:22:00,77.35,DMA_103_LOS_ANGELES
23d946df-edb0-48ae-bf2d-8dba972f9380,USR_10903,ORD_100419,2026-06-05 11:00:00,109.16,DMA_109_DENVER
e3a24d3b-f010-43d3-88b9-c3839d196deb,USR_10907,ORD_100420,2026-02-16 22:00:00,115.95,DMA_129_SALT_LAKE_CITY
93ef71f6-fe58-4b33-9f5a-3e1ea683f73c,USR_10908,ORD_100421,2026-05-20 00:00:00,168.71,DMA_141_NEW_ORLEANS
1f04d7ac-3b67-4fff-a116-771e01cacb75,USR_10911,ORD_100422,2026-03-22 11:00:00,126.72,DMA_143_HARTFORD
caed613a-4fcc-4650-aa36-a592085aec76,USR_10913,ORD_100423,2026-01-19 18:10:00,61.16,DMA_124_PORTLAND
ed9e3f43-a041-4806-8239-efe917abf0f6,USR_10914,ORD_100424,2026-05-19 18:00:00,90.86,DMA_108_BOSTON
7df77cb0-1198-4fff-a266-c75e1e5be5d5,USR_10915,ORD_100425,2026-01-29 21:00:00,234.32,DMA_118_TAMPA
c4a639bf-e9b7-479a-9e17-092b98a4ffe3,USR_10916,ORD_100426,2026-05-10 04:00:00,54.15,DMA_115_HOUSTON
24d0050b-93ea-4361-a436-5a9d0e633d7e,USR_10917,ORD_100427,2026-03-12 08:00:00,61.35,DMA_132_SAN_ANTONIO
62d10436-d8f1-4d18-9a24-1fc362ee5f1e,USR_10918,ORD_100428,2026-04-12 11:00:00,40.7,DMA_139_RICHMOND
32f82c4c-9546-498d-96df-dbada5c0cca9,USR_10919,ORD_100429,2026-03-22 11:43:00,151.56,DMA_102_CHICAGO
386f1f1b-d3b9-4146-9796-dfc2c3a59478,USR_10922,ORD_100430,2026-03-26 02:00:00,164.99,DMA_145_BIRMINGHAM
1f977da5-8126-4a87-b0c8-57a2fc300c11,USR_10926,ORD_100431,2026-03-31 00:43:00,37.4,DMA_148_ALBUQUERQUE
c5c778b0-56ae-4682-bec1-737daab3f88e,USR_10927,ORD_100432,2026-04-04 21:00:00,35.89,DMA_148_ALBUQUERQUE
99b0c211-84be-4346-af27-0a5c30679233,USR_10935,ORD_100433,2026-04-23 18:25:00,97.46,DMA_132_SAN_ANTONIO
dccc2706-e09c-4944-a9e8-ef95793c7c37,USR_10936,ORD_100434,2026-05-31 14:00:00,106.56,DMA_102_CHICAGO
ef81d509-6262-441b-8f31-82fdaf5b48d8,USR_10938,ORD_100435,2026-06-09 00:15:00,60.68,DMA_118_TAMPA
0faa7ee2-8b64-454d-9084-70bd42582af8,USR_10939,ORD_100436,2026-01-12 09:14:00,87.93,DMA_123_PITTSBURGH
338989a2-4da4-46e3-950f-42c652866425,USR_10941,ORD_100437,2026-01-28 17:00:00,49.74,DMA_141_NEW_ORLEANS
b1b077f8-d6d5-4b7a-8dd6-8ed2ee1654af,USR_10944,ORD_100438,2026-06-07 15:00:00,46.43,DMA_126_ST_LOUIS
f22421a6-2de2-40cf-bace-f56ae8854a6f,USR_10947,ORD_100439,2026-04-06 22:00:00,49.92,DMA_121_CLEVELAND
51cd49ff-1867-4c74-8ef2-814f088e55ba,USR_10948,ORD_100440,2026-02-16 23:54:00,59.6,DMA_146_ROCHESTER
4f7e4e5b-8901-4224-a62c-69c5e9dfa567,USR_10950,ORD_100441,2026-04-27 12:25:00,167.89,DMA_141_NEW_ORLEANS
94d57560-95c9-42bc-b4fc-ed87ef7c9fb0,USR_10951,ORD_100442,2026-02-15 16:51:00,74.53,DMA_128_NASHVILLE
7b585030-75b8-4983-acfc-03c3ab58ec4a,USR_10953,ORD_100443,2026-05-28 17:00:00,88.96,DMA_136_RALEIGH
75126a54-2cfa-4afa-8dd5-354d48ee8518,USR_10956,ORD_100444,2026-03-13 23:47:00,87.9,DMA_108_BOSTON
d93dcdd2-3579-4c77-8251-1f25b24f2660,USR_10962,ORD_100445,2026-02-27 05:00:00,121.48,DMA_133_KANSAS_CITY
96926e67-7331-49df-b571-9f001f40f141,USR_10963,ORD_100446,2026-03-31 21:00:00,41.35,DMA_129_SALT_LAKE_CITY
88301fb8-1e1f-42ef-b86b-9afa7dec70c6,USR_10966,ORD_100447,2026-06-03 20:00:00,140.94,DMA_114_SAN_JOSE
72c0826d-031d-4f4f-a46e-9b4c50e65f5e,USR_10967,ORD_100448,2026-03-08 21:00:00,59.12,DMA_125_LAS_VEGAS
08be0cbd-1013-4d95-9626-e856aabab48f,USR_10969,ORD_100449,2026-05-31 15:00:00,60.09,DMA_147_GREENVILLE
dcd2bea3-ce33-41fd-97e0-7de4dbce5be9,USR_10973,ORD_100450,2026-01-22 03:40:00,76.67,DMA_140_LOUISVILLE
efb0805f-d58a-406d-b075-f25bc42110b5,USR_10976,ORD_100451,2026-03-16 02:00:00,187.68,DMA_100_SAN_FRANCISCO
2d6f1576-a35b-46d6-b861-49905bc2fa46,USR_10978,ORD_100452,2026-02-27 13:00:00,238.42,DMA_131_INDIANAPOLIS
62f59e17-39d4-4d7c-9ed2-c0c4188f2a11,USR_10979,ORD_100453,2026-01-30 12:00:00,85.37,DMA_130_COLUMBUS
8bdd1c5e-1af7-49ef-ba00-f85e956a6ba8,USR_10981,ORD_100454,2026-02-25 08:16:00,242.22,DMA_146_ROCHESTER
23841aca-8302-47a7-8842-36937a51ff77,USR_10983,ORD_100455,2026-06-14 05:00:00,246.32,DMA_149_TUCSON
0c7f043e-d1eb-49fe-8a1e-d36e4cbb45f5,USR_10986,ORD_100456,2026-02-15 01:00:00,50.56,DMA_122_SACRAMENTO
0936c905-fc89-4439-bd0f-b5161db92a68,USR_10987,ORD_100457,2026-04-30 21:27:00,88.63,DMA_123_PITTSBURGH
8f02a047-16dc-4cdd-b61e-04a1ba01c046,USR_10988,ORD_100458,2026-04-25 11:00:00,239.14,DMA_146_ROCHESTER
74ef5643-b34d-47e2-8ae8-0cf8406cccc6,USR_10989,ORD_100459,2026-06-15 08:46:00,49.86,DMA_102_CHICAGO
171abd5a-0825-48f6-9a80-62d2850452e9,USR_10990,ORD_100460,2026-04-22 05:00:00,48.97,DMA_130_COLUMBUS
22a0111e-8eee-4a86-89aa-9615a0659f78,USR_10991,ORD_100461,2026-01-25 03:00:00,91.88,DMA_140_LOUISVILLE
4c9f0099-8f63-405a-9414-5156aa0a85d5,USR_10992,ORD_100462,2026-01-16 02:17:00,45.38,DMA_142_BUFFALO
4f70f3bd-33ce-4081-9189-d41e35bdd946,USR_10994,ORD_100463,2026-01-09 13:00:00,167.11,DMA_147_GREENVILLE
ebbd1e68-9cef-4a51-8997-f7fc9f5288f9,USR_10997,ORD_100464,2026-03-24 06:00:00,96.07,DMA_128_NASHVILLE
17b1d90b-5c34-4b41-b1ad-7a14b62bbbca,USR_10998,ORD_100465,2026-06-16 11:00:00,136.59,DMA_124_PORTLAND
67045c39-b795-4dd2-a401-376302e5e36b,USR_11001,ORD_100466,2026-02-05 04:47:00,176.49,DMA_148_ALBUQUERQUE
e918418f-62ec-47db-b12d-87e6d385900d,USR_11004,ORD_100467,2026-02-09 21:40:00,40.64,DMA_115_HOUSTON
38b8a8ca-17ad-4c43-918e-9e674a962b49,USR_11006,ORD_100468,2026-04-07 14:50:00,91.35,DMA_142_BUFFALO
2476449d-231a-43c7-84a5-d94eb73bcf2e,USR_11009,ORD_100469,2026-03-15 11:00:00,173.26,DMA_111_PHOENIX
65973e19-54af-4420-a399-665617d2e5b9,USR_11011,ORD_100470,2026-01-17 21:00:00,129.73,DMA_125_LAS_VEGAS
b4ab3475-b376-41c9-939b-4851af98ad90,USR_11012,ORD_100471,2026-01-11 20:00:00,94.05,DMA_109_DENVER
1ec83f0f-4fe6-49c9-973b-789664359d48,USR_11016,ORD_100472,2026-01-21 10:45:00,98.5,DMA_132_SAN_ANTONIO
37d40377-7ad4-4835-a86c-7abfb63ae7dc,USR_11018,ORD_100473,2026-05-27 08:24:00,85.79,DMA_112_PHILADELPHIA
69dafaea-03f4-439c-a74b-2f7eedc0f65d,USR_11020,ORD_100474,2026-02-25 13:22:00,89.23,DMA_130_COLUMBUS
629a1fab-364f-4618-b87d-a7c43260486a,USR_11021,ORD_100475,2026-02-26 19:00:00,56.17,DMA_147_GREENVILLE
f033cf3c-0080-4645-b885-327ad52792df,USR_11022,ORD_100476,2026-01-25 07:19:00,34.27,DMA_120_BALTIMORE
5ec0b048-081a-456e-8b1d-853de0f33af2,USR_11025,ORD_100477,2026-05-08 06:00:00,46.43,DMA_122_SACRAMENTO
65c91e23-c19f-4c9b-86e9-88237dafef96,USR_11032,ORD_100478,2026-05-27 13:00:00,24.74,DMA_139_RICHMOND
27fe50a2-bc39-4469-b3b9-510e84c16c11,USR_11034,ORD_100479,2026-01-18 00:52:00,53.55,DMA_129_SALT_LAKE_CITY
691b65ee-4569-4299-9256-baabd56cfcc4,USR_11039,ORD_100480,2026-04-11 15:00:00,181.23,DMA_116_DETROIT
0cb62d1d-42c3-41ce-94c9-1cc8e4153061,USR_11040,ORD_100481,2026-02-24 18:24:00,36.82,DMA_101_NEW_YORK
c8a9c604-d91e-4de8-afe8-7f515bdea835,USR_11042,ORD_100482,2026-04-02 16:00:00,72.83,DMA_132_SAN_ANTONIO
6a9b91ba-45fd-4e61-90ce-687fd27b388b,USR_11046,ORD_100483,2026-03-19 01:18:00,228.71,DMA_133_KANSAS_CITY
0a7c2f0e-c9af-4a3a-9758-a3fedcb35b8a,USR_11048,ORD_100484,2026-02-20 03:39:00,57.39,DMA_130_COLUMBUS
eaebcc10-2ea8-406f-830d-c9d8dbbbd162,USR_11050,ORD_100485,2026-03-11 03:00:00,72.02,DMA_141_NEW_ORLEANS
8f51f48f-069e-47b6-966f-aca132443511,USR_11051,ORD_100486,2026-04-24 10:45:00,40.6,DMA_106_AUSTIN
5249d869-7518-4f60-b815-4508adc1e399,USR_11052,ORD_100487,2026-05-18 05:17:00,85.96,DMA_143_HARTFORD
113e73a4-8411-4143-a8d1-061d41eb4d90,USR_11053,ORD_100488,2026-02-06 23:00:00,92.98,DMA_149_TUCSON
8964d97c-21e9-46c3-aea9-0069659b79b4,USR_11054,ORD_100489,2026-04-12 08:00:00,15.91,DMA_110_MIAMI
cab4a83a-ee52-4301-9326-a178ad18bb47,USR_11055,ORD_100490,2026-03-07 09:58:00,77.22,DMA_145_BIRMINGHAM
3a97c9b4-09d5-431a-b971-a7ccea47e62c,USR_11057,ORD_100491,2026-02-08 22:00:00,225.53,DMA_117_MINNEAPOLIS
1e9cb016-4890-486b-8c65-fc0e7ef70d09,USR_11058,ORD_100492,2026-05-01 04:52:00,122.66,DMA_107_ATLANTA
ce3f4455-a6c6-49a0-bfa4-f2dab659f9c9,USR_11059,ORD_100493,2026-03-25 23:31:00,59.94,DMA_104_DALLAS
642b17a3-a0ca-4817-a5a1-30e8b48d16ef,USR_11060,ORD_100494,2026-02-08 18:24:00,140.52,DMA_109_DENVER
a0f5cafa-9392-4ebf-8238-7618272137f3,USR_11062,ORD_100495,2026-03-08 17:38:00,50.31,DMA_134_CINCINNATI
d42aaeb0-1fae-43d9-a3b2-82c80f431799,USR_11063,ORD_100496,2026-01-06 04:54:00,54.3,DMA_118_TAMPA
c056f9c0-629e-4247-aeaf-c3b0a1524a0f,USR_11064,ORD_100497,2026-02-03 10:00:00,107.93,DMA_149_TUCSON
479ad8da-2e0b-4dfe-851d-93815d7a5a47,USR_11065,ORD_100498,2026-01-09 17:00:00,48.72,DMA_127_CHARLOTTE
37692458-c900-45aa-a54a-e7457ccb8b23,USR_11070,ORD_100499,2026-04-28 15:00:00,121.48,DMA_120_BALTIMORE
a4c1f64f-e361-4c25-9fe1-7d41a630576d,USR_11071,ORD_100500,2026-03-30 00:00:00,355.39,DMA_112_PHILADELPHIA
7cd1d89f-b811-4f61-b22f-ec9730d07d48,USR_11072,ORD_100501,2026-02-18 06:10:00,62.54,DMA_126_ST_LOUIS
e8891d2a-2825-49f6-93fd-fffe38b876f7,USR_11073,ORD_100502,2026-04-03 15:21:00,109.36,DMA_132_SAN_ANTONIO
58309f2f-924b-4316-852f-249fb28dee7c,USR_11074,ORD_100503,2026-02-03 23:00:00,185.8,DMA_132_SAN_ANTONIO
3da6b3c2-e023-46bd-adb2-d53b2ae013ea,USR_11077,ORD_100504,2026-02-23 23:47:00,56.92,DMA_138_MEMPHIS
7e4893e5-0b21-4134-9df3-2faacaa464ef,USR_11078,ORD_100505,2026-04-20 09:00:00,71.17,DMA_118_TAMPA
85ff78bd-8481-470f-ae90-12ea6a902aa7,USR_11079,ORD_100506,2026-04-09 00:00:00,89.2,DMA_100_SAN_FRANCISCO
6dfa2ffb-a208-4a1c-b5b1-8efef753d313,USR_11081,ORD_100507,2026-01-22 23:11:00,31.83,DMA_142_BUFFALO
ed311ed9-ed6a-45c8-9686-80338d19b720,USR_11082,ORD_100508,2026-04-14 09:44:00,73.09,DMA_145_BIRMINGHAM
4db8ea33-9639-4036-899a-f2dea34a143a,USR_11083,ORD_100509,2026-03-18 01:00:00,89.19,DMA_106_AUSTIN
a487b46d-f326-46c0-bf17-1f7f49c378c7,USR_11084,ORD_100510,2026-05-04 11:17:00,89.09,DMA_130_COLUMBUS
d5005f22-3edc-4153-a968-970e41883dee,USR_11088,ORD_100511,2026-04-28 03:12:00,36.73,DMA_114_SAN_JOSE
eb27fefd-b697-456e-8832-611fdf3ffc11,USR_11089,ORD_100512,2026-03-24 11:00:00,87.88,DMA_135_MILWAUKEE
1007d6c8-2702-49b1-9270-2223d389ff67,USR_11092,ORD_100513,2026-06-11 15:00:00,53.26,DMA_146_ROCHESTER
2e09f222-d56b-4b25-92ed-39417c820b41,USR_11097,ORD_100514,2026-04-30 15:00:00,22.97,DMA_129_SALT_LAKE_CITY
95a3fbaa-a167-4da2-8e97-2b964581e3c8,USR_11099,ORD_100515,2026-02-11 03:00:00,135.2,DMA_117_MINNEAPOLIS
110f149c-66e6-4eb6-8793-0f25fb108eea,USR_11100,ORD_100516,2026-03-06 11:57:00,52.25,DMA_129_SALT_LAKE_CITY
a040fe18-913f-4e8c-9f3a-1d4a9692d61b,USR_11108,ORD_100517,2026-06-03 21:30:00,36.76,DMA_105_SEATTLE
85d8ce5a-c0d4-437d-a837-11a8522bcb14,USR_11112,ORD_100518,2026-03-17 07:06:00,68.81,DMA_100_SAN_FRANCISCO
e921ad2f-b151-49ad-8419-e28712090d79,USR_11113,ORD_100519,2026-05-04 14:31:00,55.55,DMA_139_RICHMOND
d6c479c4-4d63-4d9c-9b9c-4ddf8fa44cb5,USR_11114,ORD_100520,2026-05-22 18:17:00,73.14,DMA_135_MILWAUKEE
6b14ab16-0cf4-4ac2-a937-3615659445a6,USR_11115,ORD_100521,2026-02-17 16:42:00,34.0,DMA_126_ST_LOUIS
e652df0b-0e02-48d2-be65-d614faafe237,USR_11116,ORD_100522,2026-06-23 21:00:00,50.25,DMA_125_LAS_VEGAS
0204281e-b04a-4f0a-8504-f6ddc2cd6e74,USR_11119,ORD_100523,2026-02-04 12:18:00,120.64,DMA_148_ALBUQUERQUE
d82623c0-5c57-41a5-9ad6-a2125bc3b90b,USR_11120,ORD_100524,2026-05-07 16:00:00,138.57,DMA_142_BUFFALO
eedafff2-7303-4c96-81c1-01bea0f31852,USR_11121,ORD_100525,2026-01-23 03:30:00,109.73,DMA_121_CLEVELAND
0254bd19-3029-4eda-be3e-0d3bcfe28629,USR_11123,ORD_100526,2026-02-27 07:00:00,57.16,DMA_122_SACRAMENTO
2c012fd5-f1ca-4c69-8d8c-1794cf4d478d,USR_11124,ORD_100527,2026-06-25 03:00:00,106.56,DMA_112_PHILADELPHIA
17b6aa3f-f01e-447d-8d38-943d25b7b568,USR_11128,ORD_100528,2026-04-20 12:32:00,41.98,DMA_140_LOUISVILLE
1ce390f4-49a1-4fcd-a12b-e858d0f071bf,USR_11131,ORD_100529,2026-05-31 17:00:00,93.15,DMA_137_OKLAHOMA_CITY
fa532951-68e6-43b3-b6d6-d072162a2110,USR_11136,ORD_100530,2026-02-27 02:45:00,76.27,DMA_144_PROVIDENCE
69d41450-fb5e-4ec3-be2c-e244a4723a3c,USR_11137,ORD_100531,2026-02-12 20:00:00,48.09,DMA_107_ATLANTA
cbe07004-fd51-41fb-903e-8ab4351c2ef8,USR_11138,ORD_100532,2026-04-12 19:00:00,27.67,DMA_139_RICHMOND
e49e66d1-0731-44ee-95aa-a9db05cb13b8,USR_11141,ORD_100533,2026-01-21 02:00:00,78.83,DMA_107_ATLANTA
465f2990-4c60-4e8f-8ae8-6618ef6dceab,USR_11144,ORD_100534,2026-04-17 13:00:00,76.24,DMA_116_DETROIT
21bb53a7-eb77-468d-a325-bda3f1785912,USR_11149,ORD_100535,2026-01-15 08:00:00,77.54,DMA_128_NASHVILLE
32886979-b265-4e4b-90b5-bb1fcd757dcd,USR_11154,ORD_100536,2026-01-11 04:29:00,148.96,DMA_106_AUSTIN
a2e5f345-4ce5-4f01-a456-0fb391944ca0,USR_11158,ORD_100537,2026-06-01 13:15:00,63.61,DMA_139_RICHMOND
99dcd1b5-fae5-4794-80bc-4dd6558361d5,USR_11161,ORD_100538,2026-01-13 12:00:00,85.5,DMA_139_RICHMOND
913aa226-6750-4fea-afe9-d74217ba1ce8,USR_11168,ORD_100539,2026-05-15 22:00:00,266.89,DMA_111_PHOENIX
d3687d5a-f9ab-4283-9c55-5540dc450731,USR_11172,ORD_100540,2026-03-23 14:27:00,91.08,DMA_116_DETROIT
5dd24c0f-9546-40ca-8ad3-5c44f916be6f,USR_11174,ORD_100541,2026-01-11 22:27:00,100.91,DMA_110_MIAMI
48e66a3d-1b2c-4b61-9ac4-36db65ff2545,USR_11176,ORD_100542,2026-02-05 10:29:00,41.96,DMA_101_NEW_YORK
84bfe269-e049-47e5-bc28-b21efa9f079c,USR_11177,ORD_100543,2026-02-22 04:00:00,63.54,DMA_140_LOUISVILLE
9fb956a0-5df0-4fd3-a6fc-2f4d7a2b5290,USR_11181,ORD_100544,2026-03-29 23:28:00,89.5,DMA_118_TAMPA
5e9ec1e3-d704-4d2d-942e-a746184429b7,USR_11182,ORD_100545,2026-02-16 01:00:00,106.36,DMA_144_PROVIDENCE
1a8fb892-3be9-4dba-8860-bb9963493bb6,USR_11183,ORD_100546,2026-04-09 04:44:00,138.02,DMA_106_AUSTIN
6c9067ea-0b76-4562-86d6-346977b955cc,USR_11185,ORD_100547,2026-03-12 22:14:00,45.04,DMA_149_TUCSON
4a6afffa-01b5-4066-8202-b218f1561500,USR_11187,ORD_100548,2026-05-11 03:00:00,132.82,DMA_139_RICHMOND
2496eae1-103b-4b00-8a76-fed4da6484f0,USR_11188,ORD_100549,2026-02-12 04:00:00,68.54,DMA_113_SAN_DIEGO
e97e3378-db86-458a-917b-7a36a864967e,USR_11191,ORD_100550,2026-03-29 14:00:00,55.03,DMA_111_PHOENIX
fbab37d1-8513-4717-a1c3-e28fc72f6d7d,USR_11192,ORD_100551,2026-02-22 10:00:00,128.18,DMA_133_KANSAS_CITY
9fa7e3ef-c4ae-4a28-9d26-f91a972aa4eb,USR_11194,ORD_100552,2026-03-06 18:00:00,110.3,DMA_141_NEW_ORLEANS
f1c135c6-c619-4de6-b9de-ff8ed5ea257d,USR_11195,ORD_100553,2026-03-19 17:00:00,36.04,DMA_148_ALBUQUERQUE
4e978e26-1d83-4226-a1fd-075708383a72,USR_11197,ORD_100554,2026-06-09 09:22:00,125.37,DMA_147_GREENVILLE
6524564a-e8ee-4682-ba64-4cdb06c62626,USR_11201,ORD_100555,2026-04-03 14:08:00,144.18,DMA_119_ORLANDO
d1b507c2-9d0e-47fc-a93c-1c1fcc19ffd6,USR_11206,ORD_100556,2026-04-15 20:00:00,299.96,DMA_147_GREENVILLE
4b31b903-b5c0-4611-a904-d08cd6018d2b,USR_11209,ORD_100557,2026-05-03 06:56:00,61.25,DMA_118_TAMPA
53fe4a79-c3ec-470a-b343-bdc1c6670ad9,USR_11214,ORD_100558,2026-05-30 16:00:00,68.58,DMA_148_ALBUQUERQUE
ad41aeb7-4228-44e4-8007-009f2fa39e78,USR_11215,ORD_100559,2026-02-28 21:50:00,46.6,DMA_110_MIAMI
32c8cb18-9b1a-4e77-8d2d-cf9b0b9669e0,USR_11216,ORD_100560,2026-05-06 03:25:00,26.23,DMA_121_CLEVELAND
00dcad8d-4225-4ce4-9ed7-8ede2fad7248,USR_11217,ORD_100561,2026-04-16 02:00:00,223.2,DMA_146_ROCHESTER
b44610a9-864d-4e20-8f69-f5ab4f5a5421,USR_11221,ORD_100562,2026-05-10 12:00:00,131.43,DMA_105_SEATTLE
b9889ce9-6316-4148-8061-d6e39e02678b,USR_11224,ORD_100563,2026-02-09 02:17:00,118.36,DMA_107_ATLANTA
3bf27cb0-8b3e-4547-afde-32e6344a69b0,USR_11225,ORD_100564,2026-05-11 15:00:00,75.0,DMA_130_COLUMBUS
41ac3464-095b-4efb-9e54-b8c4de01d407,USR_11228,ORD_100565,2026-03-13 13:40:00,32.94,DMA_102_CHICAGO
91925db1-4430-4cb1-b004-550a990ee4ba,USR_11229,ORD_100566,2026-04-19 02:09:00,37.07,DMA_144_PROVIDENCE
52c5e021-d958-45ca-8728-db07a4976521,USR_11230,ORD_100567,2026-03-09 21:27:00,51.22,DMA_105_SEATTLE
e7db5f2d-8537-4e21-b443-b74c3a9dd2b4,USR_11232,ORD_100568,2026-06-07 00:00:00,143.0,DMA_105_SEATTLE
0c2a677a-eec3-4be0-8020-9d393656e915,USR_11234,ORD_100569,2026-04-03 03:00:00,167.3,DMA_108_BOSTON
3b26dc56-fe5f-494a-98f5-b0cc774fdf94,USR_11236,ORD_100570,2026-05-14 09:36:00,60.49,DMA_138_MEMPHIS
9670388d-4344-498f-9512-7e542762fcc2,USR_11240,ORD_100571,2026-05-25 06:27:00,73.91,DMA_115_HOUSTON
e54315ec-db8d-4e23-945d-94d80116cb86,USR_11242,ORD_100572,2026-04-19 15:00:00,71.73,DMA_143_HARTFORD
f4ee0687-cd27-4c5b-962d-19938f25d747,USR_11245,ORD_100573,2026-01-31 04:16:00,40.48,DMA_120_BALTIMORE
62be52f9-6cc9-4832-a839-9adf0f570a41,USR_11249,ORD_100574,2026-03-03 07:19:00,77.55,DMA_127_CHARLOTTE
5bee8a29-c0fe-469e-96a2-9c480a155764,USR_11250,ORD_100575,2026-06-04 18:53:00,40.93,DMA_139_RICHMOND
6721766d-6d4c-4bcd-817d-01c53c7e1c38,USR_11251,ORD_100576,2026-05-30 21:00:00,52.7,DMA_117_MINNEAPOLIS
f6b9034e-263e-4775-b52f-edf1ab8865cf,USR_11253,ORD_100577,2026-04-08 13:00:00,155.73,DMA_142_BUFFALO
231c930b-4de0-43e2-be69-fa27060b5fd3,USR_11254,ORD_100578,2026-03-04 01:00:00,55.59,DMA_113_SAN_DIEGO
6bec7806-6853-4937-9856-97b3f5054a45,USR_11256,ORD_100579,2026-04-08 11:08:00,51.26,DMA_102_CHICAGO
c60253e5-24f5-4a0e-b8ff-13f82bea7586,USR_11257,ORD_100580,2026-02-28 02:50:00,66.22,DMA_148_ALBUQUERQUE
d6b013bd-fa14-4dc1-a7ba-de8d5c5c57ea,USR_11259,ORD_100581,2026-02-28 13:24:00,19.84,DMA_111_PHOENIX
04308d82-cfa7-40fe-9157-e061e39651ec,USR_11260,ORD_100582,2026-05-21 06:00:00,153.0,DMA_110_MIAMI
d4a76397-5bbe-4715-800b-7f1948f9d5db,USR_11262,ORD_100583,2026-03-11 16:57:00,75.46,DMA_110_MIAMI
9686c10f-db7c-4048-a1d0-8fa4b5d35768,USR_11265,ORD_100584,2026-04-27 05:50:00,69.66,DMA_115_HOUSTON
7cc9fa54-d007-4bb2-a35c-c83b7b51ec8a,USR_11266,ORD_100585,2026-03-14 14:00:00,153.05,DMA_107_ATLANTA
d84b5c40-1a06-43a4-865c-b822a1d38974,USR_11268,ORD_100586,2026-03-30 14:00:00,51.86,DMA_123_PITTSBURGH
9c8cf75f-874c-4b7b-adfe-1005129bed41,USR_11270,ORD_100587,2026-04-01 16:40:00,34.24,DMA_118_TAMPA
ad594492-70c6-4a36-8a43-be4a3c1da82d,USR_11273,ORD_100588,2026-05-21 07:00:00,383.32,DMA_101_NEW_YORK
2c101117-102c-41e0-9825-59684a810eca,USR_11274,ORD_100589,2026-02-20 02:44:00,53.87,DMA_148_ALBUQUERQUE
f699c1d5-2fb7-4277-9c27-458ab6e778c5,USR_11275,ORD_100590,2026-03-19 09:00:00,65.03,DMA_124_PORTLAND
e494f931-b7a7-4437-848a-aff28f7ad9aa,USR_11279,ORD_100591,2026-03-18 15:51:00,82.63,DMA_132_SAN_ANTONIO
3eb6c4c0-32ab-43d3-814f-f6e4a08c8ee8,USR_11280,ORD_100592,2026-01-14 18:24:00,94.31,DMA_125_LAS_VEGAS
b36fd4ae-1a17-406f-b858-d70efbf5fbb9,USR_11283,ORD_100593,2026-03-22 01:32:00,39.01,DMA_104_DALLAS
2e79bf21-4f73-4dbd-abce-9a008f063a87,USR_11284,ORD_100594,2026-04-21 04:31:00,15.48,DMA_125_LAS_VEGAS
58537db4-6f33-4441-a4ed-45a86dba4d4e,USR_11289,ORD_100595,2026-01-30 00:00:00,130.52,DMA_136_RALEIGH
084033c1-5ede-4938-bf0b-f41080e17cef,USR_11290,ORD_100596,2026-01-17 14:43:00,186.56,DMA_108_BOSTON
21e7dad9-8824-46a5-843c-0c1bee1f68d8,USR_11294,ORD_100597,2026-02-02 04:51:00,48.7,DMA_128_NASHVILLE
b07145c9-18f2-4b08-96a5-8ddfd7888520,USR_11295,ORD_100598,2026-03-30 08:00:00,129.22,DMA_104_DALLAS
bfe09ef3-e199-46af-aa89-a2e5294d184a,USR_11296,ORD_100599,2026-02-04 10:52:00,119.22,DMA_128_NASHVILLE
5d4c16fc-8450-4809-a2d7-66430f1600e9,USR_11298,ORD_100600,2026-04-02 15:00:00,56.77,DMA_131_INDIANAPOLIS
59fcf642-9ed6-41e1-bea6-dcb75ef13e73,USR_11302,ORD_100601,2026-03-10 09:00:00,108.91,DMA_137_OKLAHOMA_CITY
9bf4a304-b3fb-49c7-bc90-6f955e1180ef,USR_11304,ORD_100602,2026-01-21 10:46:00,65.63,DMA_127_CHARLOTTE
4fd36bc0-5d5b-4946-b5b1-6f1a06ac824e,USR_11305,ORD_100603,2026-05-03 00:11:00,103.71,DMA_115_HOUSTON
fa8da909-df3c-4eea-b000-afe39d8ab5e2,USR_11308,ORD_100604,2026-03-28 03:37:00,64.14,DMA_128_NASHVILLE
b8a3a6b5-58da-445b-9da2-9dddfc99f4f7,USR_11311,ORD_100605,2026-05-24 18:00:00,96.35,DMA_110_MIAMI
70d49e97-ae71-4a3c-a810-12cbce9d294b,USR_11312,ORD_100606,2026-05-10 09:00:00,37.98,DMA_135_MILWAUKEE
a31039ce-06a7-4faf-bca5-eb2ed7481749,USR_11317,ORD_100607,2026-03-11 11:00:00,93.76,DMA_105_SEATTLE
e7b5ae5b-7c79-4362-9467-d2019515f02d,USR_11318,ORD_100608,2026-04-14 17:11:00,102.14,DMA_123_PITTSBURGH
5469f63a-6864-4c76-a461-2524e1665324,USR_11321,ORD_100609,2026-06-18 03:00:00,73.64,DMA_113_SAN_DIEGO
f0699af0-660e-4d1f-84fc-358ea0e42408,USR_11322,ORD_100610,2026-01-19 21:30:00,54.5,DMA_146_ROCHESTER
145c388b-de7f-48f2-912c-0d4f3486cdd9,USR_11325,ORD_100611,2026-06-15 04:00:00,187.03,DMA_109_DENVER
151dd277-aa66-492e-8175-17e8f9b7d27e,USR_11326,ORD_100612,2026-03-25 13:29:00,39.1,DMA_123_PITTSBURGH
64e8eac9-78b2-4c9f-9f26-c00e53368174,USR_11331,ORD_100613,2026-02-23 08:00:00,47.59,DMA_117_MINNEAPOLIS
5f66d25b-73f9-46c6-bf87-076deb847e81,USR_11333,ORD_100614,2026-05-30 21:00:00,116.39,DMA_115_HOUSTON
cb062100-f9b4-4129-aa16-c25b094796de,USR_11334,ORD_100615,2026-04-13 21:58:00,67.79,DMA_140_LOUISVILLE
fbc212ce-91cb-47f0-a0bd-438813221582,USR_11338,ORD_100616,2026-05-21 14:50:00,58.35,DMA_143_HARTFORD
8f4278c5-7abb-49be-9672-55664afcead6,USR_11340,ORD_100617,2026-01-03 18:31:00,76.36,DMA_116_DETROIT
bd432f71-076f-408b-b6a1-ac72d6a2c3c3,USR_11343,ORD_100618,2026-04-24 19:00:00,108.04,DMA_113_SAN_DIEGO
2aec5c2e-7056-4b71-b730-09b017986dc8,USR_11347,ORD_100619,2026-04-05 04:00:00,196.02,DMA_148_ALBUQUERQUE
919df963-8f1a-44f6-96ff-ed1c798f19e4,USR_11348,ORD_100620,2026-06-11 09:00:00,88.79,DMA_116_DETROIT
d7504c72-48b9-4d5b-abba-07c38046695d,USR_11349,ORD_100621,2026-05-29 22:52:00,101.53,DMA_125_LAS_VEGAS
6795660d-b885-485f-b958-6eb5d72dce0d,USR_11350,ORD_100622,2026-01-14 16:16:00,87.65,DMA_108_BOSTON
74c891d0-07d9-4de8-a339-0c5c60d1a0cd,USR_11351,ORD_100623,2026-03-07 00:00:00,71.16,DMA_134_CINCINNATI
51925455-b483-44bb-90b5-37484070b890,USR_11356,ORD_100624,2026-03-14 02:00:00,51.76,DMA_118_TAMPA
273e2398-3b32-4067-bcc8-1e3009762485,USR_11361,ORD_100625,2026-01-14 13:18:00,36.98,DMA_130_COLUMBUS
43fe6fb5-3ffc-4b01-82a7-2a6717a26b38,USR_11363,ORD_100626,2026-02-01 12:21:00,120.76,DMA_103_LOS_ANGELES
e9e65bcf-6145-44a3-83a5-1e9607187e87,USR_11364,ORD_100627,2026-02-01 17:38:00,54.54,DMA_133_KANSAS_CITY
7ff8c2f3-d06a-4908-9214-723c5d611712,USR_11366,ORD_100628,2026-02-02 01:00:00,123.29,DMA_141_NEW_ORLEANS
7ffd8164-bf92-4613-b22f-38e701de21f7,USR_11370,ORD_100629,2026-02-09 16:00:00,166.87,DMA_146_ROCHESTER
f4f35ed5-38f1-4376-8e85-ff01adcc619b,USR_11376,ORD_100630,2026-04-11 10:00:00,40.85,DMA_124_PORTLAND
40ac8bd7-a9a8-41dd-935b-1a9ec840520a,USR_11380,ORD_100631,2026-04-20 00:07:00,28.43,DMA_108_BOSTON
35aba899-cd67-4e30-a396-e46c7e1b0d6b,USR_11383,ORD_100632,2026-03-06 05:00:00,22.96,DMA_147_GREENVILLE
e12416b1-03ed-4773-a6a4-c9cfe2543c75,USR_11385,ORD_100633,2026-06-07 23:12:00,51.03,DMA_123_PITTSBURGH
d2ef4f6e-6609-494a-bffe-510369c32bd3,USR_11388,ORD_100634,2026-06-17 21:00:00,85.26,DMA_148_ALBUQUERQUE
98be2758-da76-4327-86b2-245b86a8f6b8,USR_11390,ORD_100635,2026-03-07 09:00:00,101.25,DMA_147_GREENVILLE
c2233584-e5ca-47f2-b40a-8d93bbc37ec0,USR_11392,ORD_100636,2026-01-04 17:35:00,78.14,DMA_113_SAN_DIEGO
75106bd5-b35a-4835-adf6-bbc97e98cd21,USR_11395,ORD_100637,2026-01-14 12:00:00,65.26,DMA_114_SAN_JOSE
c059229e-9625-49c4-82f8-323dc7745979,USR_11397,ORD_100638,2026-03-11 00:36:00,99.89,DMA_117_MINNEAPOLIS
01fed57b-f0a5-4500-8b40-a1fcdda21425,USR_11400,ORD_100639,2026-06-10 15:29:00,25.98,DMA_131_INDIANAPOLIS
c31222b4-f989-42cd-9ce8-1420fad674f3,USR_11402,ORD_100640,2026-02-04 17:00:00,75.36,DMA_114_SAN_JOSE
aabc32db-18be-4621-8b16-0a9af3636cfb,USR_11403,ORD_100641,2026-04-16 05:00:00,159.2,DMA_122_SACRAMENTO
860195f7-d801-4092-99c5-68e62dda8757,USR_11405,ORD_100642,2026-05-17 03:14:00,156.85,DMA_130_COLUMBUS
7a3abd22-9ac3-4793-8030-3d80c91af573,USR_11406,ORD_100643,2026-05-08 21:37:00,96.27,DMA_129_SALT_LAKE_CITY
f63feb44-df5a-47d9-ba98-91991740c6af,USR_11407,ORD_100644,2026-02-17 02:05:00,48.2,DMA_110_MIAMI
cd3dc2a5-f411-4158-8a6c-9a759483c731,USR_11412,ORD_100645,2026-04-04 00:29:00,79.34,DMA_100_SAN_FRANCISCO
2dc99bc0-4184-4d9b-907c-068ab04b38f0,USR_11413,ORD_100646,2026-02-06 02:47:00,119.31,DMA_134_CINCINNATI
da6a6bdf-a3c3-43a1-8a8c-b658013335cd,USR_11414,ORD_100647,2026-02-16 07:45:00,76.14,DMA_110_MIAMI
6b62396d-69ea-4b57-a8fe-50438439cacb,USR_11419,ORD_100648,2026-03-17 10:00:00,132.31,DMA_138_MEMPHIS
6aad1266-5581-41d4-9923-be04f00884ba,USR_11420,ORD_100649,2026-03-19 09:00:00,217.99,DMA_128_NASHVILLE
e0916f86-892a-4463-ab86-f657704e72ce,USR_11423,ORD_100650,2026-04-10 09:00:00,72.88,DMA_139_RICHMOND
933530d5-a3ec-4783-bd38-e929f85a2bfb,USR_11428,ORD_100651,2026-06-01 01:00:00,50.44,DMA_132_SAN_ANTONIO
bb27f1ce-1cc4-450d-aa42-ec9516fdd947,USR_11429,ORD_100652,2026-04-17 12:00:00,91.66,DMA_113_SAN_DIEGO
520e1997-f547-4a1e-a0b2-6a34d849a0dd,USR_11437,ORD_100653,2026-06-07 09:16:00,46.01,DMA_120_BALTIMORE
81b8d9ab-4deb-4256-bd71-8d2aba950645,USR_11439,ORD_100654,2026-02-28 18:46:00,34.47,DMA_140_LOUISVILLE
899234a6-d41a-4012-86b4-8145e58435ce,USR_11440,ORD_100655,2026-01-19 07:13:00,59.73,DMA_114_SAN_JOSE
baf920eb-1694-4ad1-bc90-6d7ffa34517b,USR_11441,ORD_100656,2026-01-30 11:00:00,23.71,DMA_141_NEW_ORLEANS
719e34ae-b525-4fca-bfe3-d2c32c1419da,USR_11443,ORD_100657,2026-03-10 09:00:00,94.58,DMA_133_KANSAS_CITY
b8e4ef10-61e5-488a-a431-4c7d0a0cde80,USR_11444,ORD_100658,2026-02-04 06:58:00,32.18,DMA_106_AUSTIN
2591f3f5-895b-4762-9ee7-cb9cdb591f77,USR_11445,ORD_100659,2026-02-02 06:43:00,57.13,DMA_104_DALLAS
85afa603-12bb-49d5-aa1f-7b7ea3a1755f,USR_11449,ORD_100660,2026-04-15 14:00:00,57.32,DMA_108_BOSTON
5912d6c0-e02b-4ab4-b107-1c0daac5c773,USR_11451,ORD_100661,2026-03-06 03:00:00,102.3,DMA_128_NASHVILLE
4e627142-67bc-4b0d-91f0-28900ad1a6db,USR_11452,ORD_100662,2026-04-04 22:20:00,45.79,DMA_120_BALTIMORE
5964504f-c721-488d-aa9c-7efaaa322f73,USR_11453,ORD_100663,2026-06-04 13:00:00,171.68,DMA_136_RALEIGH
26f86a81-8ccb-4b89-8afc-bbf75f196fc4,USR_11457,ORD_100664,2026-04-30 16:37:00,67.4,DMA_143_HARTFORD
9555726f-579e-416a-83c1-5070dae32ca5,USR_11458,ORD_100665,2026-06-09 01:00:00,39.38,DMA_132_SAN_ANTONIO
3bce06d7-8e01-42c0-9838-14ae7a1f38e7,USR_11459,ORD_100666,2026-02-02 07:00:00,29.52,DMA_136_RALEIGH
fa940601-596a-4cb5-8c05-29ac168401ca,USR_11463,ORD_100667,2026-01-21 16:00:00,67.37,DMA_146_ROCHESTER
140cc99a-7ef9-4d1d-867c-a1cf712238ba,USR_11464,ORD_100668,2026-05-21 02:00:00,98.31,DMA_119_ORLANDO
6fe1a079-bfd8-4b31-89cf-4e880171f4a2,USR_11465,ORD_100669,2026-02-19 22:59:00,149.32,DMA_137_OKLAHOMA_CITY
7809d02d-836f-44d1-8033-4f9ce7479a12,USR_11466,ORD_100670,2026-03-31 23:29:00,104.42,DMA_123_PITTSBURGH
d003cd35-5175-444e-b0e7-a726f88951e1,USR_11467,ORD_100671,2026-01-11 09:00:00,24.75,DMA_104_DALLAS
824a461b-0c84-4d26-8ecb-ca9f2f06fa37,USR_11468,ORD_100672,2026-01-14 13:12:00,46.55,DMA_130_COLUMBUS
1015626c-b69d-46fe-b99f-4bb7253adb91,USR_11469,ORD_100673,2026-06-14 04:00:00,83.2,DMA_123_PITTSBURGH
1d759dd6-233d-403b-bc24-2363d301aca4,USR_11470,ORD_100674,2026-05-08 18:54:00,69.3,DMA_125_LAS_VEGAS
a836c36f-55e6-427f-ba19-6870d6f92401,USR_11471,ORD_100675,2026-05-07 01:00:00,99.6,DMA_140_LOUISVILLE
60712c1f-78b2-4076-a149-40c21d1c87c3,USR_11473,ORD_100676,2026-05-21 16:00:00,117.35,DMA_100_SAN_FRANCISCO
c3e9ae2a-0f87-4d3e-9170-31a4fce31ac0,USR_11475,ORD_100677,2026-04-22 05:27:00,95.02,DMA_136_RALEIGH
e316c9a1-d5f0-4450-a78f-c32efce06cc6,USR_11479,ORD_100678,2026-03-10 12:31:00,74.93,DMA_103_LOS_ANGELES
e56d0116-0c55-41f4-ac59-d76e5b85500a,USR_11481,ORD_100679,2026-04-30 03:21:00,37.64,DMA_131_INDIANAPOLIS
fc345118-cc33-4d12-b89c-85c1ea4819af,USR_11482,ORD_100680,2026-01-06 23:46:00,70.41,DMA_102_CHICAGO
3a33bcc5-b06c-4318-b92c-ec2b2967b746,USR_11483,ORD_100681,2026-06-02 09:00:00,83.34,DMA_116_DETROIT
aba41835-84b2-4ee8-9e07-eda83a0cc45e,USR_11485,ORD_100682,2026-01-31 13:29:00,26.03,DMA_128_NASHVILLE
20119dbe-afbb-4b6f-8f56-9b32a22f1e18,USR_11486,ORD_100683,2026-05-23 23:23:00,25.04,DMA_138_MEMPHIS
55f80fc7-e09a-4330-a033-fdfff688466f,USR_11491,ORD_100684,2026-02-03 16:00:00,139.71,DMA_134_CINCINNATI
7a57de0b-7d35-4284-9dba-6e1e5fd7a8f1,USR_11493,ORD_100685,2026-05-03 08:00:00,164.08,DMA_102_CHICAGO
7df33727-75e3-49ff-a48b-4ab1e745317b,USR_11494,ORD_100686,2026-06-26 02:00:00,60.2,DMA_130_COLUMBUS
6f65b0ea-48c9-4b68-8012-cb7f0d882770,USR_11499,ORD_100687,2026-05-25 18:00:00,144.91,DMA_125_LAS_VEGAS
cfc97e3d-004a-4876-85ec-03e10aeedf03,USR_11500,ORD_100688,2026-04-11 01:00:00,31.53,DMA_115_HOUSTON
4c387ecd-5220-4c59-b543-7541693eebd0,USR_11504,ORD_100689,2026-05-11 22:00:00,77.33,DMA_105_SEATTLE
41aa5031-df79-4506-ab53-0573425db2a1,USR_11505,ORD_100690,2026-05-03 11:20:00,36.33,DMA_149_TUCSON
b4978e64-b035-4524-8b20-7d9809c9347d,USR_11507,ORD_100691,2026-04-24 03:00:00,197.59,DMA_105_SEATTLE
f617c6cb-da59-4bb0-8118-60ac90ec66b1,USR_11508,ORD_100692,2026-01-28 18:00:00,207.97,DMA_100_SAN_FRANCISCO
7bf9525f-f608-4f0e-82d1-6f5b68190a0f,USR_11509,ORD_100693,2026-05-18 00:41:00,28.74,DMA_121_CLEVELAND
a0fe808d-5716-43a6-8501-2b06ce8f1d97,USR_11512,ORD_100694,2026-03-21 13:00:00,55.51,DMA_144_PROVIDENCE
04671215-49e4-4522-aaea-099b5917ace5,USR_11513,ORD_100695,2026-03-30 17:00:00,88.6,DMA_109_DENVER
d76739a1-1cf8-4fd9-b2e8-e318e44ef771,USR_11515,ORD_100696,2026-06-13 13:09:00,76.71,DMA_110_MIAMI
b34bc9c5-f80c-4d04-8c60-01e810eea18b,USR_11517,ORD_100697,2026-05-03 10:19:00,87.63,DMA_147_GREENVILLE
97161272-8dbc-4d38-aa9b-b9001d6c5de2,USR_11518,ORD_100698,2026-04-11 04:00:00,90.36,DMA_127_CHARLOTTE
803bb805-1f48-411f-b853-12f802b49177,USR_11519,ORD_100699,2026-02-09 22:33:00,63.8,DMA_112_PHILADELPHIA
8323e708-8780-4744-a245-e6c5a4b94ccb,USR_11520,ORD_100700,2026-05-18 19:53:00,55.42,DMA_118_TAMPA
45633de2-054c-4a59-a92a-9c18fa545ba3,USR_11521,ORD_100701,2026-05-06 21:44:00,58.59,DMA_147_GREENVILLE
2e71280c-0778-42d7-8118-4444747f9bd6,USR_11522,ORD_100702,2026-02-04 07:00:00,234.91,DMA_146_ROCHESTER
b00eda1b-9a86-4048-8a51-ee3be539bd85,USR_11524,ORD_100703,2026-06-12 23:11:00,63.64,DMA_144_PROVIDENCE
91e917b0-1e71-4917-a40d-8a1f00608a38,USR_11529,ORD_100704,2026-05-14 17:00:00,103.27,DMA_120_BALTIMORE
fab756ac-f35c-4d64-9e71-03f728a9926c,USR_11531,ORD_100705,2026-02-18 05:00:00,35.07,DMA_106_AUSTIN
a2611a30-267c-44cc-88c1-d4d6a237ac19,USR_11533,ORD_100706,2026-03-04 20:10:00,37.96,DMA_141_NEW_ORLEANS
853b292a-f15b-4843-9d17-0bddbb5cd420,USR_11538,ORD_100707,2026-01-31 18:00:00,47.56,DMA_119_ORLANDO
bf6d1629-9ea9-4f9f-824e-b4f7374bf7d7,USR_11539,ORD_100708,2026-01-04 11:54:00,43.09,DMA_139_RICHMOND
397b73f1-d522-45b1-a457-05accc3bb00a,USR_11540,ORD_100709,2026-02-19 13:31:00,35.49,DMA_135_MILWAUKEE
9652d162-147a-4de0-8a88-6f4c97b644f0,USR_11543,ORD_100710,2026-05-08 19:00:00,53.57,DMA_123_PITTSBURGH
d26cf2a3-df65-4726-9bb1-015e2269c2e8,USR_11545,ORD_100711,2026-06-05 22:42:00,188.11,DMA_105_SEATTLE
01bbf262-a2b3-4797-9df3-e2f81b11c827,USR_11547,ORD_100712,2026-03-18 09:00:00,51.85,DMA_103_LOS_ANGELES
24f05520-cb59-481b-bcfd-fe75849ff761,USR_11553,ORD_100713,2026-05-02 21:00:00,68.09,DMA_111_PHOENIX
3f2d400e-66d7-46ad-914f-eb1d87a393b6,USR_11556,ORD_100714,2026-06-12 02:00:00,84.47,DMA_108_BOSTON
37c28dd2-9956-49b2-9c90-0c8771a11e0a,USR_11562,ORD_100715,2026-04-04 12:15:00,55.65,DMA_105_SEATTLE
4ddc8d67-9e5f-4b29-b6bd-fadcced7400e,USR_11564,ORD_100716,2026-06-13 17:00:00,106.49,DMA_101_NEW_YORK
36566431-3633-4954-9a00-9197f167c3ae,USR_11567,ORD_100717,2026-01-29 10:18:00,80.52,DMA_120_BALTIMORE
5213f31f-feed-4d84-8f8c-b1631f889939,USR_11571,ORD_100718,2026-06-20 05:00:00,88.45,DMA_118_TAMPA
345167c1-b847-4b81-b57e-d8209f004068,USR_11572,ORD_100719,2026-06-06 06:00:00,132.14,DMA_123_PITTSBURGH
0744f3a6-08db-4799-8f38-95ecb31d8002,USR_11573,ORD_100720,2026-03-19 07:00:00,58.26,DMA_130_COLUMBUS
2586e699-242a-4e38-88a3-6772a6900e05,USR_11579,ORD_100721,2026-05-05 23:00:00,123.06,DMA_125_LAS_VEGAS
27662ad0-8c79-4a47-a216-8024fc235540,USR_11582,ORD_100722,2026-02-15 13:00:00,132.57,DMA_122_SACRAMENTO
e18d4c38-ab9e-4745-8faa-3b09212d91f4,USR_11583,ORD_100723,2026-01-02 21:28:00,60.49,DMA_131_INDIANAPOLIS
a98827d6-3995-4ad9-9af2-3836dc040df0,USR_11586,ORD_100724,2026-01-12 22:08:00,117.55,DMA_133_KANSAS_CITY
199594a2-3c44-4332-a331-cea11c84521c,USR_11588,ORD_100725,2026-05-13 14:00:00,365.02,DMA_137_OKLAHOMA_CITY
66836c4a-730d-4752-a8ea-618600908fea,USR_11590,ORD_100726,2026-05-28 19:50:00,73.42,DMA_123_PITTSBURGH
763b0899-8790-44c2-b3ef-268959981fab,USR_11595,ORD_100727,2026-04-12 06:05:00,41.02,DMA_116_DETROIT
da6215d5-e568-4e96-948b-e6c86ad8bb6d,USR_11597,ORD_100728,2026-01-24 15:00:00,39.34,DMA_149_TUCSON
db95ca70-0e14-4a84-8adc-70a09d594aa3,USR_11598,ORD_100729,2026-03-04 02:00:00,65.28,DMA_133_KANSAS_CITY
46ec43fe-cdfe-48e0-8881-679e654ba3f7,USR_11599,ORD_100730,2026-01-04 16:08:00,102.34,DMA_131_INDIANAPOLIS
f2c9c283-8217-4fc1-9966-61f7b4f9a8be,USR_11603,ORD_100731,2026-02-18 04:59:00,99.5,DMA_129_SALT_LAKE_CITY
9f71802b-4036-4145-8375-9002496d3ee3,USR_11608,ORD_100732,2026-03-08 06:57:00,97.24,DMA_115_HOUSTON
efb9af19-0824-4edf-a3dc-e86252be4530,USR_11610,ORD_100733,2026-04-06 23:22:00,29.37,DMA_101_NEW_YORK
135fd2b8-5634-492a-baeb-391e59b5ba38,USR_11611,ORD_100734,2026-04-30 23:29:00,29.48,DMA_123_PITTSBURGH
1520c9f4-e850-45ca-b6db-f8d21e7a1212,USR_11612,ORD_100735,2026-06-09 09:00:00,95.97,DMA_144_PROVIDENCE
7248937b-9439-45a1-be2c-a76e5d225569,USR_11614,ORD_100736,2026-03-24 11:41:00,62.34,DMA_109_DENVER
cc5f4497-c4aa-4315-a6e4-790a450176ec,USR_11617,ORD_100737,2026-06-06 17:00:00,90.08,DMA_134_CINCINNATI
acf06bf0-c9b0-4a9f-976d-011f0f404f46,USR_11620,ORD_100738,2026-05-08 01:12:00,44.32,DMA_143_HARTFORD
0f853d7d-3493-4da1-a24d-50c188c1b3b7,USR_11621,ORD_100739,2026-02-19 20:15:00,29.85,DMA_131_INDIANAPOLIS
b0112900-395f-48e9-860b-05e4720acf99,USR_11622,ORD_100740,2026-01-22 21:00:00,56.96,DMA_141_NEW_ORLEANS
4dc83ce6-1a22-40e2-986f-4b4bde3bf2f0,USR_11623,ORD_100741,2026-02-11 14:00:00,148.07,DMA_111_PHOENIX
28428bed-0e8f-4a9b-b6c7-7d001769e917,USR_11624,ORD_100742,2026-05-26 06:00:00,80.13,DMA_109_DENVER
c2b901fb-b4c7-45c3-b7ee-811404334862,USR_11626,ORD_100743,2026-04-30 04:00:00,94.38,DMA_127_CHARLOTTE
16e9587c-4386-4759-824f-57c665fe4089,USR_11628,ORD_100744,2026-03-17 07:00:00,91.28,DMA_128_NASHVILLE
c326cb2f-7be3-4c24-a23d-33500727afd2,USR_11630,ORD_100745,2026-01-30 17:08:00,66.95,DMA_141_NEW_ORLEANS
55fd18a2-4111-4d93-a045-0820eecea1ea,USR_11631,ORD_100746,2026-04-26 11:00:00,164.39,DMA_117_MINNEAPOLIS
8c0d79d4-5cc3-4d40-b78b-9eaa9b93221a,USR_11634,ORD_100747,2026-01-05 18:47:00,38.37,DMA_117_MINNEAPOLIS
13bbc910-f0ec-4d63-98fe-f12b22f0e222,USR_11640,ORD_100748,2026-04-10 21:53:00,98.6,DMA_141_NEW_ORLEANS
528b77bb-f416-4a1d-8fa6-094e68486db3,USR_11642,ORD_100749,2026-04-17 06:00:00,29.96,DMA_149_TUCSON
a2b8235a-9c0c-44a1-b65e-63d2e1c98df5,USR_11643,ORD_100750,2026-05-24 14:30:00,65.76,DMA_126_ST_LOUIS
fe1300e1-0765-49fc-9289-4a8dd5b48786,USR_11645,ORD_100751,2026-04-20 22:07:00,44.2,DMA_122_SACRAMENTO
97db8efd-85ca-4979-8485-fce2e245de6c,USR_11646,ORD_100752,2026-03-26 01:06:00,116.81,DMA_116_DETROIT
a319bbff-2d34-4d14-abae-2921bfe2040c,USR_11648,ORD_100753,2026-04-20 19:16:00,107.51,DMA_136_RALEIGH
201ddc68-c5d0-49de-b1ec-ac7d4ebc9233,USR_11649,ORD_100754,2026-04-23 02:12:00,39.79,DMA_129_SALT_LAKE_CITY
bef41530-bb73-4e88-b96d-1c635c3d1534,USR_11651,ORD_100755,2026-06-01 14:51:00,100.74,DMA_123_PITTSBURGH
46362e87-2de6-4290-bf92-8fd9244d1190,USR_11652,ORD_100756,2026-02-28 15:00:00,53.5,DMA_100_SAN_FRANCISCO
36c7bf6f-ad3f-4e49-a968-19e80ebc7505,USR_11653,ORD_100757,2026-03-20 22:21:00,34.02,DMA_114_SAN_JOSE
52b43391-7cef-4ff1-828d-3da5a5ac59ba,USR_11655,ORD_100758,2026-03-15 23:00:00,55.06,DMA_138_MEMPHIS
b8cca98d-a590-4817-9c66-04318c33e8e9,USR_11658,ORD_100759,2026-04-03 19:00:00,78.59,DMA_102_CHICAGO
61931ece-ae4b-499a-a412-7e1cd972150f,USR_11660,ORD_100760,2026-05-19 17:28:00,97.32,DMA_114_SAN_JOSE
a15147ff-63df-4cc3-a740-01015ed512cb,USR_11663,ORD_100761,2026-03-19 04:00:00,211.38,DMA_111_PHOENIX
3db54048-c48b-4c92-83eb-143ce70449b1,USR_11664,ORD_100762,2026-02-09 20:10:00,105.96,DMA_103_LOS_ANGELES
97dfd161-7eea-43ba-9b79-f24ba7542740,USR_11665,ORD_100763,2026-05-05 14:23:00,108.06,DMA_141_NEW_ORLEANS
34dbddc1-844f-4e06-a373-b81222e5d795,USR_11670,ORD_100764,2026-02-18 09:00:00,188.99,DMA_101_NEW_YORK
29d2f814-d99e-4b4a-a3ab-b5c0c55d9ca6,USR_11671,ORD_100765,2026-02-14 07:52:00,90.73,DMA_105_SEATTLE
429023f1-23ff-4fcd-b53f-7a58e23bca5c,USR_11672,ORD_100766,2026-05-23 08:57:00,121.75,DMA_137_OKLAHOMA_CITY
b92dcdb7-9fcd-4e14-94c8-4853c134d91a,USR_11673,ORD_100767,2026-02-19 16:00:00,90.05,DMA_131_INDIANAPOLIS
3313240e-ec74-4e50-9269-0c7735979212,USR_11674,ORD_100768,2026-03-29 04:00:00,129.12,DMA_108_BOSTON
6634aa53-2885-4332-bbf2-350393fa1a63,USR_11676,ORD_100769,2026-04-01 08:00:00,38.76,DMA_109_DENVER
8084db0c-789f-43a4-9851-ee392977dffe,USR_11677,ORD_100770,2026-04-26 18:54:00,32.84,DMA_112_PHILADELPHIA
b80aff40-3c31-426b-bf47-d27bf30be8e0,USR_11679,ORD_100771,2026-05-05 07:00:00,109.51,DMA_133_KANSAS_CITY
95f7ef6e-0387-4bfd-9575-fd6bf1dc5756,USR_11680,ORD_100772,2026-06-18 18:00:00,107.8,DMA_102_CHICAGO
96c48444-0de6-4ab9-99ac-74376f0c5d26,USR_11684,ORD_100773,2026-05-08 00:00:00,161.19,DMA_117_MINNEAPOLIS
41b480db-340c-4907-9c15-ef3fcc552c65,USR_11685,ORD_100774,2026-03-08 09:00:00,235.42,DMA_117_MINNEAPOLIS
9e3f5fbb-f9be-41b2-a9d1-6bbefbc4c0a0,USR_11686,ORD_100775,2026-04-13 07:32:00,126.13,DMA_137_OKLAHOMA_CITY
cdc38561-d915-4226-95ce-894d503a1a2a,USR_11687,ORD_100776,2026-05-08 00:00:00,146.36,DMA_115_HOUSTON
7126b077-8032-4cb2-8e79-d1b2844b796a,USR_11689,ORD_100777,2026-01-21 22:00:00,52.44,DMA_110_MIAMI
45c8cd0d-4e8a-4534-837d-f4d110f723d6,USR_11691,ORD_100778,2026-06-01 01:00:00,132.03,DMA_135_MILWAUKEE
6efa12e0-7379-483a-aba1-53dcd014f3f1,USR_11692,ORD_100779,2026-04-29 03:00:00,31.62,DMA_109_DENVER
78628d1d-2d4a-41bf-a4db-68f2014b4187,USR_11694,ORD_100780,2026-04-19 13:06:00,70.78,DMA_127_CHARLOTTE
1a49874f-8015-43a0-b372-fee7d119c60a,USR_11695,ORD_100781,2026-02-17 19:00:00,78.48,DMA_147_GREENVILLE
5c222ea3-dd44-4a0e-a49b-91d4268cde0f,USR_11697,ORD_100782,2026-01-10 00:00:00,49.57,DMA_145_BIRMINGHAM
b013b95a-f838-4b61-be76-d7243d0f7889,USR_11700,ORD_100783,2026-02-18 04:47:00,87.27,DMA_104_DALLAS
0e287da9-e370-4b32-bd7c-488550ff47d8,USR_11703,ORD_100784,2026-02-07 01:00:00,87.79,DMA_138_MEMPHIS
e8ba5d39-1181-4194-81df-6e5802ad624d,USR_11708,ORD_100785,2026-06-05 00:33:00,59.21,DMA_137_OKLAHOMA_CITY
0b770e97-41b6-4f92-aed7-5f06e64e52f5,USR_11709,ORD_100786,2026-06-22 22:00:00,101.02,DMA_117_MINNEAPOLIS
6f7762b5-4890-4442-99cc-d5a4b13871ce,USR_11710,ORD_100787,2026-05-11 06:56:00,108.9,DMA_104_DALLAS
918599ec-44e6-4451-a8a7-92ca88af2212,USR_11712,ORD_100788,2026-05-22 14:00:00,57.67,DMA_129_SALT_LAKE_CITY
13088ff9-9328-42bb-913e-640d7e785958,USR_11713,ORD_100789,2026-05-28 14:00:00,99.37,DMA_118_TAMPA
9c6635c4-75e0-4b5d-a9c4-8a65fb753b14,USR_11715,ORD_100790,2026-01-04 01:05:00,68.4,DMA_123_PITTSBURGH
d647b26d-8edf-4b80-8e25-c5d7f4646f81,USR_11720,ORD_100791,2026-06-24 22:00:00,70.99,DMA_107_ATLANTA
a0abe237-1b5a-4ce7-bb69-ec17c1e4137b,USR_11721,ORD_100792,2026-02-25 02:00:00,80.82,DMA_149_TUCSON
553a013d-5072-4206-8a67-4e329f353a2f,USR_11722,ORD_100793,2026-06-14 05:00:00,245.4,DMA_114_SAN_JOSE
1de17988-24d4-4410-ab7f-c42abc1d4714,USR_11724,ORD_100794,2026-03-24 17:25:00,63.19,DMA_143_HARTFORD
e28cad88-1824-46b6-a5c9-8d93bce49173,USR_11731,ORD_100795,2026-05-14 19:16:00,35.51,DMA_141_NEW_ORLEANS
8ad5073f-dfb0-49e1-a709-0ee6b2bb9f0e,USR_11732,ORD_100796,2026-01-10 16:35:00,49.0,DMA_127_CHARLOTTE
0391a023-d5d5-426d-8115-e9a15ed98ce5,USR_11733,ORD_100797,2026-05-17 05:56:00,126.57,DMA_132_SAN_ANTONIO
ad844b99-617c-4e21-9297-936764c78fcf,USR_11735,ORD_100798,2026-03-15 17:32:00,88.13,DMA_100_SAN_FRANCISCO
ae1f9b0b-b8cf-4d3b-a60c-3012175f7feb,USR_11738,ORD_100799,2026-06-08 09:00:00,44.61,DMA_132_SAN_ANTONIO
2bb57213-d4b8-4572-b8b5-3536be7b60df,USR_11739,ORD_100800,2026-06-13 09:00:00,149.78,DMA_103_LOS_ANGELES
8907f662-e855-44b1-addd-c410d614df8f,USR_11741,ORD_100801,2026-05-04 10:00:00,162.78,DMA_123_PITTSBURGH
927bb32d-ae8e-4a75-b275-af70174de7b3,USR_11743,ORD_100802,2026-02-10 16:30:00,64.2,DMA_148_ALBUQUERQUE
b69ee366-e3a9-42bb-b8e2-ae920f895a58,USR_11744,ORD_100803,2026-01-27 02:16:00,38.69,DMA_133_KANSAS_CITY
52b5f41f-2ff9-4e2d-92b7-982b67dcb20b,USR_11747,ORD_100804,2026-02-05 20:00:00,81.98,DMA_134_CINCINNATI
b24e7f3d-875c-4ce6-857e-f8b110b59fac,USR_11750,ORD_100805,2026-04-20 01:41:00,101.57,DMA_115_HOUSTON
38c21073-1ff4-45ac-8476-a05d47eebd65,USR_11753,ORD_100806,2026-03-06 07:00:00,62.14,DMA_115_HOUSTON
de64355f-9b5a-4c34-8423-59a8ebf4a256,USR_11754,ORD_100807,2026-03-30 03:11:00,60.32,DMA_122_SACRAMENTO
274975ef-3d67-4774-8485-883cfc01805e,USR_11755,ORD_100808,2026-04-01 01:00:00,42.98,DMA_124_PORTLAND
629c4dc9-a46b-4a34-b131-d4986f07e59a,USR_11756,ORD_100809,2026-05-18 20:24:00,83.42,DMA_121_CLEVELAND
77eb94ab-ab80-4142-ab78-479b74681486,USR_11757,ORD_100810,2026-03-18 13:00:00,112.47,DMA_126_ST_LOUIS
5731f0b7-ff8e-4dbb-8fda-0418dc557f13,USR_11759,ORD_100811,2026-02-14 16:39:00,29.99,DMA_111_PHOENIX
8ee9cb35-edd1-4dbe-99bd-7cf60977e7df,USR_11760,ORD_100812,2026-03-28 12:00:00,118.78,DMA_148_ALBUQUERQUE
521f2c46-6fa0-4ae2-b4ae-ebf164349ae4,USR_11762,ORD_100813,2026-06-04 00:44:00,72.34,DMA_100_SAN_FRANCISCO
ae0f984b-7224-404b-bad3-ea89cd1c6658,USR_11763,ORD_100814,2026-03-31 06:37:00,68.08,DMA_107_ATLANTA
8429d699-cb6f-40c3-91b4-930954e02506,USR_11771,ORD_100815,2026-02-17 09:05:00,164.38,DMA_109_DENVER
67ccc43e-0f9f-4870-8a4d-b7d8a2ef639f,USR_11772,ORD_100816,2026-06-21 08:00:00,80.27,DMA_116_DETROIT
b3174eff-ff00-4a9c-995c-fbc066f123bf,USR_11775,ORD_100817,2026-01-08 01:11:00,140.06,DMA_120_BALTIMORE
10260ebd-d93b-44cf-931d-325d1b0f3ca4,USR_11777,ORD_100818,2026-01-09 20:33:00,79.66,DMA_112_PHILADELPHIA
dba6f7d3-5706-42e8-8b4e-d96821df0778,USR_11778,ORD_100819,2026-02-11 02:11:00,90.85,DMA_110_MIAMI
8cfb56e4-764d-446d-a22d-1a15b179e74b,USR_11779,ORD_100820,2026-05-25 16:00:00,79.48,DMA_113_SAN_DIEGO
f086690a-f786-439c-b728-0e5596043d94,USR_11781,ORD_100821,2026-03-31 02:00:00,152.84,DMA_114_SAN_JOSE
e9f04af5-d5ae-43ad-9cbe-3ec6254c7d41,USR_11783,ORD_100822,2026-04-01 10:11:00,53.19,DMA_140_LOUISVILLE
4c6bdf3e-78b6-4b2a-a4fe-e1b02d5dde38,USR_11784,ORD_100823,2026-02-18 20:00:00,88.96,DMA_114_SAN_JOSE
2613380e-6e77-48d1-a1c8-cd78f824f6d4,USR_11786,ORD_100824,2026-01-07 16:52:00,52.29,DMA_116_DETROIT
72a33733-3f66-4a15-b677-7ecb0990e0d0,USR_11787,ORD_100825,2026-04-29 02:00:00,140.68,DMA_114_SAN_JOSE
1f97810e-4f4d-4cd1-b553-6fd3916a87a2,USR_11789,ORD_100826,2026-05-11 13:22:00,60.91,DMA_117_MINNEAPOLIS
5e27f96c-53e8-43e8-a5f7-8d885c8358db,USR_11791,ORD_100827,2026-04-28 18:00:00,210.98,DMA_117_MINNEAPOLIS
aafb3b10-cc37-41c5-b4fa-34fe28b0c07a,USR_11795,ORD_100828,2026-03-31 21:00:00,62.79,DMA_134_CINCINNATI
961a6ead-2426-4c99-a352-315794eb1207,USR_11797,ORD_100829,2026-06-16 05:00:00,27.6,DMA_105_SEATTLE
b02bcac2-f75e-40e3-a575-e80a56c7d092,USR_11799,ORD_100830,2026-01-11 17:00:00,153.79,DMA_141_NEW_ORLEANS
c79c6a9b-4a87-442a-914c-7408a3b0728b,USR_11800,ORD_100831,2026-03-09 22:25:00,31.09,DMA_131_INDIANAPOLIS
acc7e404-3fcf-467f-af65-115568d515fd,USR_11801,ORD_100832,2026-04-30 07:55:00,67.78,DMA_108_BOSTON
c671f9fe-f992-464f-9e1e-51b99208131f,USR_11802,ORD_100833,2026-06-13 06:31:00,74.21,DMA_122_SACRAMENTO
d9510f56-6839-4b16-9bc2-2d6b8eae63dd,USR_11803,ORD_100834,2026-02-20 17:00:00,80.35,DMA_119_ORLANDO
822ee480-dd00-4e81-8932-00b912e4f406,USR_11806,ORD_100835,2026-06-18 12:00:00,125.15,DMA_136_RALEIGH
b8397c42-ade9-4ee8-aff8-1654da2ed8f3,USR_11808,ORD_100836,2026-06-26 01:00:00,437.26,DMA_114_SAN_JOSE
f37dc2a1-9062-4934-947a-d03ea48c6e68,USR_11809,ORD_100837,2026-04-24 04:00:00,80.36,DMA_126_ST_LOUIS
c98434ed-2bb5-42fa-9960-6d53cabbf8b1,USR_11813,ORD_100838,2026-05-28 23:00:00,156.49,DMA_112_PHILADELPHIA
efdc59c9-1729-452b-a327-020c9d0e5460,USR_11815,ORD_100839,2026-01-12 05:10:00,103.9,DMA_106_AUSTIN
8e586389-a71a-45bc-8a6e-77d3a2ad5cdd,USR_11816,ORD_100840,2026-04-14 15:00:00,69.93,DMA_110_MIAMI
b26cfd27-710a-4cd5-837b-1836642a3963,USR_11817,ORD_100841,2026-02-11 01:49:00,18.14,DMA_112_PHILADELPHIA
28e4ffd7-3017-491d-98e2-bf8471af2fd4,USR_11820,ORD_100842,2026-05-31 02:00:00,101.43,DMA_129_SALT_LAKE_CITY
2f5a1f79-cc1b-4435-ab96-aab2642cfd34,USR_11824,ORD_100843,2026-04-30 03:31:00,70.44,DMA_114_SAN_JOSE
2b625c3c-cbf9-4aac-8179-1ed10887871a,USR_11825,ORD_100844,2026-04-28 19:00:00,169.27,DMA_106_AUSTIN
8229b9b8-3af9-42cf-becb-ecda5b731626,USR_11826,ORD_100845,2026-05-02 16:00:00,136.2,DMA_102_CHICAGO
31ac1d78-1ba0-486a-a1e1-f02c0a53fb83,USR_11827,ORD_100846,2026-02-04 06:30:00,18.56,DMA_112_PHILADELPHIA
b9cd5e9e-ae00-4d04-9b96-7d7847eeaae2,USR_11829,ORD_100847,2026-03-23 23:00:00,46.88,DMA_129_SALT_LAKE_CITY
c02797fe-bb14-4bd1-8e2b-fb99ff5447ea,USR_11830,ORD_100848,2026-02-05 12:00:00,46.92,DMA_113_SAN_DIEGO
2f84267e-8968-4550-8d50-3104afc3d99c,USR_11831,ORD_100849,2026-04-04 22:40:00,93.66,DMA_130_COLUMBUS
8bc524fd-e0f2-4efa-80f4-bc7fa7d55ea9,USR_11834,ORD_100850,2026-03-18 01:00:00,45.18,DMA_130_COLUMBUS
73128ec5-b0d0-411f-b86d-6fced2b60945,USR_11835,ORD_100851,2026-04-17 07:00:00,184.28,DMA_146_ROCHESTER
1d3eb4a6-3a78-408f-8d53-e5a06c61aba4,USR_11837,ORD_100852,2026-03-23 09:19:00,40.83,DMA_131_INDIANAPOLIS
cf742fa1-e297-4cbf-8110-555fab157e54,USR_11838,ORD_100853,2026-01-20 20:00:00,216.12,DMA_133_KANSAS_CITY
42aeedd3-0d00-4539-a70b-e929516a9204,USR_11840,ORD_100854,2026-02-05 11:43:00,28.22,DMA_144_PROVIDENCE
22e657b8-43f0-42db-b72a-45b844d16111,USR_11843,ORD_100855,2026-06-04 04:35:00,82.2,DMA_133_KANSAS_CITY
f35f3be2-7cf0-44d3-be5e-6b9d7c1ce992,USR_11845,ORD_100856,2026-05-02 16:43:00,134.4,DMA_103_LOS_ANGELES
d8cf32ac-48a5-4855-8fdd-a2c4574bbaa7,USR_11846,ORD_100857,2026-05-17 07:00:00,34.71,DMA_129_SALT_LAKE_CITY
68131884-bf6e-4426-9140-de771fe87574,USR_11849,ORD_100858,2026-05-22 12:41:00,99.13,DMA_117_MINNEAPOLIS
61467702-0a8c-4353-be69-5ca61f7f5652,USR_11852,ORD_100859,2026-01-19 21:00:00,172.29,DMA_104_DALLAS
1223bada-6178-4486-a738-ce44c3420370,USR_11858,ORD_100860,2026-05-10 04:00:00,163.58,DMA_110_MIAMI
40190bbe-0968-4f53-816d-a291c082a4a2,USR_11860,ORD_100861,2026-06-08 01:22:00,34.83,DMA_115_HOUSTON
d2e79f85-93dc-44ff-960f-5f75f343adb4,USR_11868,ORD_100862,2026-06-18 01:00:00,43.24,DMA_121_CLEVELAND
c6300bb8-a447-40fb-b12a-db64e98a74d2,USR_11869,ORD_100863,2026-02-03 05:30:00,94.42,DMA_137_OKLAHOMA_CITY
dc0439ea-58de-4832-8ce4-f048b8e60e72,USR_11870,ORD_100864,2026-02-02 23:00:00,149.82,DMA_128_NASHVILLE
f1e69f40-fd3a-455b-9ac1-5bdbe6c91204,USR_11871,ORD_100865,2026-02-28 00:05:00,31.22,DMA_149_TUCSON
8828302e-3785-415b-9e77-a4896f150fd4,USR_11876,ORD_100866,2026-03-06 04:14:00,55.78,DMA_144_PROVIDENCE
1ffa4f38-fa76-467a-8cdb-47678bc1371c,USR_11880,ORD_100867,2026-02-20 06:20:00,75.33,DMA_136_RALEIGH
5ddb8433-23e2-4066-8568-04206f6728dd,USR_11881,ORD_100868,2026-02-28 12:00:00,206.86,DMA_148_ALBUQUERQUE
f965d8f8-22da-4acd-950f-4061a4162cf3,USR_11882,ORD_100869,2026-05-30 05:28:00,38.15,DMA_108_BOSTON
67c9f692-f941-4882-8c04-8cd1638349b1,USR_11886,ORD_100870,2026-03-27 22:00:00,49.05,DMA_105_SEATTLE
c5984a53-4626-4396-b1ab-fe7d2f318685,USR_11891,ORD_100871,2026-02-06 14:36:00,55.44,DMA_133_KANSAS_CITY
ffaf5e27-5434-441b-b323-8ff56de145ee,USR_11893,ORD_100872,2026-02-13 08:00:00,98.1,DMA_127_CHARLOTTE
fe01f0de-5ac3-484c-9cde-b415598787a8,USR_11894,ORD_100873,2026-05-02 02:00:00,190.54,DMA_105_SEATTLE
e8fc80b2-71ad-4bb8-a3c4-137f2d2cd904,USR_11895,ORD_100874,2026-03-17 13:00:00,36.27,DMA_113_SAN_DIEGO
4ec33feb-42a5-4a16-a4bc-19181f938dc2,USR_11897,ORD_100875,2026-03-08 14:00:00,65.27,DMA_121_CLEVELAND
53b429c2-00a4-4c80-b0de-ea5482f17458,USR_11899,ORD_100876,2026-03-08 04:00:00,32.32,DMA_149_TUCSON
2f715487-a548-4fc7-a7c3-b438bb164297,USR_11900,ORD_100877,2026-03-12 06:34:00,87.4,DMA_116_DETROIT
829a0132-cf56-4c93-9f68-23860f12f8cf,USR_11904,ORD_100878,2026-02-12 18:58:00,61.76,DMA_144_PROVIDENCE
29eb4332-2cb0-4ed7-accb-7dcc64433d07,USR_11905,ORD_100879,2026-01-21 04:00:00,70.24,DMA_107_ATLANTA
261b6368-d96a-420a-98ae-8bd046d1daf0,USR_11906,ORD_100880,2026-03-14 23:00:00,105.23,DMA_128_NASHVILLE
e11c078f-df82-4d75-b34f-ae854023fbfa,USR_11907,ORD_100881,2026-02-28 15:00:00,110.64,DMA_143_HARTFORD
48f2db9a-a226-462b-8575-daf7f85b7791,USR_11908,ORD_100882,2026-02-11 18:48:00,65.08,DMA_148_ALBUQUERQUE
650a9d01-994e-4f28-9dca-98658a067019,USR_11910,ORD_100883,2026-02-22 07:34:00,142.14,DMA_120_BALTIMORE
916a6051-c84d-49d3-8d99-bb6ab05a2b8d,USR_11912,ORD_100884,2026-02-25 07:00:00,62.3,DMA_116_DETROIT
14136f50-074f-47b9-9dc3-99bec6db9e9c,USR_11913,ORD_100885,2026-03-16 23:00:00,36.67,DMA_123_PITTSBURGH
9e463c02-9763-4032-99a7-e738d31092e1,USR_11914,ORD_100886,2026-03-06 12:00:00,60.95,DMA_142_BUFFALO
2843c70a-bcb7-431e-b63e-7d0812487eff,USR_11916,ORD_100887,2026-01-21 07:00:00,159.03,DMA_128_NASHVILLE
9edca033-e719-42c4-a9bb-f0092ebd20d0,USR_11919,ORD_100888,2026-01-29 23:43:00,35.06,DMA_137_OKLAHOMA_CITY
bb2bd42e-8336-4f40-8b20-f3b3688da456,USR_11920,ORD_100889,2026-01-29 05:56:00,63.96,DMA_124_PORTLAND
07779695-dcb6-4f27-9ac4-34a08dc1fdf6,USR_11921,ORD_100890,2026-04-14 12:13:00,73.17,DMA_130_COLUMBUS
2c81d4cd-012f-45e8-a8ff-4f8454f46650,USR_11925,ORD_100891,2026-03-23 08:00:00,146.47,DMA_147_GREENVILLE
2eadd10a-557f-4d86-84fd-f2936be853c7,USR_11928,ORD_100892,2026-03-18 20:00:00,45.2,DMA_123_PITTSBURGH
6e3eadf1-d797-4c59-ae25-d285150f3062,USR_11929,ORD_100893,2026-04-23 16:00:00,165.77,DMA_117_MINNEAPOLIS
b9f0a926-cbd2-4021-ad66-993876a9a5d5,USR_11931,ORD_100894,2026-05-25 19:13:00,76.38,DMA_126_ST_LOUIS
b901f01b-a43b-401e-b13a-8de5b5ff4fe7,USR_11932,ORD_100895,2026-04-09 13:30:00,59.89,DMA_100_SAN_FRANCISCO
ab09d39d-55f2-40e0-97e9-c79f5d9b7207,USR_11936,ORD_100896,2026-02-02 03:00:00,106.28,DMA_115_HOUSTON
d8fd53ea-8bb5-4f5c-8998-977865d292e7,USR_11937,ORD_100897,2026-02-28 02:00:00,31.01,DMA_141_NEW_ORLEANS
c3058b6b-5338-4da9-9f24-13179abce4dd,USR_11940,ORD_100898,2026-04-14 15:00:00,122.55,DMA_120_BALTIMORE
2feee0f2-4c33-4f7f-a966-1994fd13b516,USR_11942,ORD_100899,2026-02-03 00:10:00,43.28,DMA_134_CINCINNATI
7d410aff-d02f-434d-b9f7-f8130e6bdc3e,USR_11945,ORD_100900,2026-02-13 02:00:00,82.72,DMA_116_DETROIT
27d72c0b-0cd3-4a56-a637-646462b977e6,USR_11946,ORD_100901,2026-01-30 04:00:00,246.28,DMA_126_ST_LOUIS
3ea7bb63-84c6-41fb-a079-cabfc65ecc49,USR_11947,ORD_100902,2026-05-21 19:05:00,52.13,DMA_118_TAMPA
cdb1df66-881d-48ee-b23e-5dc5e4ebf7a9,USR_11951,ORD_100903,2026-04-20 17:00:00,66.57,DMA_122_SACRAMENTO
be0a98fa-b1ab-471b-ab58-efa9a5880f7e,USR_11952,ORD_100904,2026-01-01 01:23:00,76.08,DMA_130_COLUMBUS
e6725dde-4d8a-4906-b6de-08ae49c86c0b,USR_11955,ORD_100905,2026-05-19 00:48:00,45.07,DMA_105_SEATTLE
1ed2a026-350d-4681-b0f0-f2ad4ee87c3f,USR_11956,ORD_100906,2026-06-13 08:00:00,59.48,DMA_113_SAN_DIEGO
c07ef6c2-318e-46cf-b37b-806303a33220,USR_11957,ORD_100907,2026-03-24 18:00:00,86.46,DMA_129_SALT_LAKE_CITY
974c1c6f-6cbd-4143-b507-7a30ec8ec114,USR_11961,ORD_100908,2026-04-14 01:23:00,46.62,DMA_141_NEW_ORLEANS
9a581f64-6760-4c4e-b017-7e79f75749d5,USR_11968,ORD_100909,2026-01-22 11:00:00,210.65,DMA_121_CLEVELAND
93b10cb8-73d6-4484-b5c4-f244f8260505,USR_11971,ORD_100910,2026-05-28 20:57:00,93.75,DMA_107_ATLANTA
80e7e115-d16c-417b-b811-9412806985e2,USR_11972,ORD_100911,2026-04-19 13:00:00,98.72,DMA_111_PHOENIX
155d4ea3-9d0e-4eb9-be1d-d528ac0e4ebb,USR_11974,ORD_100912,2026-01-12 09:00:00,142.58,DMA_135_MILWAUKEE
d7bf3025-2c6b-4c22-8912-6c478b3353e8,USR_11975,ORD_100913,2026-02-25 04:00:00,108.02,DMA_123_PITTSBURGH
52d6cb39-4ac4-4091-b33d-3e9daeadcac3,USR_11979,ORD_100914,2026-06-17 06:00:00,138.79,DMA_115_HOUSTON
455dcbc3-fbdc-403e-984a-e4cec42380fb,USR_11981,ORD_100915,2026-06-08 04:00:00,297.53,DMA_140_LOUISVILLE
10120123-cc92-4f42-aa53-4d0b736df6f3,USR_11983,ORD_100916,2026-04-28 12:44:00,45.45,DMA_125_LAS_VEGAS
3f2f67de-4141-4fc5-90e5-e46d5e26d7d4,USR_11985,ORD_100917,2026-02-19 23:00:00,71.36,DMA_145_BIRMINGHAM
a127e87d-3c43-400f-91b0-2295cc90a23e,USR_11986,ORD_100918,2026-04-07 23:00:00,87.6,DMA_121_CLEVELAND
da440ab0-f993-43c7-8d17-5e2dda85dc41,USR_11988,ORD_100919,2026-01-09 12:30:00,99.15,DMA_132_SAN_ANTONIO
f1a2f450-6c16-4a3e-be08-5ae462d00850,USR_11989,ORD_100920,2026-05-03 00:56:00,66.14,DMA_119_ORLANDO
0dd98fdc-572b-4e98-b05f-2a46748babf6,USR_11991,ORD_100921,2026-01-28 22:00:00,42.36,DMA_118_TAMPA
e6a01c74-4cc5-4f8b-9bfe-12e2b44376c5,USR_11992,ORD_100922,2026-04-27 13:13:00,100.14,DMA_127_CHARLOTTE
b69a7ca8-36c1-456e-85e7-c0d1432d7f13,USR_11993,ORD_100923,2026-05-26 00:58:00,99.01,DMA_123_PITTSBURGH
a651d09d-973f-4b4b-9b0e-f26d37c07ff7,USR_11996,ORD_100924,2026-05-05 20:42:00,79.05,DMA_138_MEMPHIS
1baaa46f-22ef-46e4-b155-741f48f129bf,USR_11997,ORD_100925,2026-02-03 14:00:00,46.94,DMA_113_SAN_DIEGO
5c6a5ff0-5007-437c-bca1-1f4a9448c9ae,USR_12000,ORD_100926,2026-03-03 22:00:00,54.86,DMA_104_DALLAS
9c0bfe97-f0af-4d12-8295-1f996f18b53f,USR_12001,ORD_100927,2026-03-06 09:00:00,120.2,DMA_104_DALLAS
9033b3b9-f17c-410e-9650-d8d4f08bfe99,USR_12002,ORD_100928,2026-02-10 14:00:00,125.01,DMA_126_ST_LOUIS
ba87a222-f2ae-4fb6-994d-fed6e0581dc1,USR_12005,ORD_100929,2026-05-26 04:00:00,94.78,DMA_149_TUCSON
7c86f364-e99a-4141-a956-306bcdfd881e,USR_12008,ORD_100930,2026-06-06 08:38:00,21.98,DMA_124_PORTLAND
76de93a0-27ca-426f-b59f-04fee244c489,USR_12009,ORD_100931,2026-03-28 06:00:00,100.0,DMA_100_SAN_FRANCISCO
74227b3d-6bb3-4bcb-9b75-6ea9d279fdae,USR_12010,ORD_100932,2026-05-27 08:48:00,296.67,DMA_114_SAN_JOSE
bc146d57-db9f-4870-963d-9f638aafbbce,USR_12016,ORD_100933,2026-05-27 04:00:00,46.44,DMA_141_NEW_ORLEANS
024ae9e7-f766-4e60-9fee-e255223841e1,USR_12018,ORD_100934,2026-04-08 11:57:00,79.8,DMA_109_DENVER
4475f252-dec4-42ef-9905-a3d68b060814,USR_12020,ORD_100935,2026-03-13 04:00:00,96.28,DMA_109_DENVER
f7419fbd-120f-4d82-857c-e4d34916c852,USR_12021,ORD_100936,2026-05-20 17:44:00,159.54,DMA_104_DALLAS
41b6e381-e1af-46eb-8e74-b4642b4553ee,USR_12022,ORD_100937,2026-01-11 14:52:00,57.94,DMA_143_HARTFORD
b2d2e2f9-0059-46d5-9dc6-265cb3a81bb0,USR_12023,ORD_100938,2026-05-03 19:00:00,116.16,DMA_113_SAN_DIEGO
9ebfd76c-1b42-40c9-9ade-6a09307e96cb,USR_12024,ORD_100939,2026-05-12 14:31:00,70.31,DMA_135_MILWAUKEE
dacc6d59-3c5e-427d-b456-4b0244f89321,USR_12026,ORD_100940,2026-03-11 15:00:00,36.01,DMA_109_DENVER
44e18582-e554-43fd-abdd-4425b8719a85,USR_12027,ORD_100941,2026-04-10 17:43:00,33.49,DMA_109_DENVER
589cd27d-c7e1-4b4c-a9dd-069267d5e08a,USR_12028,ORD_100942,2026-03-15 08:00:00,64.14,DMA_114_SAN_JOSE
827d8097-da67-4333-9cb6-68ef4e7a2467,USR_12032,ORD_100943,2026-05-11 13:00:00,201.35,DMA_119_ORLANDO
10ba6038-4a88-49ec-a826-30812a4e247b,USR_12035,ORD_100944,2026-01-17 13:18:00,20.79,DMA_101_NEW_YORK
5c37b4a8-e76e-4406-a793-58dda96b4597,USR_12037,ORD_100945,2026-02-20 05:00:00,109.58,DMA_128_NASHVILLE
1464108d-9f65-4cca-8344-9f26ee59b5f9,USR_12039,ORD_100946,2026-03-18 09:55:00,105.86,DMA_113_SAN_DIEGO
e643122e-c506-4313-8e23-ff0fe95089db,USR_12041,ORD_100947,2026-06-10 15:22:00,42.62,DMA_105_SEATTLE
f3d15af9-6948-44b1-8fd3-9a6643e69700,USR_12043,ORD_100948,2026-02-01 09:00:00,70.47,DMA_132_SAN_ANTONIO
7862615a-d981-4391-8fb5-34661a75028b,USR_12044,ORD_100949,2026-05-22 12:00:00,83.16,DMA_144_PROVIDENCE
d6c5af7b-6287-4545-a92b-ce62896b5214,USR_12046,ORD_100950,2026-02-24 00:00:00,100.09,DMA_117_MINNEAPOLIS
1368d441-371e-4322-9d25-3d8ec5644694,USR_12047,ORD_100951,2026-02-08 20:24:00,247.25,DMA_120_BALTIMORE
6cbd58ee-f7fc-445b-b25c-aeb1e36b2f44,USR_12050,ORD_100952,2026-02-14 21:00:00,46.19,DMA_131_INDIANAPOLIS
bf3a2e6d-db15-4044-98c0-9d38ad249cef,USR_12051,ORD_100953,2026-02-25 17:25:00,76.73,DMA_101_NEW_YORK
4c969db3-34dd-4f2d-9dd5-4c12f7f0ae66,USR_12056,ORD_100954,2026-03-05 14:00:00,258.57,DMA_120_BALTIMORE
bc408f10-144d-429f-9ff8-5e3e067defa8,USR_12059,ORD_100955,2026-04-14 20:38:00,44.7,DMA_142_BUFFALO
0e21298f-846f-456a-bdf2-42dcc6841a88,USR_12060,ORD_100956,2026-04-23 01:00:00,86.65,DMA_120_BALTIMORE
5697312f-aeea-4339-a916-7d0d36d4a836,USR_12063,ORD_100957,2026-06-09 00:00:00,149.76,DMA_147_GREENVILLE
e3f1c850-82e9-49cd-928a-d7117218e14f,USR_12065,ORD_100958,2026-02-23 08:39:00,21.68,DMA_148_ALBUQUERQUE
79fa7cca-5078-4108-bd3e-b3a6ddc03dfe,USR_12067,ORD_100959,2026-06-03 08:26:00,121.52,DMA_115_HOUSTON
cf269f93-acba-4427-8fd1-073f02274afe,USR_12068,ORD_100960,2026-03-25 16:00:00,67.01,DMA_126_ST_LOUIS
c1dcc865-b40a-469d-8551-905d9f7b423d,USR_12071,ORD_100961,2026-06-21 11:00:00,61.48,DMA_115_HOUSTON
0029b25e-3285-4da4-8289-b02a8285286d,USR_12072,ORD_100962,2026-03-29 16:00:00,44.09,DMA_128_NASHVILLE
7455b347-e86a-4bd5-8a46-8b460f6b3332,USR_12073,ORD_100963,2026-05-09 23:32:00,49.29,DMA_121_CLEVELAND
78a48fb3-b5d1-4fa1-865e-125524bbcb00,USR_12077,ORD_100964,2026-01-23 00:20:00,22.14,DMA_129_SALT_LAKE_CITY
32d4d871-198e-4a1f-bce6-782a1951a316,USR_12078,ORD_100965,2026-05-19 10:00:00,79.41,DMA_101_NEW_YORK
72accf8b-2f4e-4342-a279-21038b98e970,USR_12079,ORD_100966,2026-02-12 12:58:00,191.53,DMA_140_LOUISVILLE
7cbb765f-57b7-45c1-b7fb-d15ee433559a,USR_12083,ORD_100967,2026-04-16 21:40:00,83.82,DMA_101_NEW_YORK
79aa9793-9098-4136-9a42-f3c63d0d2e31,USR_12088,ORD_100968,2026-05-25 17:56:00,138.09,DMA_102_CHICAGO
e601a31d-38ee-4a90-be89-4b3bd62b3e61,USR_12092,ORD_100969,2026-03-08 04:08:00,71.91,DMA_135_MILWAUKEE
b8ca60fb-6aec-484e-b98b-41119f8ffa2a,USR_12101,ORD_100970,2026-04-15 17:21:00,62.87,DMA_104_DALLAS
07255bf7-0959-48fa-b861-763d2179505a,USR_12104,ORD_100971,2026-06-10 09:00:00,61.67,DMA_136_RALEIGH
12990b52-13b7-4a7c-9324-a9abcb5d1c24,USR_12105,ORD_100972,2026-02-22 06:00:00,49.16,DMA_109_DENVER
b952e858-4aad-4d88-ab08-248532850691,USR_12106,ORD_100973,2026-01-23 17:00:00,149.96,DMA_142_BUFFALO
91b18c3b-1137-4da9-8420-4d5d460b4e82,USR_12108,ORD_100974,2026-05-23 04:23:00,61.66,DMA_111_PHOENIX
2b8f71a5-9461-493a-b7aa-cb5f42fc221f,USR_12109,ORD_100975,2026-05-18 08:35:00,42.36,DMA_100_SAN_FRANCISCO
acdaadc7-9407-4f24-9b2b-98e7f6f22412,USR_12113,ORD_100976,2026-01-15 16:00:00,223.98,DMA_142_BUFFALO
53525849-ae13-407f-9915-1c76404fbd8f,USR_12115,ORD_100977,2026-06-15 18:00:00,99.79,DMA_104_DALLAS
237fc4ce-dd57-4c5b-b64e-4fa8af8fb81f,USR_12116,ORD_100978,2026-06-21 07:00:00,125.46,DMA_135_MILWAUKEE
9363dfe8-e2ef-4f19-9688-e29b62111f91,USR_12117,ORD_100979,2026-04-02 02:00:00,128.81,DMA_100_SAN_FRANCISCO
aa6c5150-b5bf-4904-9d67-83c5cc31b9ac,USR_12118,ORD_100980,2026-05-02 04:00:00,50.96,DMA_126_ST_LOUIS
6eef4886-8c48-4a5a-a03a-189db5950403,USR_12120,ORD_100981,2026-05-06 06:00:00,168.46,DMA_119_ORLANDO
df58e7da-bb7a-443c-8a51-1475924d1d25,USR_12123,ORD_100982,2026-03-13 05:28:00,87.23,DMA_110_MIAMI
af297b4b-04a3-4164-a7d4-b3b017554557,USR_12124,ORD_100983,2026-01-16 07:53:00,41.48,DMA_128_NASHVILLE
d1b2d96a-c6ec-4214-9765-d4615bd78202,USR_12125,ORD_100984,2026-03-08 02:00:00,212.9,DMA_113_SAN_DIEGO
c3bbf783-57ce-43e8-8c7b-ff11efc938e5,USR_12126,ORD_100985,2026-06-03 02:33:00,56.47,DMA_139_RICHMOND
acca80b2-3b73-4521-ae5c-639e9f9c6a7e,USR_12128,ORD_100986,2026-04-29 17:54:00,85.27,DMA_126_ST_LOUIS
5f30370e-ac38-4322-a6f8-ee4f9a0ee9bd,USR_12130,ORD_100987,2026-01-14 04:00:00,134.62,DMA_122_SACRAMENTO
d9ff7111-3c69-438c-8473-8685f44ea3dd,USR_12134,ORD_100988,2026-02-10 01:00:00,75.54,DMA_139_RICHMOND
07f67cbc-eaac-4473-a9e7-9e6b592d26d7,USR_12136,ORD_100989,2026-04-26 15:32:00,119.19,DMA_142_BUFFALO
8af97014-e300-43c4-97fd-b062a7681bf1,USR_12140,ORD_100990,2026-02-13 09:00:00,55.33,DMA_104_DALLAS
bd98f76f-86ab-4050-b2e2-3f3c2330c5be,USR_12141,ORD_100991,2026-01-06 01:06:00,40.11,DMA_112_PHILADELPHIA
bcacc778-3ca6-4633-9168-e188fc8008d9,USR_12142,ORD_100992,2026-03-04 14:58:00,59.02,DMA_147_GREENVILLE
3710b48d-835c-4fc7-b3b7-061954629a7b,USR_12143,ORD_100993,2026-03-16 12:00:00,109.98,DMA_121_CLEVELAND
5544bd09-30b0-45bc-8188-63d7115ffe82,USR_12144,ORD_100994,2026-04-04 16:00:00,212.47,DMA_126_ST_LOUIS
a180cf6e-90e1-4aed-8929-b40045e87906,USR_12146,ORD_100995,2026-03-24 16:00:00,200.53,DMA_111_PHOENIX
87d79857-7da0-460c-8ebe-339830788325,USR_12147,ORD_100996,2026-06-10 04:25:00,91.37,DMA_126_ST_LOUIS
3e5a1ff9-5a89-462a-883a-23e3f1888272,USR_12157,ORD_100997,2026-02-08 09:00:00,55.09,DMA_100_SAN_FRANCISCO
c691670b-04f4-44fc-b5df-39eac6ebfe20,USR_12158,ORD_100998,2026-06-03 21:00:00,225.75,DMA_110_MIAMI
89c249eb-8898-4943-bc5a-00dd0be41bf9,USR_12162,ORD_100999,2026-04-01 22:00:00,37.24,DMA_129_SALT_LAKE_CITY
528a96bd-a646-4230-8f7a-06060e3fb559,USR_12169,ORD_101000,2026-06-01 16:15:00,71.56,DMA_141_NEW_ORLEANS
726ba58c-1250-448c-a46d-8dd0e2987ace,USR_12173,ORD_101001,2026-02-28 15:00:00,292.23,DMA_129_SALT_LAKE_CITY
e9f0e6bd-a5dc-4c83-b0b0-638b5f2a531a,USR_12176,ORD_101002,2026-02-24 10:00:00,90.22,DMA_103_LOS_ANGELES
9772a5c3-2c57-498e-8cdc-0f24411f7a37,USR_12177,ORD_101003,2026-03-17 01:43:00,123.4,DMA_126_ST_LOUIS
4e160681-74fa-483e-842c-bd53a6a4cc08,USR_12178,ORD_101004,2026-04-07 16:59:00,154.86,DMA_139_RICHMOND
20f31178-1e69-4881-896f-f18ade8c6cff,USR_12183,ORD_101005,2026-01-08 16:07:00,145.05,DMA_100_SAN_FRANCISCO
56266b33-ae21-4bf2-9ad1-4405abd7c78c,USR_12189,ORD_101006,2026-02-23 18:00:00,150.26,DMA_137_OKLAHOMA_CITY
f53766a8-79c9-4986-ae45-2aa2f3cf3c68,USR_12190,ORD_101007,2026-02-25 12:43:00,29.16,DMA_126_ST_LOUIS
2be0481d-c0d1-4ab9-a49a-270a8482a597,USR_12194,ORD_101008,2026-03-14 11:00:00,124.37,DMA_145_BIRMINGHAM
55953618-6dcc-4f23-b318-4f66fb5951c9,USR_12195,ORD_101009,2026-01-03 19:32:00,64.27,DMA_115_HOUSTON
2cf62d70-d39c-415a-bbd7-42e10d513eb3,USR_12196,ORD_101010,2026-02-21 19:33:00,53.21,DMA_131_INDIANAPOLIS
fa58860e-8a06-4738-afd1-cb5a2f16592b,USR_12201,ORD_101011,2026-04-11 11:00:00,131.33,DMA_133_KANSAS_CITY
479696d1-3dbe-48c2-9873-66c4d2f7c3f6,USR_12202,ORD_101012,2026-01-15 05:00:00,55.56,DMA_132_SAN_ANTONIO
ee9b3041-6602-4a87-b04f-6ea05760be73,USR_12205,ORD_101013,2026-06-01 12:00:00,75.69,DMA_108_BOSTON
d3439a36-2060-4770-a2d9-8d276d948354,USR_12209,ORD_101014,2026-01-17 20:37:00,100.5,DMA_100_SAN_FRANCISCO
9d29aa0b-98c1-4d46-903e-0411fd1efec6,USR_12210,ORD_101015,2026-06-25 10:00:00,110.59,DMA_125_LAS_VEGAS
5f417798-91a3-4687-9c63-26b666344059,USR_12212,ORD_101016,2026-01-24 20:53:00,77.81,DMA_144_PROVIDENCE
85a576e6-1660-4aca-abc4-99ec06fb0770,USR_12213,ORD_101017,2026-04-03 21:00:00,80.96,DMA_117_MINNEAPOLIS
12edaeb5-f264-44b0-a802-222535df729f,USR_12214,ORD_101018,2026-05-26 23:00:00,35.55,DMA_117_MINNEAPOLIS
70e9235a-2189-4042-b878-72fb41fe4293,USR_12215,ORD_101019,2026-03-06 09:20:00,58.67,DMA_113_SAN_DIEGO
2aea07d0-20ee-4a4b-8a15-11b66ed0e8af,USR_12219,ORD_101020,2026-06-17 17:00:00,77.87,DMA_122_SACRAMENTO
010bcb6f-db7b-43a4-bd54-b3cb0a9abfbd,USR_12220,ORD_101021,2026-01-12 11:00:00,62.33,DMA_140_LOUISVILLE
bfa3989b-d646-4911-80de-c5e02b0b5f06,USR_12221,ORD_101022,2026-02-27 11:00:00,169.21,DMA_122_SACRAMENTO
d7045ccf-2251-4e66-99cc-73362cc4072e,USR_12222,ORD_101023,2026-03-30 10:00:00,71.6,DMA_130_COLUMBUS
d6da338a-109a-40ad-91e0-75de6dcb6bd1,USR_12223,ORD_101024,2026-02-26 16:00:00,63.56,DMA_146_ROCHESTER
ff22803b-f1ac-4859-bc5f-abcee0997bf1,USR_12225,ORD_101025,2026-04-18 14:19:00,89.79,DMA_108_BOSTON
b3d4515d-c67e-49bf-a78c-b4648b10b483,USR_12226,ORD_101026,2026-01-26 05:53:00,50.47,DMA_143_HARTFORD
887bcfaf-5ca2-4726-a612-814a3745267a,USR_12227,ORD_101027,2026-03-18 12:00:00,88.34,DMA_113_SAN_DIEGO
54ea89be-1b78-494e-8253-0ec6d24050ff,USR_12228,ORD_101028,2026-03-26 13:00:00,54.11,DMA_125_LAS_VEGAS
b38dc6ce-47d3-47eb-8d1c-28cdff6c6ca7,USR_12231,ORD_101029,2026-02-07 21:42:00,73.11,DMA_126_ST_LOUIS
ee634b1f-eea1-4c57-a727-fcab00200ff0,USR_12232,ORD_101030,2026-04-30 19:13:00,256.34,DMA_107_ATLANTA
fb5a77bd-2f2b-4e59-8a97-c3f054298757,USR_12234,ORD_101031,2026-05-20 14:00:00,54.16,DMA_103_LOS_ANGELES
dc3cb922-ea1a-428b-9055-1b39f8f60f2e,USR_12236,ORD_101032,2026-01-24 17:00:00,88.7,DMA_120_BALTIMORE
fa6af9ac-e513-4670-a631-2111ba643df9,USR_12238,ORD_101033,2026-04-28 21:27:00,36.86,DMA_126_ST_LOUIS
c9645def-58ec-43b9-af6d-2e29278919d5,USR_12244,ORD_101034,2026-02-21 01:00:00,22.35,DMA_130_COLUMBUS
f2730ab3-0317-4949-bc17-3a8fe55814da,USR_12249,ORD_101035,2026-04-24 01:00:00,87.41,DMA_147_GREENVILLE
1563f13a-6de9-486d-a0e2-be71a142e892,USR_12254,ORD_101036,2026-03-08 12:00:00,38.74,DMA_146_ROCHESTER
2f6def82-e826-4201-87cb-a85e8fecf33d,USR_12256,ORD_101037,2026-02-12 06:00:00,65.65,DMA_143_HARTFORD
e20766c8-1ce0-4f93-96cc-64c8e2864d98,USR_12258,ORD_101038,2026-05-14 20:21:00,24.97,DMA_139_RICHMOND
8065cbd2-f7b3-4690-9dd2-503da58b60e2,USR_12259,ORD_101039,2026-05-03 09:42:00,172.79,DMA_136_RALEIGH
1c1f3ae0-b92a-4508-8be1-8f77084dac3b,USR_12262,ORD_101040,2026-02-03 02:00:00,238.79,DMA_115_HOUSTON
815337eb-ffda-4e79-a89e-f57b2a43face,USR_12264,ORD_101041,2026-05-14 19:00:00,52.7,DMA_127_CHARLOTTE
ab6cc6c0-77bc-4842-84fd-ff9557518bd4,USR_12266,ORD_101042,2026-04-18 07:48:00,81.54,DMA_144_PROVIDENCE
4dd9b503-1fba-4bf9-b50d-c2ff1a5f97fc,USR_12267,ORD_101043,2026-06-06 20:00:00,62.51,DMA_138_MEMPHIS
c1548884-4f54-4496-80b3-cf194b042869,USR_12269,ORD_101044,2026-02-27 20:00:00,65.14,DMA_145_BIRMINGHAM
d9105eae-b3f0-4fb4-9066-8830bcfafbb4,USR_12273,ORD_101045,2026-06-09 15:17:00,122.61,DMA_113_SAN_DIEGO
09d5f4d1-af9e-43cf-ba5b-18c220f16ef5,USR_12274,ORD_101046,2026-05-09 11:00:00,66.16,DMA_127_CHARLOTTE
fc0fceea-3270-4844-9d2d-eeb13b1415eb,USR_12275,ORD_101047,2026-03-17 18:00:00,120.28,DMA_110_MIAMI
6a72269f-ee11-4658-b905-83fdbbc90fd2,USR_12277,ORD_101048,2026-05-12 13:47:00,73.48,DMA_142_BUFFALO
3d7594ac-a8ea-48aa-ac95-cfa7494c8c65,USR_12279,ORD_101049,2026-05-24 10:00:00,115.03,DMA_139_RICHMOND
ca0800f2-a434-4c37-8b6a-35d78d1b56f4,USR_12280,ORD_101050,2026-01-28 22:00:00,74.84,DMA_142_BUFFALO
9fe9b03e-8013-4223-b296-472340837416,USR_12281,ORD_101051,2026-03-16 21:00:00,124.08,DMA_114_SAN_JOSE
68a378b9-3db6-49d2-bde7-f001fe2452de,USR_12283,ORD_101052,2026-02-04 17:26:00,123.28,DMA_139_RICHMOND
15f7f9d6-37a1-4187-8832-a174545cb477,USR_12285,ORD_101053,2026-05-09 14:00:00,88.36,DMA_117_MINNEAPOLIS
2bc90777-ae20-4c59-808c-d6718f96f888,USR_12287,ORD_101054,2026-05-21 16:34:00,42.32,DMA_108_BOSTON
e248c811-250c-4733-aca6-0a255603c4c6,USR_12288,ORD_101055,2026-03-27 11:00:00,60.72,DMA_113_SAN_DIEGO
fad7b49e-7927-4a84-b173-444b81ddc4ae,USR_12293,ORD_101056,2026-03-26 02:00:00,46.23,DMA_108_BOSTON
4089c494-7b07-4b2b-a263-4553f434c9c8,USR_12295,ORD_101057,2026-06-22 04:00:00,65.64,DMA_104_DALLAS
6a96cc44-ebcf-4ca9-aa5c-7cb0b0b434a6,USR_12297,ORD_101058,2026-05-06 14:27:00,133.51,DMA_145_BIRMINGHAM
c12b16d7-7138-467a-bae0-cc62eae1b479,USR_12298,ORD_101059,2026-04-07 15:08:00,49.42,DMA_133_KANSAS_CITY
5f86d4a7-dc1c-4e06-be4e-a8d1e3eca68d,USR_12304,ORD_101060,2026-04-06 19:22:00,38.28,DMA_131_INDIANAPOLIS
f64b815c-e708-45fd-af64-a7da444dd0ab,USR_12305,ORD_101061,2026-03-15 20:20:00,23.52,DMA_143_HARTFORD
1d5075f5-2a2f-442a-977e-304e9ffb8603,USR_12307,ORD_101062,2026-01-08 07:35:00,157.96,DMA_116_DETROIT
402e77fa-504f-4ae8-9f49-0fb04825e2f7,USR_12308,ORD_101063,2026-04-30 13:40:00,30.67,DMA_124_PORTLAND
9cbaf4af-31bc-421d-bafc-84511bf7d8eb,USR_12309,ORD_101064,2026-03-14 00:21:00,57.35,DMA_130_COLUMBUS
7950c627-7d3a-434b-830e-bfba40d1016b,USR_12311,ORD_101065,2026-01-23 02:25:00,31.23,DMA_119_ORLANDO
3f1f81c3-ac8a-4274-b999-140f4c92b72d,USR_12312,ORD_101066,2026-05-01 06:46:00,97.06,DMA_148_ALBUQUERQUE
403aa1e1-443f-4efd-94fb-493cb2ef187d,USR_12313,ORD_101067,2026-03-03 04:00:00,68.72,DMA_149_TUCSON
2c52f5f5-a264-42b7-befd-2eff375efa84,USR_12315,ORD_101068,2026-02-03 13:32:00,125.03,DMA_143_HARTFORD
e67c31da-f8bb-4369-8f67-5830de623719,USR_12317,ORD_101069,2026-06-10 23:00:00,135.82,DMA_119_ORLANDO
7751470d-ce1a-420c-9c4d-e412a070c021,USR_12319,ORD_101070,2026-01-18 10:00:00,272.92,DMA_139_RICHMOND
4be8ada1-76dd-4c15-9dbd-0f7dbfed2ce5,USR_12320,ORD_101071,2026-03-06 01:27:00,143.59,DMA_104_DALLAS
e251f103-0149-4246-98fc-e5522014651b,USR_12321,ORD_101072,2026-03-11 18:00:00,97.78,DMA_104_DALLAS
b32c9acf-c531-410a-acb9-ac728774243d,USR_12322,ORD_101073,2026-04-28 01:00:00,121.91,DMA_147_GREENVILLE
6a871b10-255c-4f05-8cbd-ec51eaf91ff2,USR_12323,ORD_101074,2026-02-09 02:00:00,101.24,DMA_144_PROVIDENCE
4c162471-6f49-47b3-a575-5c8bd83d887e,USR_12326,ORD_101075,2026-02-02 21:00:00,109.82,DMA_118_TAMPA
5507ae27-2cdc-4272-a5e4-18bcdab910eb,USR_12327,ORD_101076,2026-04-27 17:00:00,123.97,DMA_147_GREENVILLE
173cb02f-89f3-4627-9a6b-2756a167a56e,USR_12328,ORD_101077,2026-01-11 17:00:00,163.16,DMA_106_AUSTIN
53480e94-b143-482a-80a5-405a84a74cbd,USR_12331,ORD_101078,2026-05-23 10:00:00,167.84,DMA_101_NEW_YORK
e75c8ba5-e12d-4403-9c3f-53bc159edf17,USR_12332,ORD_101079,2026-05-06 16:00:00,84.34,DMA_135_MILWAUKEE
3ee9c3da-8099-432c-a3bb-e692c91f069c,USR_12333,ORD_101080,2026-04-17 00:00:00,55.72,DMA_126_ST_LOUIS
c4bde5ab-cffb-46b7-8781-3d6c4150ebe3,USR_12334,ORD_101081,2026-06-15 09:00:00,67.96,DMA_144_PROVIDENCE
d6af4e94-4c4b-4c4b-9c60-7629a51a9ee7,USR_12336,ORD_101082,2026-05-24 05:50:00,37.44,DMA_115_HOUSTON
22353707-ead7-4d58-834a-38ecf1b2b01e,USR_12337,ORD_101083,2026-03-16 09:09:00,78.42,DMA_136_RALEIGH
95e731c0-6cef-472f-a013-4b156dfd97f2,USR_12338,ORD_101084,2026-02-01 08:34:00,37.57,DMA_137_OKLAHOMA_CITY
44ef961e-a59a-4880-ad78-a5e8707b44a3,USR_12340,ORD_101085,2026-06-08 01:00:00,33.47,DMA_115_HOUSTON
da9712fc-cbf8-4fe9-a43c-cf22790a4c81,USR_12349,ORD_101086,2026-04-22 09:12:00,67.02,DMA_141_NEW_ORLEANS
d75d857c-6ef2-45c1-9cc5-cafbe11ad32f,USR_12350,ORD_101087,2026-04-14 14:38:00,91.63,DMA_139_RICHMOND
42962ff1-09e2-480e-bbd3-2b1748898a56,USR_12351,ORD_101088,2026-04-24 07:00:00,46.04,DMA_138_MEMPHIS
774fdcdd-c61c-498c-a90a-fa413fbe4e55,USR_12352,ORD_101089,2026-05-12 13:00:00,76.55,DMA_136_RALEIGH
5189a422-3868-486c-b673-093bd1adc069,USR_12354,ORD_101090,2026-01-31 21:00:00,128.55,DMA_100_SAN_FRANCISCO
85f3e718-572b-409b-a5b9-0fc1a6999b1c,USR_12355,ORD_101091,2026-05-05 08:52:00,51.19,DMA_127_CHARLOTTE
390ee7bb-941d-40dd-962c-33e9e1e5cf48,USR_12356,ORD_101092,2026-06-20 14:00:00,47.75,DMA_125_LAS_VEGAS
0085dc0c-e28a-42e5-bbb1-9902a52d28cc,USR_12358,ORD_101093,2026-01-06 21:36:00,74.79,DMA_115_HOUSTON
c11adbb5-5c07-438c-b928-afedb8087398,USR_12359,ORD_101094,2026-04-06 14:00:00,251.54,DMA_129_SALT_LAKE_CITY
37028e1b-b474-4696-8f53-34a1a8362ec1,USR_12361,ORD_101095,2026-03-31 22:00:00,39.61,DMA_106_AUSTIN
cf091e89-89f6-46c2-9f59-52eaeb290da3,USR_12362,ORD_101096,2026-01-05 11:25:00,180.12,DMA_130_COLUMBUS
2bb0586b-7dd6-4469-876f-f3ad7d8336de,USR_12363,ORD_101097,2026-06-06 08:46:00,105.18,DMA_119_ORLANDO
f694358a-8f69-429a-9f30-faecf1b6f1e6,USR_12364,ORD_101098,2026-03-05 05:00:00,95.91,DMA_145_BIRMINGHAM
cbdbf4ff-a450-47c2-a1be-4e6f3ca5c860,USR_12372,ORD_101099,2026-05-03 05:00:00,119.11,DMA_137_OKLAHOMA_CITY
93149d60-3cc5-4310-bfc6-5c934532d390,USR_12373,ORD_101100,2026-05-13 22:18:00,85.9,DMA_102_CHICAGO
3c2b08fd-2ac7-4727-9fd9-e37af6781e23,USR_12376,ORD_101101,2026-05-27 20:22:00,71.84,DMA_129_SALT_LAKE_CITY
12d04722-4891-4c4c-83fa-1561e8dd64ed,USR_12378,ORD_101102,2026-05-29 07:47:00,47.48,DMA_123_PITTSBURGH
a1aa27fb-9c21-4fae-b7e2-3c3bf5428054,USR_12381,ORD_101103,2026-02-24 07:56:00,75.86,DMA_105_SEATTLE
1abe2602-b016-4ddb-9c56-96a47d0b5178,USR_12382,ORD_101104,2026-02-04 07:00:00,42.73,DMA_122_SACRAMENTO
4b4c9ff9-d57a-48f6-bfc8-ecfb9798b25f,USR_12386,ORD_101105,2026-03-02 21:00:00,86.52,DMA_121_CLEVELAND
3a8ea9b6-aaf3-4258-9c26-1935d51a19f8,USR_12387,ORD_101106,2026-06-22 08:00:00,117.97,DMA_140_LOUISVILLE
7e1cde3f-80a6-4dc5-9db5-1978459ee89e,USR_12388,ORD_101107,2026-01-21 08:29:00,71.15,DMA_131_INDIANAPOLIS
e01010ce-bc5a-478b-8826-b64f5fecf66f,USR_12390,ORD_101108,2026-03-31 11:00:00,75.11,DMA_115_HOUSTON
b6f3f074-9637-4688-a461-ac41482343fe,USR_12392,ORD_101109,2026-04-16 08:00:00,29.39,DMA_138_MEMPHIS
129037b8-ac1d-4d34-9816-eb9f1ef880ec,USR_12396,ORD_101110,2026-05-31 04:00:00,166.87,DMA_125_LAS_VEGAS
69e25969-81b2-4f9c-8759-69393c38b324,USR_12397,ORD_101111,2026-04-15 09:00:00,63.42,DMA_112_PHILADELPHIA
15c0c2d0-8d1a-4caa-95a7-8bb95ed40680,USR_12398,ORD_101112,2026-01-28 16:00:00,167.84,DMA_110_MIAMI
3b98aabd-05e5-4f83-a6f9-78a7d54d85e2,USR_12399,ORD_101113,2026-05-07 15:10:00,31.2,DMA_106_AUSTIN
1413f072-14fa-4e22-8d09-8fd282df5859,USR_12401,ORD_101114,2026-03-25 13:00:00,16.46,DMA_136_RALEIGH
8b1c72cf-a119-46a6-baee-8b064441f959,USR_12402,ORD_101115,2026-04-28 18:00:00,120.38,DMA_148_ALBUQUERQUE
a225f45d-1bd8-4e1a-94df-dad6a405824e,USR_12403,ORD_101116,2026-04-09 12:00:00,118.75,DMA_137_OKLAHOMA_CITY
f46848df-2500-4e59-a5a0-ced3e63739d3,USR_12405,ORD_101117,2026-06-10 20:00:00,100.91,DMA_113_SAN_DIEGO
d509fd19-789d-4b5e-8a2b-e1880e99e2b9,USR_12407,ORD_101118,2026-03-03 11:12:00,83.48,DMA_128_NASHVILLE
b182dea0-a776-431b-8bcd-dd18192c1fb9,USR_12409,ORD_101119,2026-03-06 21:00:00,118.17,DMA_110_MIAMI
555b2830-a0b6-4e7f-8d93-96ed1621a0ba,USR_12413,ORD_101120,2026-04-03 11:24:00,40.81,DMA_110_MIAMI
33843d07-a624-42ec-a96c-6b458804d9ff,USR_12414,ORD_101121,2026-05-26 23:00:00,105.64,DMA_109_DENVER
c0528149-7a48-4d43-8540-eaa1ee59d333,USR_12417,ORD_101122,2026-05-28 12:24:00,42.37,DMA_142_BUFFALO
44160ea5-4e1f-4289-b26d-2bfd8f6c7ebb,USR_12418,ORD_101123,2026-02-02 17:00:00,24.26,DMA_119_ORLANDO
2c0230a1-e4be-4afc-9d07-7aa55774b422,USR_12422,ORD_101124,2026-04-16 03:00:00,178.81,DMA_106_AUSTIN
679d04f8-c5b6-4d74-be15-e0c9fa56e277,USR_12423,ORD_101125,2026-02-20 09:00:00,75.71,DMA_138_MEMPHIS
fc047f6d-7bd0-4704-82e4-5a4ffe24aba8,USR_12424,ORD_101126,2026-06-17 09:00:00,56.25,DMA_101_NEW_YORK
6292c01f-c3cf-49ec-82a2-20bc424e6f43,USR_12427,ORD_101127,2026-03-27 14:24:00,36.56,DMA_129_SALT_LAKE_CITY
e10da1a4-eef0-4e9a-adce-cc4824a0fc80,USR_12428,ORD_101128,2026-01-29 09:16:00,54.72,DMA_144_PROVIDENCE
37bf6042-9c21-41c1-bd5a-8831f5dc4d21,USR_12430,ORD_101129,2026-03-30 19:10:00,36.6,DMA_108_BOSTON
998e50b6-ddf3-48f7-9cc6-15708315b788,USR_12433,ORD_101130,2026-03-29 22:00:00,75.54,DMA_121_CLEVELAND
a9b0936a-c0dc-46c5-9714-c15c53ac3f8e,USR_12437,ORD_101131,2026-03-05 04:00:00,103.04,DMA_129_SALT_LAKE_CITY
bc67c0ad-5bab-4b00-b42b-32481d97b7c3,USR_12439,ORD_101132,2026-03-26 10:00:00,136.41,DMA_110_MIAMI
10e0c453-c8ab-4a4f-8cf4-ca779d716427,USR_12443,ORD_101133,2026-06-02 21:00:00,143.32,DMA_114_SAN_JOSE
ab10b7f9-3294-4ce8-bb98-57a37a07aa1d,USR_12444,ORD_101134,2026-03-05 16:11:00,87.93,DMA_112_PHILADELPHIA
9afa4648-f7ab-4cee-80ae-7f9de5006bd2,USR_12448,ORD_101135,2026-04-21 19:00:00,139.68,DMA_104_DALLAS
fd1c61ac-ad3b-41c0-b37f-e9f8a4a3630c,USR_12449,ORD_101136,2026-04-02 05:00:00,79.2,DMA_143_HARTFORD
ac90f895-c6e1-4a57-ae53-e7a8b5504bfa,USR_12453,ORD_101137,2026-04-20 18:00:00,30.24,DMA_135_MILWAUKEE
4bda32c3-3186-425d-96d7-c19d5cfca625,USR_12454,ORD_101138,2026-05-23 03:39:00,97.5,DMA_132_SAN_ANTONIO
ba9d366f-876e-40c6-af45-4d8e38e12014,USR_12455,ORD_101139,2026-03-04 22:00:00,85.06,DMA_138_MEMPHIS
53947349-3b61-49c8-9035-83ae55dae1c0,USR_12457,ORD_101140,2026-06-20 18:00:00,115.79,DMA_100_SAN_FRANCISCO
36c54ae9-6dcf-42d6-8645-de4615e361c2,USR_12461,ORD_101141,2026-02-01 03:00:00,58.9,DMA_123_PITTSBURGH
7f8486f3-e46d-42b1-844c-e5e2a965fa59,USR_12463,ORD_101142,2026-05-07 22:40:00,102.29,DMA_124_PORTLAND
fc7686dc-6f18-4486-8d0e-d918ead1e51f,USR_12467,ORD_101143,2026-01-09 16:52:00,34.93,DMA_137_OKLAHOMA_CITY
e3e39320-95d2-4466-9950-479bb01fbe91,USR_12468,ORD_101144,2026-01-17 06:00:00,126.9,DMA_146_ROCHESTER
97809bcf-621a-4848-8672-2a05bf0ae193,USR_12470,ORD_101145,2026-01-18 12:00:00,73.94,DMA_114_SAN_JOSE
fa9411df-df9c-41f6-8bf1-b49326599dc7,USR_12471,ORD_101146,2026-03-20 01:00:00,73.47,DMA_114_SAN_JOSE
ae9bde1d-f36e-4da3-bf50-f75238cb8d51,USR_12474,ORD_101147,2026-05-20 12:17:00,43.81,DMA_134_CINCINNATI
ce5c88cf-bc62-400f-8cb1-759e203b171d,USR_12475,ORD_101148,2026-01-19 08:00:00,59.6,DMA_146_ROCHESTER
e130fc40-0e48-4486-9885-c87918e6b7b7,USR_12478,ORD_101149,2026-06-11 18:56:00,55.32,DMA_124_PORTLAND
94902af0-7ecd-4042-bf8b-9ca52efec9a4,USR_12481,ORD_101150,2026-06-14 03:00:00,66.4,DMA_143_HARTFORD
cb8728e4-2e70-47ce-8049-e7e6506b8e41,USR_12482,ORD_101151,2026-03-21 09:33:00,69.53,DMA_100_SAN_FRANCISCO
24ce888a-0657-48b8-8d43-1cef40b33d5a,USR_12483,ORD_101152,2026-05-22 19:00:00,65.89,DMA_102_CHICAGO
6bb0ef29-8444-4136-8e62-d0d1ea7ab75a,USR_12484,ORD_101153,2026-01-07 07:18:00,60.87,DMA_117_MINNEAPOLIS
9c27aed1-9eb0-44c7-98e6-bc7534eb1f9e,USR_12486,ORD_101154,2026-06-19 14:00:00,91.71,DMA_111_PHOENIX
835f32f0-cfa9-4ebd-b0f8-e0b61f6aad2a,USR_12487,ORD_101155,2026-03-24 07:30:00,28.06,DMA_110_MIAMI
1e8a6781-bf6e-4d2f-9fe1-67f355a1cb2d,USR_12490,ORD_101156,2026-04-19 04:00:00,220.74,DMA_115_HOUSTON
a4fb55d0-f084-49f6-9a62-ba1672f7c620,USR_12492,ORD_101157,2026-02-24 05:00:00,77.86,DMA_101_NEW_YORK
ed6374e5-74b9-4aa9-9bae-93aac48af579,USR_12494,ORD_101158,2026-04-14 11:18:00,98.5,DMA_140_LOUISVILLE
9ba3c9c6-fbe3-45b1-a7ea-0599416e86a1,USR_12495,ORD_101159,2026-04-19 14:00:00,116.67,DMA_146_ROCHESTER
f9114e4d-3cb1-42e5-9075-b39e5f705725,USR_12496,ORD_101160,2026-03-04 03:00:00,119.35,DMA_109_DENVER
bb7258c6-61d6-49fe-a661-33a5e2af5ebc,USR_12497,ORD_101161,2026-02-03 09:00:00,84.23,DMA_141_NEW_ORLEANS
8447469f-8fdf-45cd-8a2a-54bd0fe42057,USR_12498,ORD_101162,2026-06-19 13:00:00,52.56,DMA_118_TAMPA
2d1bf1ad-2594-4419-a7b6-972d1da85a78,USR_12500,ORD_101163,2026-04-19 02:31:00,93.57,DMA_120_BALTIMORE
6a2f59f0-1bdb-40ae-85a8-180c47dd235b,USR_12501,ORD_101164,2026-05-30 14:17:00,45.26,DMA_104_DALLAS
189c2585-942e-4150-9088-e15580ad259d,USR_12503,ORD_101165,2026-04-14 22:00:00,48.27,DMA_119_ORLANDO
7bdd4f92-7e1a-47a4-ad37-e1fc1edd79e1,USR_12505,ORD_101166,2026-05-16 17:13:00,29.5,DMA_149_TUCSON
af8c17fd-095f-42a4-92a8-687d14ce689f,USR_12509,ORD_101167,2026-05-28 21:09:00,53.01,DMA_114_SAN_JOSE
7606c23e-66e7-4a45-84b2-6c442bf7473e,USR_12510,ORD_101168,2026-06-04 08:00:00,59.34,DMA_145_BIRMINGHAM
8c8aa8d1-8300-4b04-83f3-104b6000f363,USR_12511,ORD_101169,2026-06-18 09:00:00,71.24,DMA_111_PHOENIX
557275d2-9f74-4280-bc72-f47b66293ca7,USR_12512,ORD_101170,2026-06-02 21:47:00,72.17,DMA_122_SACRAMENTO
104d7254-a011-4d88-9bc8-341a939c4ec2,USR_12513,ORD_101171,2026-01-23 20:00:00,51.04,DMA_144_PROVIDENCE
f7e81117-f384-4cae-9961-312ae8a2dc09,USR_12515,ORD_101172,2026-01-28 23:00:00,129.66,DMA_122_SACRAMENTO
50c462d9-6511-44de-826e-8cdbf84b22f1,USR_12518,ORD_101173,2026-03-13 05:00:00,67.93,DMA_125_LAS_VEGAS
99452cee-ac9d-4b50-b184-bd7da68291f1,USR_12519,ORD_101174,2026-02-14 11:00:00,38.21,DMA_122_SACRAMENTO
5ca98d59-a1e1-4860-91b6-0da1fc620a7d,USR_12524,ORD_101175,2026-05-24 02:00:00,120.19,DMA_109_DENVER
06c759c8-e03c-43be-abcc-d44399d40ab1,USR_12525,ORD_101176,2026-01-16 11:00:00,59.29,DMA_135_MILWAUKEE
7e5b0b43-2b61-4808-9692-5b3d138d449f,USR_12527,ORD_101177,2026-06-03 21:00:00,153.82,DMA_116_DETROIT
2f511aa0-8bcc-4fb5-a03a-d2ba260bcfd5,USR_12529,ORD_101178,2026-01-07 06:00:00,269.82,DMA_122_SACRAMENTO
cba42ce1-fe7b-45a3-9e6a-4ce932665a97,USR_12532,ORD_101179,2026-04-11 09:00:00,29.91,DMA_111_PHOENIX
0b80c5b5-e427-4464-a891-0bff8be9c38f,USR_12535,ORD_101180,2026-02-12 02:00:00,56.22,DMA_119_ORLANDO
7a738aff-0fc4-4c6c-97a4-4e07bddaa319,USR_12541,ORD_101181,2026-06-04 20:35:00,41.42,DMA_136_RALEIGH
2d2cf5b0-28b3-4e9e-804b-9a05b774cc77,USR_12543,ORD_101182,2026-05-24 07:00:00,59.97,DMA_134_CINCINNATI
45a2e8ed-a4d9-4a60-88bc-1d538a81268b,USR_12545,ORD_101183,2026-03-01 09:54:00,104.61,DMA_141_NEW_ORLEANS
c6af5afd-d8d2-4523-b8ad-c64117c8d30c,USR_12546,ORD_101184,2026-04-09 03:00:00,118.01,DMA_128_NASHVILLE
314e5441-1925-43b5-bf7d-ffdf9887d0da,USR_12552,ORD_101185,2026-03-06 10:00:00,156.14,DMA_111_PHOENIX
c3d9fc52-6ea6-45ad-8270-978306dfb16b,USR_12553,ORD_101186,2026-02-03 02:00:00,56.85,DMA_131_INDIANAPOLIS
7d817738-1148-4208-9029-e86859fb07bd,USR_12555,ORD_101187,2026-02-25 22:00:00,204.86,DMA_109_DENVER
25d7444a-5c91-40f3-9848-ab525854b984,USR_12556,ORD_101188,2026-05-04 02:00:00,136.61,DMA_121_CLEVELAND
9aa0544e-097d-4e55-99be-2ee9fcf8612c,USR_12557,ORD_101189,2026-01-06 12:11:00,76.85,DMA_143_HARTFORD
69b1b0a8-e738-4801-9fb5-13248905f034,USR_12559,ORD_101190,2026-01-15 06:42:00,40.69,DMA_102_CHICAGO
d57935bb-66f6-4aed-a688-625e575408a4,USR_12561,ORD_101191,2026-03-09 01:00:00,143.68,DMA_115_HOUSTON
116ab746-2573-4749-bd9a-5aaab85744de,USR_12562,ORD_101192,2026-02-10 23:00:00,87.93,DMA_135_MILWAUKEE
dc594228-5f2a-4f3b-9b58-22a5f93aa773,USR_12564,ORD_101193,2026-04-17 22:31:00,60.78,DMA_116_DETROIT
33b3c219-3de1-4bd0-b791-9483551f74bf,USR_12565,ORD_101194,2026-05-09 18:25:00,56.78,DMA_123_PITTSBURGH
4c79ff62-c081-421d-be78-901f5469f5ea,USR_12567,ORD_101195,2026-05-09 19:00:00,41.75,DMA_116_DETROIT
94de2774-32cb-493c-a628-e5dda099d979,USR_12568,ORD_101196,2026-02-12 13:00:00,100.86,DMA_119_ORLANDO
d358a654-71ab-443e-863b-c3ff4863e42c,USR_12571,ORD_101197,2026-03-09 04:40:00,73.14,DMA_148_ALBUQUERQUE
424e3cb5-36b7-4d4f-a613-ab657ab77f83,USR_12574,ORD_101198,2026-04-04 05:07:00,106.59,DMA_106_AUSTIN
d98121bd-8f7b-469a-8c05-c9ed5f040d23,USR_12575,ORD_101199,2026-04-30 20:11:00,28.95,DMA_130_COLUMBUS
e4bdbfc6-b0b2-4a8e-8bae-3470810f9761,USR_12577,ORD_101200,2026-06-14 17:00:00,169.9,DMA_128_NASHVILLE
acd20734-fe2b-4738-81d4-6d14b7217f1f,USR_12578,ORD_101201,2026-02-14 01:10:00,40.49,DMA_139_RICHMOND
37b9221c-64c2-4770-945d-342ee874b50e,USR_12586,ORD_101202,2026-01-23 00:00:00,167.67,DMA_118_TAMPA
fb41ae26-9da2-4fae-9dfa-353ec2cd2d7a,USR_12587,ORD_101203,2026-04-19 16:44:00,42.93,DMA_126_ST_LOUIS
6019d510-4735-4b9d-a931-2a402633be96,USR_12591,ORD_101204,2026-05-28 17:00:00,46.71,DMA_110_MIAMI
23d10b11-c8d4-47dd-ba35-e5dfe0028dac,USR_12593,ORD_101205,2026-01-10 15:00:00,134.19,DMA_124_PORTLAND
cfe9e836-e844-4889-b273-a37ec39cca14,USR_12594,ORD_101206,2026-03-04 07:00:00,288.51,DMA_139_RICHMOND
08d82a07-a9ed-4f0f-b3dc-50359a53c82d,USR_12595,ORD_101207,2026-05-29 06:21:00,74.87,DMA_104_DALLAS
cfcc2ca6-e978-4860-9a65-da184deac9f7,USR_12596,ORD_101208,2026-03-05 16:43:00,92.13,DMA_124_PORTLAND
65d66022-e07c-4d32-9720-ed43dc4e2b07,USR_12597,ORD_101209,2026-02-11 12:00:00,152.76,DMA_101_NEW_YORK
015659b8-30bc-4605-bf78-af8503fd995e,USR_12598,ORD_101210,2026-05-13 01:00:00,95.64,DMA_116_DETROIT
7d2b5abe-5493-4061-9cf2-c832a573d2d1,USR_12599,ORD_101211,2026-03-01 03:29:00,42.18,DMA_120_BALTIMORE
568b26b2-cb89-434a-b5f0-7847a624aa1c,USR_12600,ORD_101212,2026-02-14 00:00:00,203.01,DMA_102_CHICAGO
3b24e6f7-cc1f-4dfd-85a8-138c58c42d99,USR_12601,ORD_101213,2026-01-17 03:13:00,119.71,DMA_112_PHILADELPHIA
7d02eeed-0b88-465d-92fd-98c6867bf9f6,USR_12605,ORD_101214,2026-03-11 12:42:00,71.32,DMA_139_RICHMOND
d1b857e5-a985-4ab5-893c-6786781a566e,USR_12607,ORD_101215,2026-02-18 18:00:00,35.27,DMA_121_CLEVELAND
0e4f4249-c2ec-4b54-b7c9-9eaffaf269d2,USR_12608,ORD_101216,2026-05-27 20:00:00,221.86,DMA_130_COLUMBUS
17971688-0ccf-4084-9225-c69f0292049d,USR_12609,ORD_101217,2026-01-02 13:16:00,48.72,DMA_105_SEATTLE
7725e31d-b068-44b2-8735-934b65c247f4,USR_12610,ORD_101218,2026-05-18 07:57:00,57.74,DMA_142_BUFFALO
6bbd131b-1088-4b88-be97-953da6d48119,USR_12612,ORD_101219,2026-01-22 13:00:00,170.95,DMA_141_NEW_ORLEANS
8be84934-7f24-47ae-9c4c-17008a49b924,USR_12616,ORD_101220,2026-02-24 18:00:00,95.08,DMA_145_BIRMINGHAM
ad21b925-503d-444e-bfc6-23bd66a8df9b,USR_12617,ORD_101221,2026-06-19 03:00:00,246.12,DMA_143_HARTFORD
434ab3fb-97dc-4f6b-9c61-9dd634085cea,USR_12619,ORD_101222,2026-03-13 00:00:00,51.04,DMA_123_PITTSBURGH
964cbc7d-9290-48d7-a59b-e3a6e8ee5ff4,USR_12620,ORD_101223,2026-06-11 12:13:00,42.16,DMA_144_PROVIDENCE
2b0e7822-44ea-4fb2-956f-a045799a39a1,USR_12629,ORD_101224,2026-05-27 10:42:00,78.52,DMA_130_COLUMBUS
94f68eea-8ee8-400d-8e07-ad224d3a76c3,USR_12630,ORD_101225,2026-01-16 22:06:00,53.0,DMA_136_RALEIGH
851d5c49-a565-48f6-aac7-68a642823e9d,USR_12633,ORD_101226,2026-03-01 08:56:00,27.96,DMA_146_ROCHESTER
5cc3f606-5bcb-442c-9463-a6de3715cf32,USR_12634,ORD_101227,2026-04-04 15:09:00,239.21,DMA_132_SAN_ANTONIO
f15c8d07-80cf-4d2c-ab86-5319f2f517a4,USR_12636,ORD_101228,2026-01-30 03:14:00,48.37,DMA_108_BOSTON
2f97c95b-8f85-49b3-9107-686b3304cde4,USR_12637,ORD_101229,2026-02-12 19:10:00,73.56,DMA_101_NEW_YORK
f593cadd-e1eb-41e4-ab73-97f89bec9cf8,USR_12639,ORD_101230,2026-03-27 04:00:00,52.33,DMA_137_OKLAHOMA_CITY
a33b4d62-b038-4ee0-b130-0ce203d518bc,USR_12642,ORD_101231,2026-01-03 20:18:00,178.65,DMA_105_SEATTLE
14d7cabf-6dc3-487d-b0dd-fc4d6bea2a02,USR_12643,ORD_101232,2026-05-26 08:00:00,88.97,DMA_144_PROVIDENCE
516af297-352f-4d2e-b047-6d078e792fdc,USR_12644,ORD_101233,2026-06-17 04:00:00,148.68,DMA_116_DETROIT
d5c3b4af-4e74-4a5f-a80b-48646c87d97a,USR_12648,ORD_101234,2026-03-27 11:00:00,103.89,DMA_143_HARTFORD
ae75bce2-22aa-4fd9-9c90-e195e104c626,USR_12651,ORD_101235,2026-03-12 11:25:00,85.75,DMA_121_CLEVELAND
1d4799f7-ac0d-43df-87fa-505a322d890f,USR_12652,ORD_101236,2026-03-03 16:00:00,264.49,DMA_107_ATLANTA
f28270ea-ecab-486d-a88f-375ef290d47f,USR_12654,ORD_101237,2026-03-02 13:21:00,55.31,DMA_116_DETROIT
944fe187-7857-428f-8d00-95d8d7c2d64b,USR_12657,ORD_101238,2026-03-15 11:00:00,82.0,DMA_125_LAS_VEGAS
2139a0af-d9d3-48f3-9b49-f0f1f0bb99fa,USR_12659,ORD_101239,2026-02-18 19:00:00,75.9,DMA_138_MEMPHIS
e45d08c2-f935-4246-8916-97d1382ff3eb,USR_12660,ORD_101240,2026-03-21 08:00:00,233.77,DMA_148_ALBUQUERQUE
e0c37db8-fb50-429e-b482-93c0ddebfc51,USR_12662,ORD_101241,2026-06-17 18:00:00,102.6,DMA_120_BALTIMORE
9f9cf30d-32c2-4e29-9058-1a9cf9d497b4,USR_12664,ORD_101242,2026-05-02 16:00:00,50.03,DMA_100_SAN_FRANCISCO
17933cb8-ba98-4495-95de-79384e5cc7e1,USR_12665,ORD_101243,2026-03-11 09:34:00,69.36,DMA_113_SAN_DIEGO
db75f90a-0065-44e8-b9d5-efbfb1412de3,USR_12666,ORD_101244,2026-03-14 22:53:00,23.0,DMA_137_OKLAHOMA_CITY
9b23bb3a-e3d1-42a0-90aa-9f2448bd5bb7,USR_12670,ORD_101245,2026-04-16 13:00:00,51.59,DMA_141_NEW_ORLEANS
4b302c24-ecb9-4c97-b6bc-c736e34fc7c1,USR_12672,ORD_101246,2026-06-11 19:00:00,77.97,DMA_133_KANSAS_CITY
67d8980c-1e92-4801-93ee-ce4f57cd7c16,USR_12673,ORD_101247,2026-02-08 08:00:00,58.83,DMA_105_SEATTLE
795dd09d-2bb0-4ea1-9ebf-a838c9a91212,USR_12675,ORD_101248,2026-03-29 07:16:00,177.08,DMA_109_DENVER
718da37f-f502-44f5-9be8-e5cff7eaf579,USR_12680,ORD_101249,2026-06-01 00:33:00,226.4,DMA_148_ALBUQUERQUE
aa8a7b88-8036-4393-abe6-8cd3afe72492,USR_12682,ORD_101250,2026-03-15 06:00:00,65.02,DMA_132_SAN_ANTONIO
4efd2c96-6cf3-4b9a-a44a-75726396a628,USR_12683,ORD_101251,2026-05-19 21:00:00,76.1,DMA_110_MIAMI
23da6fb2-b971-4c53-a359-74005892fcb8,USR_12684,ORD_101252,2026-01-09 14:53:00,41.17,DMA_148_ALBUQUERQUE
c25d5ade-806c-493d-afad-6bf19bb5548b,USR_12686,ORD_101253,2026-05-09 05:00:00,94.49,DMA_125_LAS_VEGAS
ca4f166d-c2fa-4b4c-afd8-86b61a1ceacc,USR_12690,ORD_101254,2026-01-22 11:00:00,59.82,DMA_149_TUCSON
e3eb8bc8-f83b-412e-8f50-7f50bcfec3f3,USR_12693,ORD_101255,2026-02-10 13:23:00,102.6,DMA_139_RICHMOND
56bbf11a-c1db-40c7-8f51-014b9f55c60c,USR_12694,ORD_101256,2026-04-04 12:00:00,97.85,DMA_101_NEW_YORK
c4dd19b6-bab3-405b-adb7-9fd31b5224b6,USR_12695,ORD_101257,2026-03-07 16:00:00,86.11,DMA_133_KANSAS_CITY
9a6123a6-66a0-4a7d-930a-3babb2092223,USR_12696,ORD_101258,2026-05-23 05:00:00,86.02,DMA_141_NEW_ORLEANS
5b7867a8-87db-4fc9-92b3-d4251cdd5752,USR_12698,ORD_101259,2026-01-27 10:27:00,121.66,DMA_109_DENVER
57f0c04a-5125-47a9-bdc6-75206250d109,USR_12699,ORD_101260,2026-04-13 07:48:00,78.15,DMA_136_RALEIGH
ca44a6e7-c01e-4e4f-b8e1-a52281a7e1c1,USR_12704,ORD_101261,2026-03-03 12:00:00,125.93,DMA_136_RALEIGH
9254a359-e8cd-4f8a-a850-917adbd2e268,USR_12705,ORD_101262,2026-01-06 23:33:00,44.4,DMA_146_ROCHESTER
3da30139-2fd8-438b-8a37-1421053b2f93,USR_12706,ORD_101263,2026-02-24 21:00:00,437.08,DMA_113_SAN_DIEGO
c99fd8db-142a-4a3d-98f5-4c56bf9de193,USR_12712,ORD_101264,2026-04-14 19:26:00,87.0,DMA_133_KANSAS_CITY
f2ff3ade-95ad-43ed-8323-8b65dff9a9cb,USR_12714,ORD_101265,2026-05-10 14:09:00,49.65,DMA_115_HOUSTON
a4f0377b-0767-4874-b32e-ab095b5c548b,USR_12715,ORD_101266,2026-05-14 17:07:00,101.71,DMA_100_SAN_FRANCISCO
6b47b4e3-d450-493c-9d67-7ca89d7e06ef,USR_12716,ORD_101267,2026-04-12 13:00:00,42.15,DMA_113_SAN_DIEGO
cc2b2d64-57a7-45b3-9b34-4a9340c2c839,USR_12717,ORD_101268,2026-01-18 20:41:00,143.26,DMA_145_BIRMINGHAM
12e57655-eba0-4f6f-a46d-fac6279d9e35,USR_12720,ORD_101269,2026-04-03 21:00:00,75.49,DMA_137_OKLAHOMA_CITY
feb197dc-88a3-41ad-a554-d841a4f182ab,USR_12721,ORD_101270,2026-04-06 01:27:00,32.31,DMA_140_LOUISVILLE
7c5f82de-6efc-4ce9-be6c-0b7a0993adae,USR_12725,ORD_101271,2026-02-28 11:00:00,104.75,DMA_114_SAN_JOSE
d62f1cd0-8409-40c9-a0d7-5436cc69cecd,USR_12730,ORD_101272,2026-01-25 07:00:00,206.59,DMA_141_NEW_ORLEANS
01f4d0ea-dc05-4cb1-b6c5-b88e36d331ba,USR_12734,ORD_101273,2026-02-01 05:00:00,174.47,DMA_110_MIAMI
ade6b023-a0a0-4376-ba9b-ed243af9cef2,USR_12735,ORD_101274,2026-03-11 13:41:00,175.5,DMA_115_HOUSTON
d86ffcc2-9353-4057-86bf-aa960906fa35,USR_12736,ORD_101275,2026-03-09 08:41:00,134.32,DMA_120_BALTIMORE
a44f76ca-fadb-41ac-81b6-4983d028fb6b,USR_12738,ORD_101276,2026-05-10 12:00:00,125.53,DMA_108_BOSTON
df70e934-d239-4740-a8b7-f6d56018ff75,USR_12740,ORD_101277,2026-03-15 15:13:00,36.3,DMA_125_LAS_VEGAS
437131a9-5d37-4ce4-bb32-e7cab9dd3899,USR_12741,ORD_101278,2026-06-11 12:12:00,60.03,DMA_133_KANSAS_CITY
c7e723fb-0dd7-4819-bc12-c6ce9179324e,USR_12742,ORD_101279,2026-04-05 04:00:00,65.17,DMA_130_COLUMBUS
d5c8c057-5571-4acb-80b1-295b2c109667,USR_12743,ORD_101280,2026-03-23 05:00:00,82.97,DMA_131_INDIANAPOLIS
a4711e74-35ff-459a-9c6c-775c8a44b615,USR_12746,ORD_101281,2026-01-27 08:00:00,79.94,DMA_112_PHILADELPHIA
91d131d5-097b-4d93-9ba9-d51db6b60949,USR_12748,ORD_101282,2026-05-18 15:37:00,73.3,DMA_101_NEW_YORK
9248273b-0338-404f-87ff-c56b70cfb0f7,USR_12749,ORD_101283,2026-03-09 22:56:00,155.69,DMA_114_SAN_JOSE
3aa2e2a3-c426-4fb5-b365-10e6c86031dc,USR_12753,ORD_101284,2026-03-27 11:37:00,172.2,DMA_113_SAN_DIEGO
3418ea73-c784-46a5-bbaa-c4665dcab441,USR_12754,ORD_101285,2026-04-26 09:54:00,190.92,DMA_130_COLUMBUS
b9cbd45d-7703-4cd1-99d2-f46a99e412b2,USR_12755,ORD_101286,2026-02-02 13:18:00,89.86,DMA_122_SACRAMENTO
b8596447-6914-457d-ade4-976cf11b40da,USR_12758,ORD_101287,2026-03-20 21:00:00,33.7,DMA_102_CHICAGO
0b1ef859-5669-4309-bb12-8eea859d2828,USR_12759,ORD_101288,2026-03-25 06:00:00,96.71,DMA_130_COLUMBUS
2cbb760c-a4ba-4bcf-9ad9-9506422a93e1,USR_12763,ORD_101289,2026-04-21 19:34:00,108.73,DMA_139_RICHMOND
33c9bc2b-7312-457e-80a3-0d861f39ecef,USR_12764,ORD_101290,2026-01-24 00:53:00,23.27,DMA_101_NEW_YORK
39e29c62-2453-4ba7-9ac6-5e27a2f14c38,USR_12765,ORD_101291,2026-02-22 20:24:00,118.72,DMA_102_CHICAGO
ac7f19a6-27db-4e3d-b7e4-e6e32758bbab,USR_12766,ORD_101292,2026-04-01 09:00:00,206.81,DMA_114_SAN_JOSE
4055d0b2-a0c8-4915-8474-6868df32f04c,USR_12768,ORD_101293,2026-01-20 06:00:00,96.18,DMA_135_MILWAUKEE
427a37f1-80a6-451f-8e6b-da4c31588cc3,USR_12770,ORD_101294,2026-04-06 12:00:00,122.05,DMA_148_ALBUQUERQUE
716c275d-7145-4f67-9b43-98e782938814,USR_12771,ORD_101295,2026-05-18 13:00:00,73.98,DMA_113_SAN_DIEGO
b60a107e-3646-4d77-a964-346fe0cdc4ab,USR_12772,ORD_101296,2026-01-10 12:30:00,59.94,DMA_142_BUFFALO
1d1f800d-f2ec-488e-9026-240996423df4,USR_12778,ORD_101297,2026-04-15 06:49:00,42.57,DMA_148_ALBUQUERQUE
7bbd35ec-d65d-44bc-9172-c7d96b4490d7,USR_12781,ORD_101298,2026-04-03 14:00:00,40.96,DMA_113_SAN_DIEGO
7c79f3f1-4879-41db-93f8-e8335b1e01d9,USR_12784,ORD_101299,2026-01-09 14:00:00,36.0,DMA_138_MEMPHIS
963e53f4-b416-4b4c-98c5-70c3ca3b7fc2,USR_12786,ORD_101300,2026-01-15 11:37:00,28.47,DMA_111_PHOENIX
1716a61e-7665-432b-aec8-88dc0c4a7560,USR_12788,ORD_101301,2026-05-05 13:00:00,64.56,DMA_143_HARTFORD
ee8ea460-05fc-49a4-8645-b1b18bf1b679,USR_12793,ORD_101302,2026-03-08 18:45:00,148.35,DMA_139_RICHMOND
fbffa588-63a0-4f3d-b6f4-b09acbb7de61,USR_12795,ORD_101303,2026-03-06 10:46:00,126.44,DMA_128_NASHVILLE
025305f3-cf27-48bb-99c4-b477ee827226,USR_12796,ORD_101304,2026-06-26 14:00:00,23.81,DMA_102_CHICAGO
fc99d0f2-fabb-49cb-ad78-4333a0eba1b4,USR_12799,ORD_101305,2026-01-08 15:19:00,41.15,DMA_149_TUCSON
4e3c9a2a-f487-415e-9f7a-de2d71bac057,USR_12800,ORD_101306,2026-02-23 01:56:00,150.59,DMA_129_SALT_LAKE_CITY
d87f653f-2cd1-4436-94b3-dc44dfe77b49,USR_12801,ORD_101307,2026-01-23 11:05:00,49.85,DMA_117_MINNEAPOLIS
844041e2-7536-427b-95d7-80201b3340d4,USR_12804,ORD_101308,2026-05-13 21:00:00,44.51,DMA_134_CINCINNATI
b36fc65d-f49d-4d63-8573-d6e540c1f18c,USR_12805,ORD_101309,2026-05-30 03:00:00,221.07,DMA_130_COLUMBUS
6115e4d4-a96c-4f9e-a19e-64940a09eda9,USR_12806,ORD_101310,2026-03-29 00:56:00,168.82,DMA_113_SAN_DIEGO
66ce30d6-5cda-4aee-8101-9c1f3f3e6d46,USR_12810,ORD_101311,2026-04-20 16:00:00,185.45,DMA_146_ROCHESTER
0eaad81f-063f-43a4-ae15-3334c593d1d7,USR_12812,ORD_101312,2026-05-07 14:00:00,61.9,DMA_102_CHICAGO
a117c2db-d5bd-450f-8274-eb8d26f43287,USR_12819,ORD_101313,2026-03-04 00:33:00,51.12,DMA_100_SAN_FRANCISCO
942b0c00-3538-4431-8fb7-fc4d6a1e3e2b,USR_12822,ORD_101314,2026-06-14 13:00:00,35.14,DMA_140_LOUISVILLE
b216c66a-8a05-4947-8ea5-69694d03e226,USR_12823,ORD_101315,2026-03-02 01:27:00,26.57,DMA_136_RALEIGH
6415c124-c180-4013-be80-68ab147dc18a,USR_12825,ORD_101316,2026-03-26 20:48:00,65.62,DMA_145_BIRMINGHAM
474fc70e-8ec1-4e33-8293-394ecb79f7ab,USR_12828,ORD_101317,2026-01-26 16:26:00,42.71,DMA_122_SACRAMENTO
35abb1b1-aaff-4c2c-8a66-b97607d3933e,USR_12831,ORD_101318,2026-04-09 12:00:00,86.74,DMA_143_HARTFORD
63be500f-db77-4a3b-bbe2-48ea31939c00,USR_12834,ORD_101319,2026-01-31 04:18:00,106.5,DMA_118_TAMPA
ce227bd2-d60d-465b-a682-56c7d4c7bf1b,USR_12837,ORD_101320,2026-02-10 00:00:00,100.57,DMA_116_DETROIT
ba803eb7-1166-4a15-8c3d-948db1d7cc28,USR_12841,ORD_101321,2026-04-17 13:37:00,43.99,DMA_148_ALBUQUERQUE
a1a29195-b2b8-4878-8eac-b93012e92a8f,USR_12842,ORD_101322,2026-06-04 16:00:00,61.38,DMA_103_LOS_ANGELES
5f850a00-2f6b-49d9-b9d0-365b9aa37e0b,USR_12843,ORD_101323,2026-01-20 21:00:00,322.1,DMA_124_PORTLAND
a8ab2514-203c-4a2f-a231-3257389e1f93,USR_12844,ORD_101324,2026-04-18 01:00:00,200.1,DMA_110_MIAMI
dc25526c-87b9-4078-ad9d-def0f18fbf0e,USR_12846,ORD_101325,2026-04-16 14:32:00,31.67,DMA_106_AUSTIN
4165973a-49e8-4af4-b266-3fdf5223140b,USR_12847,ORD_101326,2026-03-15 16:00:00,95.25,DMA_125_LAS_VEGAS
fccfa44f-de3e-46d5-b8f4-9d5912f36eef,USR_12848,ORD_101327,2026-05-03 01:00:00,200.77,DMA_127_CHARLOTTE
f34ace7b-2dc2-4b22-a0cf-74a1b4ed50a4,USR_12851,ORD_101328,2026-03-04 21:54:00,120.46,DMA_109_DENVER
81ac5697-1fc9-42b3-9206-2fe9835f27fc,USR_12852,ORD_101329,2026-06-11 20:13:00,63.2,DMA_141_NEW_ORLEANS
887825db-6fb9-498f-a255-720811eed1ac,USR_12859,ORD_101330,2026-03-18 04:00:00,163.96,DMA_106_AUSTIN
a7cf204a-6791-4e27-91fb-a49354a7ca3e,USR_12861,ORD_101331,2026-01-23 20:21:00,78.89,DMA_134_CINCINNATI
f5db78b0-e658-4d71-9c7b-b471d8c11c78,USR_12862,ORD_101332,2026-03-04 03:00:00,78.53,DMA_112_PHILADELPHIA
22d2b5a3-2c9b-4b0c-bf44-40d88408fe30,USR_12863,ORD_101333,2026-06-14 00:00:00,307.93,DMA_123_PITTSBURGH
b74d73ce-4e36-4dd1-bbf9-aeb3a35a0255,USR_12864,ORD_101334,2026-01-16 07:00:00,90.05,DMA_112_PHILADELPHIA
45b96dc3-7cdb-44c2-83c3-335e38f5653e,USR_12867,ORD_101335,2026-03-13 07:00:00,40.06,DMA_118_TAMPA
6e42d1d4-475f-4f13-bda5-395c21365180,USR_12871,ORD_101336,2026-05-29 14:00:00,70.17,DMA_105_SEATTLE
349035f1-623d-45d9-9dcc-a187172a16b6,USR_12876,ORD_101337,2026-05-26 20:00:00,113.2,DMA_136_RALEIGH
910f95a1-bb69-4251-b241-bbe21c67383d,USR_12879,ORD_101338,2026-03-09 21:00:00,54.99,DMA_147_GREENVILLE
17a742fe-374c-473a-a92c-6fd6d551b5ef,USR_12881,ORD_101339,2026-04-04 20:00:00,281.09,DMA_109_DENVER
eb8b2fd2-fe13-4a88-a475-2df8e3ceeab8,USR_12883,ORD_101340,2026-04-25 14:00:00,50.97,DMA_135_MILWAUKEE
4bb0c471-83bb-49b3-9416-ee1675847055,USR_12884,ORD_101341,2026-05-06 20:00:00,54.6,DMA_141_NEW_ORLEANS
2d8bfbca-5e4a-464f-a938-c60e243d1eb0,USR_12887,ORD_101342,2026-04-13 13:00:00,61.38,DMA_102_CHICAGO
72b3d0d0-1703-449e-8db5-283732fa3262,USR_12891,ORD_101343,2026-06-06 06:08:00,62.69,DMA_105_SEATTLE
91e2fb46-e7e0-4e07-bb96-3acdae5b762e,USR_12892,ORD_101344,2026-04-20 23:00:00,118.47,DMA_144_PROVIDENCE
c7c31e10-feed-4b58-bc09-6816973de04f,USR_12893,ORD_101345,2026-02-13 01:13:00,40.65,DMA_127_CHARLOTTE
613f02ed-0fe6-4441-b108-778c4416c334,USR_12894,ORD_101346,2026-03-21 15:00:00,88.15,DMA_138_MEMPHIS
96e5252a-43cd-4533-908b-0922c3241015,USR_12895,ORD_101347,2026-05-24 03:00:00,105.13,DMA_130_COLUMBUS
ec352f78-012e-40bd-8e7b-db31ab438bcb,USR_12896,ORD_101348,2026-04-17 16:00:00,102.27,DMA_144_PROVIDENCE
bb67d07e-ae45-4b4b-9695-894fc008c932,USR_12900,ORD_101349,2026-03-18 14:28:00,78.71,DMA_112_PHILADELPHIA
388d11bc-37e8-4569-a914-b41901bcf0ee,USR_12902,ORD_101350,2026-03-29 20:00:00,98.01,DMA_111_PHOENIX
c8edd8a6-0a85-4574-8413-9d5c5f40c17f,USR_12906,ORD_101351,2026-04-13 02:29:00,109.39,DMA_121_CLEVELAND
9eb4acc1-ef3e-4e01-8e1b-78bf58539d03,USR_12908,ORD_101352,2026-02-25 21:17:00,49.03,DMA_112_PHILADELPHIA
5fa80261-c9af-4cc7-9cd1-628ea31ebe7a,USR_12910,ORD_101353,2026-06-15 23:00:00,185.27,DMA_141_NEW_ORLEANS
b2567dbd-d128-412d-826b-881029ad58fe,USR_12913,ORD_101354,2026-05-24 11:00:00,143.34,DMA_139_RICHMOND
fd339448-ca17-4071-998d-5ab15b021b0d,USR_12915,ORD_101355,2026-04-11 15:58:00,111.58,DMA_111_PHOENIX
77ea3f03-8e41-408a-a609-ed891b158a2e,USR_12917,ORD_101356,2026-03-17 06:00:00,151.93,DMA_148_ALBUQUERQUE
e2c7f538-0cef-4cd3-a95a-91fc8f8139d4,USR_12919,ORD_101357,2026-02-15 09:58:00,69.17,DMA_121_CLEVELAND
a0ec9a0f-434e-4522-85f1-368ddf49cd9c,USR_12922,ORD_101358,2026-04-29 20:00:00,82.26,DMA_104_DALLAS
901cbe00-9f7d-408b-be08-d1b5d3dc5a43,USR_12923,ORD_101359,2026-04-20 16:06:00,72.92,DMA_141_NEW_ORLEANS
184d9c39-3ec9-44a9-bdcb-477c91687398,USR_12924,ORD_101360,2026-01-11 08:16:00,123.3,DMA_130_COLUMBUS
3fae938a-7b1f-4dd1-a1f3-bd7d917158f5,USR_12932,ORD_101361,2026-02-20 06:50:00,84.48,DMA_106_AUSTIN
646bdb72-ed48-43ff-b2de-9044974a2d46,USR_12934,ORD_101362,2026-03-12 02:00:00,157.97,DMA_126_ST_LOUIS
ae2ec09c-45df-43a5-895b-0752f9324776,USR_12937,ORD_101363,2026-06-09 20:51:00,106.33,DMA_133_KANSAS_CITY
cbe6519a-4f19-4b09-8ecb-0d27babf4d5f,USR_12938,ORD_101364,2026-02-28 12:00:00,59.66,DMA_136_RALEIGH
459b48cb-0119-4f1c-bf96-c0ca1f7ddf55,USR_12942,ORD_101365,2026-05-22 23:00:00,163.68,DMA_115_HOUSTON
94fbe4d6-2e68-4fa5-b9d3-2cc7c9665db9,USR_12943,ORD_101366,2026-03-12 08:00:00,58.1,DMA_145_BIRMINGHAM
74924405-c481-4364-8a94-3636ebc9663e,USR_12944,ORD_101367,2026-05-26 19:41:00,67.49,DMA_118_TAMPA
5de46710-a310-4f9c-b4ec-4a0489afe760,USR_12946,ORD_101368,2026-02-12 10:00:00,76.82,DMA_108_BOSTON
6bf9e51a-65f1-4cde-8079-f05c8fc04b32,USR_12947,ORD_101369,2026-05-16 06:00:00,106.55,DMA_105_SEATTLE
59fbcc43-c48f-4f46-97de-1b5d1c351354,USR_12948,ORD_101370,2026-02-10 03:00:00,25.04,DMA_104_DALLAS
ced88374-089e-4bd1-8432-0e3cc1949737,USR_12952,ORD_101371,2026-03-13 09:43:00,74.25,DMA_123_PITTSBURGH
3ca43677-06b3-4d90-9b14-cd336f4e888f,USR_12954,ORD_101372,2026-04-27 00:00:00,64.26,DMA_101_NEW_YORK
f741d8f7-aeaf-4051-9bc5-68bf3fb27717,USR_12955,ORD_101373,2026-01-22 08:00:00,61.98,DMA_148_ALBUQUERQUE
ebfda6a1-8f42-4e48-9bf9-48cef3cd9215,USR_12958,ORD_101374,2026-01-17 07:00:00,127.69,DMA_107_ATLANTA
848992e2-7c80-4109-811b-dc89f30da971,USR_12960,ORD_101375,2026-02-21 19:00:00,94.69,DMA_143_HARTFORD
9bf34f43-e38c-452a-b2db-2cc1a7de7264,USR_12961,ORD_101376,2026-05-06 22:00:00,242.44,DMA_110_MIAMI
1c74f2d1-800c-46c4-ae95-70747d50b14e,USR_12964,ORD_101377,2026-06-21 00:00:00,78.49,DMA_101_NEW_YORK
a304c00f-3c3f-4b81-9673-b32306adbdf5,USR_12965,ORD_101378,2026-03-21 08:15:00,90.91,DMA_104_DALLAS
97912782-1661-4f09-8a33-30dad830a435,USR_12966,ORD_101379,2026-04-28 02:00:00,38.65,DMA_141_NEW_ORLEANS
eff07dd2-f02d-4b89-b2bd-40cb3b5fb8ad,USR_12967,ORD_101380,2026-03-22 06:33:00,54.36,DMA_121_CLEVELAND
326dfbda-0809-4ba3-a9cb-452b4c5d69ce,USR_12971,ORD_101381,2026-03-31 16:08:00,78.32,DMA_114_SAN_JOSE
e22d532e-e444-4e19-bac8-7cd43c176e67,USR_12972,ORD_101382,2026-03-11 01:00:00,99.57,DMA_144_PROVIDENCE
1634fd86-d973-4efa-919b-4afeb554ee50,USR_12973,ORD_101383,2026-03-12 18:29:00,22.45,DMA_149_TUCSON
da980d75-4114-4c25-8a0d-9800c37d2986,USR_12974,ORD_101384,2026-06-06 17:00:00,100.19,DMA_116_DETROIT
67e56d8f-ac83-4748-b32f-8f149d3f0cf1,USR_12977,ORD_101385,2026-06-04 13:07:00,124.76,DMA_112_PHILADELPHIA
b43a0cae-26ff-4320-8d47-9a274f7b394a,USR_12978,ORD_101386,2026-05-01 10:00:00,68.79,DMA_105_SEATTLE
0a585707-adc8-4e61-be67-8c0b30ccc4ea,USR_12979,ORD_101387,2026-06-10 23:00:00,95.78,DMA_114_SAN_JOSE
3c100ac4-5788-4761-9dac-e682805948b3,USR_12982,ORD_101388,2026-02-03 15:29:00,185.13,DMA_142_BUFFALO
e219dc35-4e9a-4170-98b6-426658c89ce4,USR_12989,ORD_101389,2026-06-05 14:00:00,103.08,DMA_147_GREENVILLE
3f2a144a-95f6-4db7-9818-d8df3b19eb8b,USR_12991,ORD_101390,2026-02-16 00:40:00,67.28,DMA_122_SACRAMENTO
33927142-ada5-4f24-81df-cac0b0a60a4d,USR_12993,ORD_101391,2026-06-02 03:00:00,134.13,DMA_142_BUFFALO
09ab7d54-3527-43ae-b9ce-0738befedb20,USR_12994,ORD_101392,2026-04-02 12:00:00,64.6,DMA_147_GREENVILLE
646d1c0b-0798-41ff-908e-9cde9481260a,USR_12996,ORD_101393,2026-04-28 11:33:00,39.18,DMA_107_ATLANTA
fb4028f0-333b-415d-b19e-0fc0678529eb,USR_12997,ORD_101394,2026-01-14 05:00:00,56.04,DMA_139_RICHMOND
ec4d3a2a-ca6a-4ac0-ae41-6f6ff5aa6ead,USR_12998,ORD_101395,2026-05-20 13:36:00,75.02,DMA_140_LOUISVILLE
65956bb0-77f7-4588-95c1-60082aaf28b2,USR_12999,ORD_101396,2026-04-13 11:00:00,40.63,DMA_141_NEW_ORLEANS
9bbd368f-98e1-40a2-86ce-d1fcb8f7bc8f,USR_13000,ORD_101397,2026-06-07 12:00:00,156.34,DMA_114_SAN_JOSE
e9a8c3b6-d172-432b-ada1-a9eb7c1dd6a8,USR_13003,ORD_101398,2026-06-18 02:00:00,75.13,DMA_128_NASHVILLE
de7d5a47-5084-4356-9203-0f9282988cfd,USR_13004,ORD_101399,2026-04-11 18:16:00,39.32,DMA_123_PITTSBURGH
630f3f5f-2969-4e90-89f2-0f91155b4969,USR_13005,ORD_101400,2026-06-07 18:00:00,47.7,DMA_127_CHARLOTTE
ee64019b-05f0-4927-8dce-6b78196620fd,USR_13006,ORD_101401,2026-03-05 00:06:00,55.01,DMA_109_DENVER
a9a501de-9d6a-4767-a190-e9ea092643ad,USR_13008,ORD_101402,2026-05-29 17:55:00,77.04,DMA_100_SAN_FRANCISCO
41374d37-afdd-4855-a82c-5202bc8772cb,USR_13009,ORD_101403,2026-01-01 10:36:00,73.01,DMA_146_ROCHESTER
37b4e074-81cf-4871-8780-79bfe6c65bdb,USR_13010,ORD_101404,2026-02-24 13:46:00,127.95,DMA_134_CINCINNATI
56b0612e-cb90-4487-b45e-81eb2d1ee2e5,USR_13012,ORD_101405,2026-06-25 01:00:00,79.7,DMA_115_HOUSTON
dc93ab25-49a8-434b-9a28-14ea55c636da,USR_13014,ORD_101406,2026-04-28 13:16:00,74.45,DMA_144_PROVIDENCE
88cb53ae-fbde-4c50-ae13-88318d11b99c,USR_13021,ORD_101407,2026-03-21 11:33:00,40.58,DMA_125_LAS_VEGAS
8b7cd92e-80e1-4046-b1a7-edeb2158bade,USR_13022,ORD_101408,2026-04-30 03:00:00,48.93,DMA_141_NEW_ORLEANS
d8092dad-a877-4c0e-9f7c-fbbf461d51a4,USR_13023,ORD_101409,2026-06-13 01:00:00,43.36,DMA_137_OKLAHOMA_CITY
45e36eda-bbf8-4bee-a7e4-6ba100105901,USR_13025,ORD_101410,2026-05-20 22:17:00,72.22,DMA_105_SEATTLE
6cc32c2e-f782-41dd-96b7-2a21e9204878,USR_13026,ORD_101411,2026-03-10 17:00:00,214.33,DMA_136_RALEIGH
62cd68db-87ad-48d3-863a-c2691f9334f8,USR_13029,ORD_101412,2026-05-14 06:25:00,67.23,DMA_129_SALT_LAKE_CITY
c6cc1d12-27be-4b6b-861b-0d671108ee3a,USR_13031,ORD_101413,2026-02-22 17:50:00,35.44,DMA_142_BUFFALO
f327b3ea-e9fd-4063-9130-4e80f4a5bb8d,USR_13032,ORD_101414,2026-04-01 22:52:00,27.21,DMA_136_RALEIGH
184813dd-958c-4809-aa86-aff76edef444,USR_13033,ORD_101415,2026-05-09 06:00:00,71.54,DMA_134_CINCINNATI
b066c8ee-0e3f-48f9-bfaa-4a88fadf2bb8,USR_13034,ORD_101416,2026-04-03 03:36:00,62.69,DMA_133_KANSAS_CITY
2a00ec92-0447-49ef-82d4-b7b8637edadc,USR_13035,ORD_101417,2026-05-14 12:00:00,70.81,DMA_137_OKLAHOMA_CITY
a3fd67a2-d974-41df-8a80-de7ba6c1cfe6,USR_13037,ORD_101418,2026-04-23 17:00:00,105.8,DMA_127_CHARLOTTE
be15e81f-62f7-4dad-abbc-992065713883,USR_13039,ORD_101419,2026-03-26 01:00:00,44.45,DMA_109_DENVER
d0f04f05-50a2-4c0e-950f-273005b8ea33,USR_13040,ORD_101420,2026-03-02 21:26:00,85.1,DMA_111_PHOENIX
75b85797-ab3b-416b-931b-3e7e639b326a,USR_13046,ORD_101421,2026-03-15 14:35:00,35.71,DMA_111_PHOENIX
e864b4cc-cc14-4b65-a053-ccdefbc4fb44,USR_13048,ORD_101422,2026-04-21 03:00:00,46.3,DMA_144_PROVIDENCE
bdc32e02-15b3-4f2f-9858-7d52e1302479,USR_13049,ORD_101423,2026-02-07 05:49:00,123.82,DMA_116_DETROIT
a622b2ea-f36d-4e2f-9aaf-5a351aa010a7,USR_13050,ORD_101424,2026-01-09 07:00:00,113.05,DMA_148_ALBUQUERQUE
b62f186f-d398-4190-b6f7-e19654f326b1,USR_13051,ORD_101425,2026-05-20 10:47:00,49.05,DMA_128_NASHVILLE
6b665872-f049-45fc-ba04-608ed06e3946,USR_13052,ORD_101426,2026-02-04 11:00:00,58.8,DMA_130_COLUMBUS
2eddc60e-c3d8-4be6-a65c-3e0e030fc35d,USR_13056,ORD_101427,2026-05-15 18:00:00,67.19,DMA_107_ATLANTA
780fd08b-57c0-4d33-b51b-8c3dd2bc8bfe,USR_13059,ORD_101428,2026-01-15 05:44:00,87.08,DMA_113_SAN_DIEGO
629b1300-6dbe-4a15-816b-5baa34011a2a,USR_13060,ORD_101429,2026-01-12 17:09:00,56.6,DMA_130_COLUMBUS
6fae007f-0300-4eeb-b41d-3f347188cb1f,USR_13062,ORD_101430,2026-02-21 11:45:00,99.54,DMA_139_RICHMOND
a1751be4-ce74-42b3-b4db-78fd79329e82,USR_13064,ORD_101431,2026-03-23 15:00:00,98.07,DMA_135_MILWAUKEE
123985a1-5c4f-48c1-92ce-ab9575d59e91,USR_13065,ORD_101432,2026-04-05 23:00:00,63.65,DMA_140_LOUISVILLE
04647a8a-6341-4c93-91cf-74c9efaff2d1,USR_13066,ORD_101433,2026-05-12 18:00:00,65.25,DMA_117_MINNEAPOLIS
bb993d15-3b19-461e-9b3f-db28bf65623d,USR_13068,ORD_101434,2026-04-20 19:50:00,58.44,DMA_133_KANSAS_CITY
135ecfd2-f093-4dc5-9880-48023c815074,USR_13070,ORD_101435,2026-05-19 07:49:00,84.48,DMA_135_MILWAUKEE
a697004d-5377-4543-a911-97b97e0d3e55,USR_13071,ORD_101436,2026-03-02 03:39:00,59.94,DMA_141_NEW_ORLEANS
e613a4f8-35e8-4b16-a739-99714654c74b,USR_13073,ORD_101437,2026-04-22 20:00:00,109.04,DMA_130_COLUMBUS
5b9c9023-8e81-413d-9a9d-a13eac7469e2,USR_13077,ORD_101438,2026-01-09 03:16:00,152.45,DMA_111_PHOENIX
f02948d9-debc-4bd4-a191-bf5de8dd0a99,USR_13078,ORD_101439,2026-03-31 19:06:00,58.96,DMA_139_RICHMOND
2a721019-a063-4af7-ad5b-d4463ea2cd39,USR_13079,ORD_101440,2026-02-06 08:00:00,128.69,DMA_115_HOUSTON
30ac2594-33d4-4368-a679-c45c22f3e2a2,USR_13081,ORD_101441,2026-05-21 17:00:00,159.18,DMA_115_HOUSTON
c6747d5a-d693-453b-83f7-2ccce4e1e58f,USR_13082,ORD_101442,2026-03-31 05:50:00,75.3,DMA_148_ALBUQUERQUE
8ebb8182-297b-4919-9fa5-c33052d9e475,USR_13083,ORD_101443,2026-04-15 16:00:00,35.89,DMA_128_NASHVILLE
881f0919-2ea5-4d1b-ad82-f10266f30842,USR_13086,ORD_101444,2026-05-31 18:00:00,80.02,DMA_139_RICHMOND
e4845305-5f94-44b2-b495-a7461cf26eb3,USR_13087,ORD_101445,2026-04-12 23:00:00,86.62,DMA_142_BUFFALO
2e861963-257f-437c-a11c-dd1c28aed282,USR_13089,ORD_101446,2026-05-10 09:00:00,124.19,DMA_110_MIAMI
d79f77ae-dbb7-46c4-bd99-c1b95a3417c8,USR_13094,ORD_101447,2026-01-31 21:00:00,179.59,DMA_126_ST_LOUIS
103467ca-33f2-40a4-b1cc-3064406bbf11,USR_13095,ORD_101448,2026-03-13 16:00:00,78.93,DMA_122_SACRAMENTO
d43feee4-4418-4ec1-b93b-a899bbbd70d0,USR_13102,ORD_101449,2026-02-23 21:00:00,83.54,DMA_125_LAS_VEGAS
85bfc9a0-adf9-4b06-a3e6-a15a212b7845,USR_13106,ORD_101450,2026-01-29 08:00:00,63.98,DMA_141_NEW_ORLEANS
ef65b1ad-aead-4356-9896-8cebfc88689c,USR_13108,ORD_101451,2026-06-01 12:12:00,77.37,DMA_126_ST_LOUIS
ec861bac-0611-47aa-9c86-b0892ada271c,USR_13109,ORD_101452,2026-01-15 20:00:00,238.11,DMA_146_ROCHESTER
25390cdb-bfe7-42ed-9bcb-da2f9f20449f,USR_13110,ORD_101453,2026-06-06 16:00:00,83.94,DMA_110_MIAMI
5b0e7f50-827c-49fc-b87a-2c7732cff210,USR_13111,ORD_101454,2026-01-20 18:00:00,244.42,DMA_125_LAS_VEGAS
d5dc61d7-d657-420e-8398-1e5ca980fe72,USR_13115,ORD_101455,2026-04-03 01:00:00,159.14,DMA_122_SACRAMENTO
88b06aeb-720d-4d7e-9a6b-6eba96aaddd4,USR_13118,ORD_101456,2026-02-17 05:00:00,86.86,DMA_147_GREENVILLE
96f5811c-5541-4130-bf07-9c4f7cf5afb4,USR_13119,ORD_101457,2026-05-11 04:00:00,76.89,DMA_110_MIAMI
5328ab4c-0f46-43d5-805e-3d4800e50f24,USR_13120,ORD_101458,2026-03-09 02:26:00,56.36,DMA_135_MILWAUKEE
4046675c-a260-4c40-99d3-d041ae7c95af,USR_13121,ORD_101459,2026-01-22 04:23:00,107.79,DMA_136_RALEIGH
50122b2d-ab5e-4515-ba4a-e909c2f3dde0,USR_13123,ORD_101460,2026-03-05 10:15:00,84.04,DMA_145_BIRMINGHAM
8fde7024-2797-41d5-ad0d-9d0e59bc1a33,USR_13130,ORD_101461,2026-01-16 10:00:00,63.89,DMA_111_PHOENIX
560c2c56-f19a-4bde-803c-3dfda6902a25,USR_13132,ORD_101462,2026-01-29 19:26:00,73.57,DMA_132_SAN_ANTONIO
85817d9f-3dd3-4497-a4c3-f6fd942416b9,USR_13133,ORD_101463,2026-03-15 11:00:00,113.01,DMA_144_PROVIDENCE
c25e3418-3339-4c3b-b09c-e260a80f2454,USR_13134,ORD_101464,2026-05-11 01:00:00,188.32,DMA_101_NEW_YORK
1547bb6e-faa8-44b6-a050-ac7aaca7ed5f,USR_13137,ORD_101465,2026-04-13 16:00:00,124.29,DMA_149_TUCSON
e0b4549e-4bd7-4538-a02c-91e43922435f,USR_13138,ORD_101466,2026-05-30 08:25:00,82.61,DMA_104_DALLAS
9f04e363-964b-4cb5-97ee-d4246f9c8200,USR_13139,ORD_101467,2026-03-30 08:00:00,122.63,DMA_125_LAS_VEGAS
7e3ebd34-35be-4ef0-9a7e-1a77e5029e3c,USR_13142,ORD_101468,2026-05-07 07:22:00,43.94,DMA_140_LOUISVILLE
3ce49d6a-0637-4816-ae3b-e7e56c68000f,USR_13143,ORD_101469,2026-04-26 05:00:00,85.13,DMA_144_PROVIDENCE
0ce9daa4-5a0a-480f-b8e3-f6cc28067f6c,USR_13147,ORD_101470,2026-04-24 08:00:00,77.97,DMA_116_DETROIT
eb73687d-80a2-45a6-a49d-dae0ad5b00da,USR_13152,ORD_101471,2026-02-18 20:00:00,72.22,DMA_107_ATLANTA
f2baaf63-0bc5-49c0-ae77-c502a67f7860,USR_13156,ORD_101472,2026-05-15 05:50:00,46.88,DMA_149_TUCSON
02b589b9-24b8-475f-8e58-544398d687cf,USR_13157,ORD_101473,2026-04-01 13:00:00,110.89,DMA_128_NASHVILLE
7fa99972-f39c-4bbc-852d-9b42d8976200,USR_13162,ORD_101474,2026-03-06 23:26:00,69.64,DMA_145_BIRMINGHAM
a946c239-237e-4fcb-887a-57baad755722,USR_13168,ORD_101475,2026-05-06 08:00:00,38.58,DMA_122_SACRAMENTO
f651f13d-8654-4a44-84c6-dcbf35a2d82a,USR_13170,ORD_101476,2026-04-24 16:17:00,69.76,DMA_125_LAS_VEGAS
93832424-be84-40ef-8db8-29d370ca1be6,USR_13171,ORD_101477,2026-02-23 18:49:00,174.46,DMA_109_DENVER
2895445a-ce81-45ba-bc4b-928536a21f29,USR_13172,ORD_101478,2026-04-13 16:00:00,56.56,DMA_141_NEW_ORLEANS
acf7d78e-dfb5-4f3f-ac3c-6e97688af8f7,USR_13173,ORD_101479,2026-02-12 11:00:00,27.51,DMA_128_NASHVILLE
f951e3db-f3bf-4fc5-b6d7-9addb2882537,USR_13177,ORD_101480,2026-01-26 17:00:00,141.27,DMA_115_HOUSTON
970950e0-0c2b-4367-bcba-672751adfba1,USR_13179,ORD_101481,2026-03-01 20:24:00,23.6,DMA_128_NASHVILLE
30cc9d3f-00c4-4bca-ac5b-b6a904c6acfa,USR_13181,ORD_101482,2026-06-12 01:40:00,56.82,DMA_136_RALEIGH
ae4b623b-afc0-4af9-9981-10cc5113be2e,USR_13185,ORD_101483,2026-06-03 10:00:00,67.29,DMA_122_SACRAMENTO
bfa0c413-7913-49bf-a59e-c1193cfa3a74,USR_13187,ORD_101484,2026-06-12 02:00:00,119.53,DMA_139_RICHMOND
fc67c4cd-ace3-42c4-8026-3a76431a735c,USR_13189,ORD_101485,2026-02-21 16:00:00,67.16,DMA_115_HOUSTON
9a740227-ec7a-437e-b673-53f3d36a3227,USR_13190,ORD_101486,2026-05-11 13:08:00,91.53,DMA_130_COLUMBUS
ba900dfe-1677-405a-a37d-88c9258dfb9e,USR_13193,ORD_101487,2026-03-11 01:27:00,40.75,DMA_128_NASHVILLE
d51097fc-1ea2-4c27-a397-f48961bc5948,USR_13194,ORD_101488,2026-06-09 05:20:00,73.65,DMA_132_SAN_ANTONIO
f7cae80b-9ba3-4844-bb5e-a7d3d05bd461,USR_13195,ORD_101489,2026-01-04 06:31:00,64.1,DMA_143_HARTFORD
d90b6d20-affe-4f13-8ca6-b8023af2417d,USR_13197,ORD_101490,2026-05-13 21:00:00,63.59,DMA_138_MEMPHIS
8e49df8e-4f80-4d36-8d52-e246deda39f1,USR_13198,ORD_101491,2026-04-11 04:00:00,86.78,DMA_128_NASHVILLE
718435ce-891f-4c1f-a42f-a50ffe257480,USR_13201,ORD_101492,2026-05-19 11:00:00,64.64,DMA_148_ALBUQUERQUE
613d1566-13df-4d9e-9846-367847cd8119,USR_13202,ORD_101493,2026-03-21 11:00:00,76.26,DMA_110_MIAMI
c2d2b3a8-4a92-4521-ae2d-c8b6b1b586c8,USR_13203,ORD_101494,2026-02-23 21:40:00,44.34,DMA_101_NEW_YORK
2ff5e07b-d85c-479f-a397-05743b22ba07,USR_13210,ORD_101495,2026-06-16 06:00:00,58.14,DMA_132_SAN_ANTONIO
6ddef76f-811d-4ee3-a526-c77c56f31b69,USR_13213,ORD_101496,2026-01-13 06:00:00,326.72,DMA_149_TUCSON
9db364a5-0ec8-4e31-954a-b91026e55585,USR_13214,ORD_101497,2026-02-06 17:00:00,152.05,DMA_103_LOS_ANGELES
a99aae5c-08e0-4034-820f-9cc003f0e224,USR_13217,ORD_101498,2026-05-31 01:00:00,88.39,DMA_131_INDIANAPOLIS
eb687411-109e-4269-8c81-f76f598601f9,USR_13218,ORD_101499,2026-02-23 09:00:00,101.04,DMA_148_ALBUQUERQUE
55fc2607-20a3-4c6a-9f44-7e8a9c3f3fc7,USR_13220,ORD_101500,2026-02-16 01:37:00,118.2,DMA_141_NEW_ORLEANS
bda0df17-eaa9-47f3-be46-c30d36ab7bbc,USR_13221,ORD_101501,2026-04-01 04:12:00,63.3,DMA_137_OKLAHOMA_CITY
f7668936-34be-4808-93f4-7eaf275d310d,USR_13223,ORD_101502,2026-02-12 10:07:00,81.18,DMA_127_CHARLOTTE
4ee42ac0-7208-45df-baca-89b33b05988c,USR_13227,ORD_101503,2026-03-01 15:46:00,138.53,DMA_103_LOS_ANGELES
35fa4bae-dcfe-470f-84c2-d9331ce2ae35,USR_13228,ORD_101504,2026-04-05 13:00:00,117.82,DMA_125_LAS_VEGAS
cef782b7-fa89-4601-982b-ac5dd80a4573,USR_13233,ORD_101505,2026-03-13 19:29:00,40.62,DMA_118_TAMPA
82ceee27-0c07-403a-91f9-a9472c77313b,USR_13237,ORD_101506,2026-02-05 20:00:00,61.58,DMA_123_PITTSBURGH
9c8e0845-fedd-4ee2-a096-16c2b46b469a,USR_13238,ORD_101507,2026-01-26 13:17:00,61.46,DMA_147_GREENVILLE
29447907-1c34-4d04-8ad1-c57d9db35e94,USR_13239,ORD_101508,2026-05-06 19:00:00,237.91,DMA_125_LAS_VEGAS
cb6ad8f6-dc00-4349-b3cd-f0863f2bc851,USR_13241,ORD_101509,2026-04-04 04:52:00,55.61,DMA_138_MEMPHIS
4a1ff0f9-7970-433b-8dad-4ac47560198b,USR_13242,ORD_101510,2026-04-12 01:38:00,24.44,DMA_144_PROVIDENCE
ce48304a-ce32-4e2e-a8b9-efe75c8acf7f,USR_13244,ORD_101511,2026-01-15 20:00:00,75.64,DMA_118_TAMPA
0a9b253e-291c-48b2-8e16-1832f02f0585,USR_13246,ORD_101512,2026-06-15 14:00:00,72.46,DMA_104_DALLAS
5b70f09f-05c8-48b0-b95f-127fd261d839,USR_13248,ORD_101513,2026-05-09 21:55:00,64.76,DMA_106_AUSTIN
7265b0c2-32dd-46e1-af07-97128d7230e0,USR_13251,ORD_101514,2026-04-18 14:12:00,51.81,DMA_145_BIRMINGHAM
b7c55689-3601-46da-bbdc-a30bec8188a0,USR_13254,ORD_101515,2026-04-08 00:00:00,80.81,DMA_144_PROVIDENCE
541c1919-3aa7-4d6e-ae66-34d918ca11a7,USR_13259,ORD_101516,2026-05-17 14:00:00,99.19,DMA_145_BIRMINGHAM
6ce563ff-9ffb-4da2-b225-46eb7fcd228c,USR_13261,ORD_101517,2026-03-06 03:00:00,188.83,DMA_120_BALTIMORE
7be8b644-114b-441b-9b28-6f5dea5f6672,USR_13264,ORD_101518,2026-05-05 15:00:00,48.46,DMA_110_MIAMI
e61977fc-44c6-42dd-b669-b812cf9afd6c,USR_13267,ORD_101519,2026-02-17 12:09:00,31.5,DMA_142_BUFFALO
bc39b864-ed99-4dbf-83a3-2ab148e0fb87,USR_13268,ORD_101520,2026-03-21 19:00:00,56.41,DMA_115_HOUSTON
4c45a8e9-7cef-4f2f-9b1b-3f474be73c5c,USR_13273,ORD_101521,2026-06-16 21:00:00,75.45,DMA_137_OKLAHOMA_CITY
e18bb9e2-5e10-4d47-b5f3-2740c2ad1c9c,USR_13275,ORD_101522,2026-04-12 08:48:00,131.41,DMA_105_SEATTLE
ac88e9aa-0e13-4eee-aff0-13c83f24d445,USR_13277,ORD_101523,2026-02-19 11:00:00,179.04,DMA_109_DENVER
2d92296e-056c-4e85-bb81-6da9a4044a58,USR_13278,ORD_101524,2026-01-09 14:00:00,56.46,DMA_100_SAN_FRANCISCO
2d93650d-30ec-4c58-905c-31e242e89c47,USR_13280,ORD_101525,2026-02-05 06:00:00,54.36,DMA_111_PHOENIX
318231f2-bd26-4117-ae7a-b68575b9fcdd,USR_13281,ORD_101526,2026-03-08 04:37:00,97.03,DMA_127_CHARLOTTE
86104a5d-517c-42c1-8f3a-371a1420ed46,USR_13282,ORD_101527,2026-02-21 00:00:00,41.98,DMA_107_ATLANTA
76589a56-b304-4f37-bcfa-d3629081d5c3,USR_13283,ORD_101528,2026-05-02 23:00:00,84.86,DMA_107_ATLANTA
477f76bf-21f1-45c6-8fab-73accb693b39,USR_13284,ORD_101529,2026-03-29 05:00:00,96.71,DMA_109_DENVER
d8000c0a-00e8-4ee9-9080-bc977ec87bfb,USR_13286,ORD_101530,2026-06-06 06:16:00,48.54,DMA_124_PORTLAND
336737c6-431b-4cd2-81e2-916792d881e5,USR_13289,ORD_101531,2026-03-15 14:00:00,57.91,DMA_114_SAN_JOSE
c4ebce00-e688-4d29-9cc7-85504fbdeb47,USR_13291,ORD_101532,2026-01-08 23:18:00,152.64,DMA_104_DALLAS
bed495d1-0fd5-4b1a-b8e8-bce296a6ab48,USR_13294,ORD_101533,2026-03-17 00:40:00,72.03,DMA_103_LOS_ANGELES
7715f726-aa7a-4019-a193-b7fdc23caf30,USR_13295,ORD_101534,2026-05-20 05:00:00,87.76,DMA_114_SAN_JOSE
ae3c5de4-153d-4ea8-91c5-9759d38d41ac,USR_13304,ORD_101535,2026-02-01 12:00:00,56.86,DMA_126_ST_LOUIS
c9d85d24-16b2-415b-b823-4112e426b847,USR_13306,ORD_101536,2026-05-31 21:00:00,88.17,DMA_130_COLUMBUS
72234ddc-c420-4698-9208-ed4d5dabc9ae,USR_13308,ORD_101537,2026-01-13 11:00:00,102.91,DMA_140_LOUISVILLE
5ca29f79-9dce-4e67-be48-3e1c5c42f8c4,USR_13309,ORD_101538,2026-04-11 13:27:00,125.37,DMA_137_OKLAHOMA_CITY
2adb3d14-7f45-40be-a23a-90f4311a4851,USR_13312,ORD_101539,2026-05-07 10:00:00,179.06,DMA_114_SAN_JOSE
7a40f7c2-dc08-456c-b897-9543b5335d7d,USR_13313,ORD_101540,2026-06-18 08:00:00,84.88,DMA_143_HARTFORD
ca006ec6-effa-4bf4-b57e-c5049af73f24,USR_13314,ORD_101541,2026-02-08 23:10:00,54.79,DMA_130_COLUMBUS
3d18e0f0-cc82-445d-b97c-3bbfc149cc63,USR_13317,ORD_101542,2026-04-18 00:00:00,58.4,DMA_147_GREENVILLE
a4833f50-49b8-47e8-8a89-65240b0c8c77,USR_13318,ORD_101543,2026-02-16 21:29:00,83.92,DMA_104_DALLAS
a0750e82-2818-4b14-8a08-fed75e7fc260,USR_13319,ORD_101544,2026-03-19 22:00:00,81.05,DMA_105_SEATTLE
17a72632-d346-48f7-9d21-72aa6f84eacb,USR_13322,ORD_101545,2026-04-04 07:00:00,63.47,DMA_147_GREENVILLE
df8d00ba-2467-442b-bca5-8acc2691faf1,USR_13325,ORD_101546,2026-05-30 22:54:00,108.62,DMA_137_OKLAHOMA_CITY
5cb12fb3-4a9a-45ff-aac1-39152de28af3,USR_13326,ORD_101547,2026-05-02 02:16:00,41.01,DMA_102_CHICAGO
b9e6391e-7cbe-4e55-95c1-066bdbc925aa,USR_13327,ORD_101548,2026-05-31 19:29:00,108.98,DMA_144_PROVIDENCE
6ba64f30-1496-489b-98b9-03f41a2670e6,USR_13328,ORD_101549,2026-06-03 03:25:00,63.5,DMA_138_MEMPHIS
3ec76616-7e2e-41d4-a6bc-2992ad51d05b,USR_13330,ORD_101550,2026-04-20 13:00:00,46.3,DMA_108_BOSTON
b9eda7e9-4b3d-4396-ad3e-5f9417f093ea,USR_13331,ORD_101551,2026-04-06 02:51:00,81.28,DMA_141_NEW_ORLEANS
0b6324e5-fdda-4444-be36-a9a6c2437387,USR_13332,ORD_101552,2026-04-07 17:00:00,105.44,DMA_137_OKLAHOMA_CITY
9c0e75a6-fe9f-4f98-99fd-a41417ae63f7,USR_13335,ORD_101553,2026-05-30 23:00:00,173.88,DMA_128_NASHVILLE
5507a5c6-afce-4be0-82fa-4db9365b86b9,USR_13340,ORD_101554,2026-06-07 10:00:00,35.18,DMA_117_MINNEAPOLIS
b6ac84c5-9401-4c4f-abba-fe1474680d1b,USR_13342,ORD_101555,2026-06-12 00:21:00,29.27,DMA_120_BALTIMORE
f442784a-2a23-4ede-b3a3-a87bfa848e28,USR_13343,ORD_101556,2026-02-09 02:00:00,129.38,DMA_130_COLUMBUS
a7656dd1-bd56-4fc5-8a24-3dab1e9ecc54,USR_13344,ORD_101557,2026-06-01 19:00:00,55.91,DMA_136_RALEIGH
b5b1d8ab-a90d-48a5-8a3c-ee5ee6c04ba2,USR_13345,ORD_101558,2026-06-03 12:09:00,71.86,DMA_146_ROCHESTER
44e589bb-8c64-495d-b4bc-59db36dbc294,USR_13346,ORD_101559,2026-03-19 15:00:00,32.37,DMA_127_CHARLOTTE
d36fce91-4cb9-477a-a462-5ef360548b52,USR_13347,ORD_101560,2026-03-05 10:00:00,94.1,DMA_134_CINCINNATI
ac74ace5-f22c-4bfc-a489-394e2ae526e9,USR_13348,ORD_101561,2026-03-19 05:23:00,61.57,DMA_117_MINNEAPOLIS
76ad424b-f5af-4d21-9987-b2128f094d3e,USR_13351,ORD_101562,2026-05-09 05:51:00,82.68,DMA_110_MIAMI
dcc87a2c-57f8-46d0-9e49-117019db9c23,USR_13354,ORD_101563,2026-05-12 23:20:00,56.81,DMA_141_NEW_ORLEANS
5435dcce-6c5f-415f-a782-340e322a6274,USR_13355,ORD_101564,2026-04-16 08:00:00,91.36,DMA_127_CHARLOTTE
ce83b230-2507-4e74-ad73-df3c5cb0da03,USR_13356,ORD_101565,2026-02-21 07:00:00,173.32,DMA_128_NASHVILLE
21334e3e-ca76-433e-a7a4-018d0e7bd9a3,USR_13358,ORD_101566,2026-05-15 08:00:00,154.79,DMA_142_BUFFALO
33df9a34-99fd-41b3-a308-3a3681da1c12,USR_13361,ORD_101567,2026-06-04 02:00:00,89.72,DMA_124_PORTLAND
4d0433bf-73cd-4bc9-bc06-46d427f9f114,USR_13363,ORD_101568,2026-05-03 16:00:00,182.57,DMA_121_CLEVELAND
226474e9-63e1-42e0-8150-5ee9dd5f2c33,USR_13369,ORD_101569,2026-05-18 03:00:00,62.4,DMA_140_LOUISVILLE
2a6492b5-d627-43bb-956e-dace0032585f,USR_13370,ORD_101570,2026-03-25 03:00:00,121.84,DMA_104_DALLAS
3437ef75-bb78-421f-9b4e-edafb34807ac,USR_13371,ORD_101571,2026-01-15 14:00:00,212.95,DMA_119_ORLANDO
eae4ad97-dd76-4ec9-a831-a469cb66f31b,USR_13375,ORD_101572,2026-03-10 12:00:00,73.08,DMA_129_SALT_LAKE_CITY
3dcd2a4c-707f-441e-a3db-4b46161e90a7,USR_13377,ORD_101573,2026-05-20 10:00:00,91.39,DMA_143_HARTFORD
1241f64b-e535-42ad-ac9f-6ad76e0c0d80,USR_13378,ORD_101574,2026-06-04 12:00:00,35.66,DMA_112_PHILADELPHIA
9ed5ecec-865a-477b-9158-dc0e76a14e17,USR_13379,ORD_101575,2026-04-21 23:14:00,72.4,DMA_109_DENVER
7fe6da60-af86-4c51-919a-8ef1d63fe384,USR_13380,ORD_101576,2026-03-06 10:00:00,336.21,DMA_105_SEATTLE
86115c12-fd68-4de4-8afb-6d83778df217,USR_13384,ORD_101577,2026-02-01 18:45:00,113.13,DMA_132_SAN_ANTONIO
434c84ab-0a91-4d62-8be7-10b7b8574803,USR_13387,ORD_101578,2026-05-20 22:00:00,101.42,DMA_140_LOUISVILLE
4334ebfd-8f37-40a0-a403-7cf2f98f97ad,USR_13388,ORD_101579,2026-03-23 21:51:00,21.53,DMA_106_AUSTIN
f7951099-022c-449d-ad7e-89ce3f9ebf7a,USR_13390,ORD_101580,2026-02-25 16:00:00,52.39,DMA_100_SAN_FRANCISCO
e6385ff6-ea7c-4282-b2e2-1b1b89b45c9f,USR_13393,ORD_101581,2026-02-08 08:00:00,141.98,DMA_126_ST_LOUIS
92686309-3b58-4b45-8445-47ad4f103342,USR_13395,ORD_101582,2026-02-01 03:00:00,75.56,DMA_135_MILWAUKEE
d71e3f6f-d28b-4232-88fc-7d1f6d760180,USR_13396,ORD_101583,2026-04-26 18:00:00,290.18,DMA_121_CLEVELAND
f461e90d-c24e-4d2c-9842-920c56fe2675,USR_13397,ORD_101584,2026-03-26 09:00:00,105.92,DMA_107_ATLANTA
167dbb8c-e067-4be9-83b9-eac8dc38e428,USR_13399,ORD_101585,2026-03-13 10:39:00,62.42,DMA_101_NEW_YORK
b00cfa10-7d90-44be-a4d5-0c5a326d3cdf,USR_13400,ORD_101586,2026-05-28 09:00:00,65.74,DMA_115_HOUSTON
3ba61183-784a-4fa4-b4e8-914a638572b2,USR_13401,ORD_101587,2026-04-23 19:00:00,26.76,DMA_137_OKLAHOMA_CITY
6fb72504-b77c-4181-b0fc-081aa8b045a5,USR_13402,ORD_101588,2026-01-14 21:41:00,63.39,DMA_124_PORTLAND
79eaf095-e85c-4125-b895-b2843f87b796,USR_13403,ORD_101589,2026-02-01 10:00:00,86.41,DMA_113_SAN_DIEGO
7a392675-c21c-4909-a764-ea976a17333c,USR_13404,ORD_101590,2026-02-08 05:00:00,111.99,DMA_148_ALBUQUERQUE
940ba948-d13a-4e4e-94ac-8297c94c2deb,USR_13407,ORD_101591,2026-05-09 01:00:00,180.48,DMA_123_PITTSBURGH
9f5387b9-e91e-4919-8413-dbe32e3922bb,USR_13409,ORD_101592,2026-02-22 14:09:00,108.48,DMA_143_HARTFORD
ffa5442f-7df3-4e56-8923-27cfd0388afd,USR_13411,ORD_101593,2026-01-14 17:27:00,141.82,DMA_120_BALTIMORE
25498dbd-bdef-4e42-b1ee-3cb35463f0f3,USR_13412,ORD_101594,2026-01-12 10:00:00,129.46,DMA_130_COLUMBUS
f7c99cd7-caa6-4674-a534-0ae49789e177,USR_13414,ORD_101595,2026-04-13 23:08:00,62.21,DMA_108_BOSTON
347f996c-f077-4dd7-acdc-b7e2d4873983,USR_13415,ORD_101596,2026-05-02 11:00:00,185.5,DMA_145_BIRMINGHAM
4df880fe-8dcc-45e2-8cfa-afc802ca0ab7,USR_13416,ORD_101597,2026-05-16 04:13:00,50.24,DMA_117_MINNEAPOLIS
3fc8e27b-4efe-4024-978d-720acfafb6c6,USR_13419,ORD_101598,2026-05-07 09:32:00,38.09,DMA_104_DALLAS
ec62e1ba-7e02-4bfc-9747-279bf3238109,USR_13420,ORD_101599,2026-04-02 10:00:00,57.56,DMA_116_DETROIT
c6e95081-5617-4464-87be-e1c01ca3501e,USR_13421,ORD_101600,2026-03-29 16:00:00,59.87,DMA_143_HARTFORD
26e12d6c-7cc4-47ba-830c-a0a0f3a31556,USR_13423,ORD_101601,2026-03-19 02:00:00,41.08,DMA_123_PITTSBURGH
115f8097-9b07-4a3f-b7fb-57f2badb508b,USR_13427,ORD_101602,2026-01-22 23:00:00,34.51,DMA_134_CINCINNATI
e640e736-b1c6-4ff6-b9ec-83404d089275,USR_13428,ORD_101603,2026-03-30 00:57:00,37.77,DMA_108_BOSTON
cf0b0702-3450-4d5d-b7d4-4817fd51fb85,USR_13433,ORD_101604,2026-02-13 03:00:00,52.68,DMA_116_DETROIT
b141a70a-723c-422c-87e2-7665d00d4ad8,USR_13435,ORD_101605,2026-01-18 18:00:00,98.76,DMA_113_SAN_DIEGO
cb782d91-b9bb-45e6-8900-0fa73a052433,USR_13436,ORD_101606,2026-02-13 06:13:00,56.36,DMA_106_AUSTIN
f3b518d8-5383-4ec0-a5b3-3ffe2dcbf623,USR_13437,ORD_101607,2026-02-11 13:00:00,187.2,DMA_146_ROCHESTER
c286cb44-4597-4e50-b318-dea42ece28aa,USR_13439,ORD_101608,2026-05-29 02:00:00,47.18,DMA_147_GREENVILLE
1e2089e3-d2d1-4910-98ac-375a85c5ca2c,USR_13441,ORD_101609,2026-05-03 17:00:00,249.55,DMA_113_SAN_DIEGO
a877ad30-9353-41a6-8199-d5517f88273e,USR_13444,ORD_101610,2026-03-04 02:00:00,70.73,DMA_115_HOUSTON
1643d674-9838-4f51-a860-9829b9912b9f,USR_13448,ORD_101611,2026-01-12 15:14:00,82.36,DMA_108_BOSTON
077fc7e1-0456-40b4-8ba0-25454b8ff562,USR_13449,ORD_101612,2026-04-21 01:00:00,229.09,DMA_106_AUSTIN
4cf31279-5917-453c-b676-69dfe6ab9e4a,USR_13451,ORD_101613,2026-06-13 14:00:00,158.33,DMA_106_AUSTIN
c5b73673-da2d-440a-81e5-3de30d59eb54,USR_13455,ORD_101614,2026-01-06 09:50:00,73.4,DMA_102_CHICAGO
7851d002-c514-4bd3-b313-cb0a77230a5d,USR_13456,ORD_101615,2026-03-21 14:00:00,27.67,DMA_126_ST_LOUIS
ede18303-960f-4474-ab06-67f8509d0989,USR_13457,ORD_101616,2026-05-10 03:15:00,63.98,DMA_105_SEATTLE
2ff01f99-4b9a-427e-b387-cef9cdb456ac,USR_13459,ORD_101617,2026-06-14 22:00:00,77.52,DMA_121_CLEVELAND
df815137-de60-4cbb-a470-8dab47839f69,USR_13460,ORD_101618,2026-05-01 01:15:00,28.89,DMA_125_LAS_VEGAS
155aac7a-62d2-4bbf-8db1-03ab78fc4c03,USR_13464,ORD_101619,2026-02-10 18:34:00,92.27,DMA_138_MEMPHIS
ffe9edc5-8198-4a71-9358-db25e10b4ca5,USR_13466,ORD_101620,2026-03-20 00:05:00,89.2,DMA_136_RALEIGH
4e9047c2-86ad-416b-9c30-2676025b6a59,USR_13473,ORD_101621,2026-05-16 11:31:00,47.64,DMA_100_SAN_FRANCISCO
0472bd70-da55-474b-839f-50358c8fdecc,USR_13474,ORD_101622,2026-05-01 22:00:00,102.92,DMA_148_ALBUQUERQUE
89044caf-f232-4936-a7c5-212b31921d3d,USR_13475,ORD_101623,2026-02-03 03:00:00,46.75,DMA_130_COLUMBUS
d13b8784-4d23-4e57-9800-092aff42eb61,USR_13478,ORD_101624,2026-03-28 22:47:00,71.36,DMA_121_CLEVELAND
e004ec16-6115-4d25-bbbd-52034373e8dc,USR_13479,ORD_101625,2026-05-02 12:58:00,20.37,DMA_141_NEW_ORLEANS
cbc05911-5ee5-4f0d-83f0-ca1e477aef9e,USR_13480,ORD_101626,2026-04-15 06:20:00,185.13,DMA_148_ALBUQUERQUE
e27ab5c6-ed17-43c5-8c6c-570d1e5ef25c,USR_13485,ORD_101627,2026-05-19 00:55:00,49.22,DMA_139_RICHMOND
c850da71-bc27-4297-b72a-5d34f55982f2,USR_13486,ORD_101628,2026-03-10 09:00:00,70.62,DMA_140_LOUISVILLE
283b4c49-e831-4820-a870-4a7cf39f68fc,USR_13487,ORD_101629,2026-05-12 05:00:00,98.25,DMA_101_NEW_YORK
3aa1ddd6-9fa0-4281-91a8-95bd30f1da45,USR_13490,ORD_101630,2026-01-31 03:46:00,89.36,DMA_139_RICHMOND
8cc1041c-1654-4115-9b00-de08fc832e90,USR_13492,ORD_101631,2026-06-12 03:00:00,38.93,DMA_129_SALT_LAKE_CITY
c3ca564b-5e1b-4acc-a6f4-62d0fd6d04b9,USR_13494,ORD_101632,2026-03-09 16:00:00,187.4,DMA_147_GREENVILLE
30c00bf2-e691-4c0e-bfd9-c4d7431dc580,USR_13495,ORD_101633,2026-04-02 12:00:00,172.09,DMA_140_LOUISVILLE
82031159-d423-43cb-934d-fbe6164ab609,USR_13499,ORD_101634,2026-03-13 07:55:00,106.85,DMA_149_TUCSON
0e3560bf-e4fd-4ccf-aca2-ec0721094c97,USR_13503,ORD_101635,2026-01-12 23:49:00,62.64,DMA_103_LOS_ANGELES
8dc0f74c-97bb-4c24-b643-386ccdc46bd2,USR_13504,ORD_101636,2026-01-17 21:49:00,101.84,DMA_145_BIRMINGHAM
ee426e1b-cb62-4990-8d77-ff44e90f1a85,USR_13505,ORD_101637,2026-03-23 15:00:00,124.53,DMA_129_SALT_LAKE_CITY
1f122081-c9f8-4608-ae8c-e1e43e994a86,USR_13507,ORD_101638,2026-01-20 17:44:00,103.35,DMA_110_MIAMI
b8f48ee9-aea5-435c-9310-89aca52e5a3a,USR_13508,ORD_101639,2026-02-19 00:00:00,143.45,DMA_110_MIAMI
0b40068d-7ca3-4559-877f-52532c28c915,USR_13510,ORD_101640,2026-04-25 00:00:00,87.04,DMA_140_LOUISVILLE
9d7afeff-d1cd-481d-9251-f95df591470d,USR_13512,ORD_101641,2026-05-06 10:59:00,64.45,DMA_107_ATLANTA
98cca61b-3832-45a7-be7c-7dcc1bc9acd4,USR_13514,ORD_101642,2026-05-21 10:00:00,103.34,DMA_136_RALEIGH
960c8bdd-ed04-44f1-b081-1cbc0df6c09c,USR_13518,ORD_101643,2026-01-18 05:00:00,57.01,DMA_100_SAN_FRANCISCO
d31ee809-43e8-4ee7-9023-76fddf7f18b0,USR_13520,ORD_101644,2026-04-28 11:53:00,55.3,DMA_144_PROVIDENCE
76daf6a2-15e5-4db3-aada-844138fa4a0e,USR_13524,ORD_101645,2026-02-07 00:00:00,55.61,DMA_137_OKLAHOMA_CITY
23d59602-d135-4a8e-9585-56b0c79cc497,USR_13527,ORD_101646,2026-05-15 11:00:00,85.94,DMA_122_SACRAMENTO
c5e116e7-a763-462b-843f-a7ea5ad74ac9,USR_13528,ORD_101647,2026-06-17 03:00:00,108.47,DMA_122_SACRAMENTO
80a7ab09-a773-4d99-8354-d78ef26288ba,USR_13529,ORD_101648,2026-02-07 05:25:00,30.29,DMA_139_RICHMOND
b758f0ba-6142-4479-99b7-9badd310dc9e,USR_13530,ORD_101649,2026-04-03 01:56:00,59.96,DMA_117_MINNEAPOLIS
7ad5c877-072c-4781-ab64-c50fcb60fb7a,USR_13531,ORD_101650,2026-01-20 10:00:00,182.61,DMA_135_MILWAUKEE
e6f5744c-6b4b-45b9-842c-c1b60c986991,USR_13533,ORD_101651,2026-05-17 19:49:00,84.81,DMA_145_BIRMINGHAM
60ad0a0d-6cf8-4147-8858-b7529715bc78,USR_13534,ORD_101652,2026-05-08 01:29:00,140.94,DMA_140_LOUISVILLE
81eceb26-359b-40ce-a948-97611da64c7b,USR_13535,ORD_101653,2026-05-25 21:20:00,118.49,DMA_117_MINNEAPOLIS
cd985b9f-7af2-449b-93f2-24bea21bb3b1,USR_13536,ORD_101654,2026-04-06 19:55:00,77.35,DMA_130_COLUMBUS
60aa0042-95ea-47a4-8102-cf34f928fe79,USR_13537,ORD_101655,2026-03-14 09:34:00,125.69,DMA_100_SAN_FRANCISCO
45884d9f-f27e-4d7e-be37-cf714b64593e,USR_13538,ORD_101656,2026-01-24 10:00:00,107.04,DMA_139_RICHMOND
f3892438-db72-4ff0-ac3e-340d349fffc5,USR_13539,ORD_101657,2026-01-11 02:00:00,35.48,DMA_149_TUCSON
3fa50930-ec47-4eeb-bd3c-55ce786551c9,USR_13540,ORD_101658,2026-02-10 08:34:00,92.85,DMA_121_CLEVELAND
e73ff3ea-c802-4876-8785-c3211f11ec4c,USR_13546,ORD_101659,2026-03-31 01:00:00,53.43,DMA_109_DENVER
5e268f5d-4b29-40d2-a653-c1ee5c71d314,USR_13547,ORD_101660,2026-02-19 02:47:00,56.18,DMA_144_PROVIDENCE
6c12af15-cccb-4b61-82df-3ef343834fe3,USR_13552,ORD_101661,2026-02-09 15:06:00,169.63,DMA_146_ROCHESTER
fe817758-638d-4432-b42a-0ddfa9884996,USR_13556,ORD_101662,2026-05-23 16:14:00,124.17,DMA_103_LOS_ANGELES
bd77a4e6-27f3-40ac-bf6d-9b3a04c63ec3,USR_13559,ORD_101663,2026-05-28 10:00:00,38.99,DMA_129_SALT_LAKE_CITY
ff72cfa9-cc5e-43e9-b1e9-292ead6d6c1f,USR_13561,ORD_101664,2026-02-01 01:40:00,112.95,DMA_113_SAN_DIEGO
2e2e6b7f-c348-4019-bf1c-8f890a68b8b7,USR_13563,ORD_101665,2026-01-12 08:39:00,43.7,DMA_136_RALEIGH
2d16a2f5-21ce-4373-b837-e41a0e2f432a,USR_13564,ORD_101666,2026-03-07 02:00:00,125.47,DMA_115_HOUSTON
5c113d3e-efe8-427a-873a-94ceead70618,USR_13567,ORD_101667,2026-03-19 21:00:00,115.86,DMA_104_DALLAS
6a3abe2c-a17a-436d-9918-53a7729a23a4,USR_13570,ORD_101668,2026-04-13 08:05:00,49.95,DMA_117_MINNEAPOLIS
4b2793c2-6f39-4445-b42f-27d14f13e280,USR_13572,ORD_101669,2026-04-04 01:00:00,119.48,DMA_142_BUFFALO
2c8448e1-dec1-4e8b-b304-4a956f7c00a1,USR_13575,ORD_101670,2026-06-02 05:00:00,53.0,DMA_112_PHILADELPHIA
07062c8e-07e8-462c-b628-4f59f6235d0f,USR_13576,ORD_101671,2026-01-17 20:00:00,103.28,DMA_123_PITTSBURGH
15f41eee-d307-403d-bf7a-0122bd09a3ee,USR_13577,ORD_101672,2026-05-15 21:00:00,87.63,DMA_106_AUSTIN
f917046c-71ac-440a-b3b9-08b514b70a76,USR_13578,ORD_101673,2026-05-13 07:00:00,151.58,DMA_102_CHICAGO
a1dfd5ff-499b-4c85-9169-ad74658206c9,USR_13579,ORD_101674,2026-05-19 13:00:00,27.84,DMA_131_INDIANAPOLIS
d4c8d117-375e-48bd-a7bf-2fa2812994cc,USR_13581,ORD_101675,2026-02-22 15:00:00,136.22,DMA_145_BIRMINGHAM
f5960c34-c04c-4164-82c5-922ff1f92402,USR_13582,ORD_101676,2026-01-20 00:07:00,76.16,DMA_140_LOUISVILLE
f290573d-1e8c-483d-b6c2-8a5a6816aac9,USR_13587,ORD_101677,2026-02-21 18:00:00,63.21,DMA_107_ATLANTA
b5a25ce1-090d-48b3-9b19-f2ba68a4cf06,USR_13588,ORD_101678,2026-02-09 16:15:00,41.77,DMA_107_ATLANTA
6bf8f5d1-c86d-48a3-861e-dde7bd7d401f,USR_13589,ORD_101679,2026-06-13 03:55:00,61.01,DMA_104_DALLAS
ce63af22-e05e-4139-87bb-aec7f6be3f14,USR_13591,ORD_101680,2026-05-07 17:37:00,42.25,DMA_116_DETROIT
fdff1dc5-1fd8-4320-a0b9-bb6506d5a5d3,USR_13592,ORD_101681,2026-02-25 14:45:00,37.65,DMA_137_OKLAHOMA_CITY
f9031a38-13dd-4e90-8742-d5e0a70e194d,USR_13593,ORD_101682,2026-01-14 15:08:00,87.43,DMA_129_SALT_LAKE_CITY
14ca5010-d62d-401f-bcd0-64acf5a43e67,USR_13594,ORD_101683,2026-01-08 14:06:00,130.75,DMA_123_PITTSBURGH
fa2b962f-6184-48ec-97c1-d8908edb6686,USR_13599,ORD_101684,2026-02-09 04:00:00,42.24,DMA_117_MINNEAPOLIS
ae397208-88e3-46ad-8970-5c4f563200e2,USR_13600,ORD_101685,2026-05-07 03:28:00,108.45,DMA_147_GREENVILLE
4fdd5e0a-345a-42d7-8e7f-194b94feb6ea,USR_13604,ORD_101686,2026-04-08 11:45:00,63.1,DMA_129_SALT_LAKE_CITY
70c2400d-84bd-4587-88dd-adac480ffdd1,USR_13610,ORD_101687,2026-05-29 05:00:00,80.71,DMA_113_SAN_DIEGO
e2dfde07-11b5-4036-a7a2-59d804f55372,USR_13613,ORD_101688,2026-06-20 08:00:00,97.8,DMA_105_SEATTLE
9e439016-2114-42c9-aa02-7fd84c88037d,USR_13615,ORD_101689,2026-01-10 20:00:00,30.19,DMA_117_MINNEAPOLIS
1f3deeda-8238-4086-8a49-12cee840dcea,USR_13619,ORD_101690,2026-02-17 03:24:00,49.46,DMA_127_CHARLOTTE
bde225d6-47c9-4905-9295-c21f53b4706a,USR_13622,ORD_101691,2026-02-18 08:00:00,83.39,DMA_118_TAMPA
20c1e06c-14fe-4eeb-bbce-7145a8836d2e,USR_13626,ORD_101692,2026-01-27 15:00:00,78.05,DMA_128_NASHVILLE
c8d79257-ecc0-4a45-9ffb-4604f35ca860,USR_13628,ORD_101693,2026-02-08 23:47:00,137.68,DMA_128_NASHVILLE
d60508e7-0b7a-4a63-ae52-98f4792e2a74,USR_13629,ORD_101694,2026-01-17 10:29:00,32.69,DMA_105_SEATTLE
3252c6bc-04a0-4a91-b55b-426e0b177b27,USR_13631,ORD_101695,2026-06-22 12:00:00,47.37,DMA_138_MEMPHIS
dbfaea66-2483-429c-948f-caa462b973d9,USR_13633,ORD_101696,2026-06-02 01:24:00,157.51,DMA_128_NASHVILLE
c3303a05-32cf-400c-8dc7-93604f8653a3,USR_13634,ORD_101697,2026-03-20 09:43:00,59.02,DMA_127_CHARLOTTE
580eb678-5c80-4330-a279-5c381c51a933,USR_13637,ORD_101698,2026-05-30 23:00:00,116.81,DMA_127_CHARLOTTE
72ce9a2b-e2dc-4549-aa6a-1ba5d100a515,USR_13638,ORD_101699,2026-01-15 11:00:00,102.86,DMA_117_MINNEAPOLIS
181a652b-1a34-4ebe-aeec-3fb49aec21de,USR_13642,ORD_101700,2026-03-25 18:24:00,69.33,DMA_134_CINCINNATI
06ed0dcd-6292-45c9-82dd-ffda5b5cb0bd,USR_13645,ORD_101701,2026-05-03 12:43:00,49.49,DMA_121_CLEVELAND
49ba84c3-35f8-4a91-807e-7fa34c6244e5,USR_13646,ORD_101702,2026-02-06 09:00:00,75.23,DMA_117_MINNEAPOLIS
f65ccc10-8539-4467-b55a-f6d55b94b0d2,USR_13648,ORD_101703,2026-03-06 10:00:00,77.29,DMA_112_PHILADELPHIA
cd016459-5fab-40b2-b5d4-5979430bc26b,USR_13651,ORD_101704,2026-04-12 07:00:00,60.48,DMA_103_LOS_ANGELES
8c84ccfc-73f6-4f80-b417-c87ed4531a89,USR_13652,ORD_101705,2026-04-24 15:26:00,56.3,DMA_118_TAMPA
2a700d1f-1ead-49dd-9eb2-063c0b6411ae,USR_13653,ORD_101706,2026-04-08 22:39:00,61.19,DMA_148_ALBUQUERQUE
19664da8-54d5-4d92-9d03-f4936bb020cf,USR_13654,ORD_101707,2026-04-18 06:52:00,95.85,DMA_132_SAN_ANTONIO
9e7d5911-c692-459a-b505-c9f71c3d5d49,USR_13657,ORD_101708,2026-06-30 21:00:00,97.71,DMA_112_PHILADELPHIA
d8933571-8336-4498-a7e0-fa8d4664672e,USR_13660,ORD_101709,2026-04-07 00:24:00,131.9,DMA_133_KANSAS_CITY
56055301-53eb-402e-a613-bf56f656e291,USR_13661,ORD_101710,2026-02-17 15:37:00,33.47,DMA_144_PROVIDENCE
01aa6fc3-eb24-4a56-ae89-def34c2c93f9,USR_13662,ORD_101711,2026-05-13 23:00:00,98.07,DMA_123_PITTSBURGH
0b340374-fdb8-41e8-92b6-b8764c136962,USR_13665,ORD_101712,2026-04-23 02:00:00,90.56,DMA_149_TUCSON
9e62e314-4e03-4e0b-86d7-0504ea439737,USR_13669,ORD_101713,2026-05-11 22:00:00,240.1,DMA_133_KANSAS_CITY
70250097-fd39-408d-86c3-e83cc8863e4a,USR_13670,ORD_101714,2026-04-24 17:00:00,197.75,DMA_101_NEW_YORK
fcdb2cd6-9ce4-406d-a3f8-d36b95b60a32,USR_13671,ORD_101715,2026-01-05 02:34:00,56.12,DMA_102_CHICAGO
9146560a-ffce-4b42-bab2-6885fdea311a,USR_13672,ORD_101716,2026-02-19 08:00:00,120.73,DMA_138_MEMPHIS
a35d3db5-8ec3-4dbe-8e36-514f0531f1b5,USR_13674,ORD_101717,2026-05-21 17:00:00,42.43,DMA_129_SALT_LAKE_CITY
04ff7717-7b4f-405e-be1c-ebe544eabcc7,USR_13678,ORD_101718,2026-05-28 06:00:00,91.24,DMA_142_BUFFALO
c09f6d28-7e1b-4995-9744-f3402b0da577,USR_13680,ORD_101719,2026-06-03 00:13:00,37.13,DMA_141_NEW_ORLEANS
4252e54c-f6d6-4c1d-8cc9-6a11537bb62a,USR_13682,ORD_101720,2026-05-21 19:05:00,207.88,DMA_133_KANSAS_CITY
cc01545f-4376-49af-878c-42c0b23638a6,USR_13683,ORD_101721,2026-01-12 07:00:00,68.57,DMA_125_LAS_VEGAS
38195f79-8bff-4d81-a1a5-2a7f74311c17,USR_13685,ORD_101722,2026-01-14 14:00:00,253.59,DMA_109_DENVER
a0ba460d-f104-48f3-8f0d-c7655e460c9a,USR_13688,ORD_101723,2026-01-28 00:00:00,132.15,DMA_140_LOUISVILLE
6427f428-652f-45df-933d-62b75d5aaf64,USR_13690,ORD_101724,2026-02-19 14:00:00,40.87,DMA_110_MIAMI
6347611f-2494-4e94-89f3-740973c952b0,USR_13691,ORD_101725,2026-01-23 02:00:00,113.5,DMA_117_MINNEAPOLIS
bff22905-39f0-4da8-8193-10e96b25fbe0,USR_13692,ORD_101726,2026-05-07 19:00:00,148.81,DMA_116_DETROIT
09a95beb-3f70-4fd2-b62e-80f65ea5789b,USR_13694,ORD_101727,2026-05-28 09:00:00,37.38,DMA_136_RALEIGH
c487805b-a8d0-4880-b51b-271d1fe706fc,USR_13705,ORD_101728,2026-05-17 01:09:00,128.69,DMA_115_HOUSTON
de444b6d-04ab-4cd1-8018-17a4397a5064,USR_13707,ORD_101729,2026-05-03 09:00:00,77.54,DMA_107_ATLANTA
2070fdb4-c49b-4bb4-8dd3-b62bad55dc64,USR_13712,ORD_101730,2026-02-03 09:23:00,91.22,DMA_142_BUFFALO
500abc05-cffe-4b16-8317-44b92b9486ac,USR_13713,ORD_101731,2026-02-25 21:00:00,104.34,DMA_125_LAS_VEGAS
c7c7d4c4-6164-4cc3-ade3-f86b805be833,USR_13714,ORD_101732,2026-02-28 00:00:00,55.62,DMA_147_GREENVILLE
4d028b4d-3224-49ac-84e7-e4c866db2255,USR_13716,ORD_101733,2026-04-21 17:00:00,74.14,DMA_144_PROVIDENCE
855e506a-1584-4002-8700-60e8d64290ce,USR_13719,ORD_101734,2026-01-10 03:00:00,44.92,DMA_138_MEMPHIS
946cb00c-0a34-4232-80af-a0c00e88f9f9,USR_13721,ORD_101735,2026-05-27 11:20:00,92.4,DMA_127_CHARLOTTE
9440478c-cc57-411e-ab5b-584c88de2803,USR_13722,ORD_101736,2026-03-23 07:57:00,29.5,DMA_137_OKLAHOMA_CITY
09a51f02-9ede-4ee5-bc85-13885ddc253d,USR_13724,ORD_101737,2026-01-22 10:32:00,35.55,DMA_143_HARTFORD
ff0df852-79df-4287-b5fb-086e19c47a1d,USR_13730,ORD_101738,2026-03-03 13:40:00,96.14,DMA_104_DALLAS
fd65e4d1-abfc-48dc-8485-8b4f4bf209bc,USR_13731,ORD_101739,2026-06-18 00:00:00,217.59,DMA_136_RALEIGH
f3067c9f-49e8-4d69-bb50-218d59259041,USR_13733,ORD_101740,2026-05-30 04:00:00,59.16,DMA_119_ORLANDO
29d1e115-fd31-44cc-91a2-3f189781b173,USR_13734,ORD_101741,2026-05-30 02:00:00,60.87,DMA_137_OKLAHOMA_CITY
6b53bd07-8074-4a6c-a95f-4ea5d8c8ca6e,USR_13735,ORD_101742,2026-01-16 04:00:00,34.36,DMA_146_ROCHESTER
a01a182f-4f38-4665-85fb-16d74922f002,USR_13736,ORD_101743,2026-05-09 06:44:00,35.31,DMA_147_GREENVILLE
989dfa52-55f3-4e09-ae97-887287884b04,USR_13737,ORD_101744,2026-01-21 07:13:00,35.74,DMA_113_SAN_DIEGO
661b83bd-c73f-4622-91c5-852c66849f55,USR_13740,ORD_101745,2026-04-04 10:35:00,82.83,DMA_123_PITTSBURGH
7de973ca-f985-43d7-b284-4bdf7a68bb65,USR_13742,ORD_101746,2026-05-07 21:52:00,51.71,DMA_143_HARTFORD
951815e7-0c29-4f7b-a0aa-47b93696dd7c,USR_13744,ORD_101747,2026-06-05 19:00:00,194.66,DMA_103_LOS_ANGELES
253ef5e2-4e3f-4e37-9549-db36f08ce48a,USR_13746,ORD_101748,2026-03-25 20:00:00,61.85,DMA_105_SEATTLE
2cba1730-918a-41fb-99e1-add4e09aecf6,USR_13748,ORD_101749,2026-03-25 22:00:00,85.17,DMA_106_AUSTIN
828fa6cf-1305-4766-ae41-54a9aefc9e19,USR_13751,ORD_101750,2026-03-24 10:58:00,145.21,DMA_145_BIRMINGHAM
871af0fd-11ff-426a-bc91-2736be6e2df2,USR_13755,ORD_101751,2026-05-19 03:00:00,115.1,DMA_124_PORTLAND
dc2ec9b1-7f5f-40b9-9614-ef38b11247f8,USR_13756,ORD_101752,2026-03-25 19:00:00,111.52,DMA_139_RICHMOND
673fe335-7e62-4eed-9eb0-36c1e52b8062,USR_13758,ORD_101753,2026-03-14 09:21:00,71.04,DMA_103_LOS_ANGELES
7fc46ad9-6223-4027-8476-4ae3e847daf5,USR_13761,ORD_101754,2026-03-12 01:34:00,37.01,DMA_130_COLUMBUS
5386d0cd-c9a0-48de-97be-a92e6160ecb3,USR_13763,ORD_101755,2026-03-03 14:39:00,95.72,DMA_100_SAN_FRANCISCO
d0312671-28e7-41fe-aabd-d8f6de29b995,USR_13766,ORD_101756,2026-06-09 06:58:00,70.52,DMA_141_NEW_ORLEANS
477afe56-7f8e-4b3b-b140-9cc3aa8707fd,USR_13770,ORD_101757,2026-04-11 06:55:00,67.86,DMA_135_MILWAUKEE
8e1f0c79-c8f4-4862-a6d3-4be81d318db5,USR_13773,ORD_101758,2026-04-26 00:54:00,180.99,DMA_131_INDIANAPOLIS
59d0aeb6-f9b5-4a26-a39e-30137dcbbb45,USR_13775,ORD_101759,2026-01-28 20:34:00,77.13,DMA_108_BOSTON
27c47183-19cd-4b94-acc3-22672201c893,USR_13776,ORD_101760,2026-02-13 01:39:00,107.65,DMA_124_PORTLAND
240624ea-7439-460d-a73e-ef521369a94d,USR_13779,ORD_101761,2026-04-20 19:31:00,33.7,DMA_133_KANSAS_CITY
2a781ddb-31d3-4db8-88d2-38157ec86663,USR_13786,ORD_101762,2026-03-14 02:05:00,94.7,DMA_126_ST_LOUIS
8687f188-bf55-49aa-b2d2-ab2ed04a9afd,USR_13789,ORD_101763,2026-05-19 08:52:00,115.81,DMA_148_ALBUQUERQUE
6829bc9e-a952-4535-9b50-24d491ac42e7,USR_13791,ORD_101764,2026-01-20 19:57:00,58.67,DMA_103_LOS_ANGELES
1d360e6a-5160-4e28-981c-9f867fc6fc57,USR_13792,ORD_101765,2026-05-12 19:16:00,89.33,DMA_148_ALBUQUERQUE
ab2d133a-0363-4210-8d99-f28e13cfa1dd,USR_13793,ORD_101766,2026-05-11 19:12:00,55.42,DMA_145_BIRMINGHAM
3ad354df-5147-4db3-baf6-61e3d08e2e1f,USR_13795,ORD_101767,2026-03-29 20:50:00,31.54,DMA_111_PHOENIX
1d99d577-27a9-4b6d-bdb7-1abc8126ea6c,USR_13797,ORD_101768,2026-01-28 23:00:00,194.14,DMA_121_CLEVELAND
ead0f035-3e57-4123-9778-450a8dd7763d,USR_13799,ORD_101769,2026-05-30 09:00:00,134.72,DMA_120_BALTIMORE
2af479c7-7f16-4bc1-9aeb-ae8af40020ce,USR_13800,ORD_101770,2026-06-11 06:16:00,80.81,DMA_148_ALBUQUERQUE
fd195b87-daf9-480b-8cdb-e823e0e95228,USR_13803,ORD_101771,2026-06-04 18:54:00,36.91,DMA_115_HOUSTON
91623e30-c8da-4227-b6db-0a2af5f69e92,USR_13806,ORD_101772,2026-05-11 07:43:00,58.77,DMA_111_PHOENIX
e791c810-b597-4019-b9a2-4b7c727d91c4,USR_13813,ORD_101773,2026-06-25 17:00:00,88.72,DMA_119_ORLANDO
ab3f6b40-5859-4be1-9455-635cc81086a6,USR_13818,ORD_101774,2026-03-18 14:00:00,185.21,DMA_147_GREENVILLE
db383797-dd6a-489b-a06e-0536fdd00956,USR_13819,ORD_101775,2026-04-13 06:00:00,470.19,DMA_147_GREENVILLE
b1c3aead-78c4-4e84-ad4d-e502668436dc,USR_13820,ORD_101776,2026-04-22 11:00:00,74.94,DMA_134_CINCINNATI
7f29267d-b7ee-4c2b-a684-e2653d7d460d,USR_13823,ORD_101777,2026-05-16 21:00:00,76.76,DMA_122_SACRAMENTO
d5ded4cf-c7c9-49e4-9e88-b08fce4d5393,USR_13825,ORD_101778,2026-02-08 17:00:00,70.82,DMA_105_SEATTLE
1b1797a1-6b0b-47b4-a8b2-1374856244a2,USR_13826,ORD_101779,2026-03-02 12:00:00,25.89,DMA_130_COLUMBUS
fccc816d-82f0-45be-92cb-6d163daade4d,USR_13827,ORD_101780,2026-03-21 13:40:00,54.99,DMA_138_MEMPHIS
cf1618d1-d782-4980-89e7-648b05b16964,USR_13828,ORD_101781,2026-04-12 13:00:00,326.93,DMA_136_RALEIGH
a0fc0f17-7f04-4362-8f00-c375ee790696,USR_13829,ORD_101782,2026-05-02 08:00:00,270.45,DMA_103_LOS_ANGELES
3c65c420-3782-4898-856b-98d44433c3ba,USR_13830,ORD_101783,2026-04-09 15:00:00,84.82,DMA_109_DENVER
9823961b-8c48-4d1b-8e0f-bfcff755c54a,USR_13831,ORD_101784,2026-06-13 10:00:00,112.83,DMA_117_MINNEAPOLIS
e72b815a-b3cf-4280-ad52-b53a660a2878,USR_13832,ORD_101785,2026-05-10 00:00:00,232.65,DMA_133_KANSAS_CITY
b7bd6ac4-90c4-4f6c-b4f2-08308a0c113e,USR_13833,ORD_101786,2026-05-21 07:00:00,77.13,DMA_121_CLEVELAND
66c4d102-65ce-492d-ae81-4a8eaa2f64c9,USR_13835,ORD_101787,2026-03-05 11:49:00,136.14,DMA_106_AUSTIN
dc20962e-e9bc-4812-bf68-04e8601af4f8,USR_13836,ORD_101788,2026-02-20 02:00:00,69.99,DMA_142_BUFFALO
3cc9702f-8a6c-4fea-a23d-c758f4009f91,USR_13838,ORD_101789,2026-03-16 11:00:00,72.74,DMA_108_BOSTON
a7237f13-7de6-4dcb-af45-7c64076ddbbb,USR_13840,ORD_101790,2026-05-04 10:00:00,115.46,DMA_149_TUCSON
69ce6dfe-e95b-4458-84d6-76d7ab979f7e,USR_13842,ORD_101791,2026-03-27 01:00:00,88.47,DMA_128_NASHVILLE
1c821572-16bc-40b7-96e2-31f361665d65,USR_13843,ORD_101792,2026-04-09 10:31:00,34.32,DMA_135_MILWAUKEE
35f2c7d7-3816-4e57-93f1-6620294b5a02,USR_13844,ORD_101793,2026-04-16 01:05:00,93.7,DMA_111_PHOENIX
8a998cf1-b20c-4a6f-9913-a7133555d8ae,USR_13846,ORD_101794,2026-05-06 05:00:00,79.89,DMA_112_PHILADELPHIA
60388f0b-9242-41aa-9592-98668dc762c4,USR_13850,ORD_101795,2026-02-14 11:00:00,71.74,DMA_139_RICHMOND
8dce9eb5-5c18-4d10-9afb-952307889c83,USR_13851,ORD_101796,2026-05-05 11:18:00,71.71,DMA_135_MILWAUKEE
73629ddf-21fd-45bb-9624-ee7cc4e74921,USR_13852,ORD_101797,2026-06-12 04:42:00,68.39,DMA_101_NEW_YORK
605098c5-5e84-47da-8fc5-814746ab7cad,USR_13853,ORD_101798,2026-01-28 11:00:00,220.06,DMA_126_ST_LOUIS
a114182e-5f1c-41ce-8e04-b8e006161cdc,USR_13854,ORD_101799,2026-05-19 02:56:00,43.93,DMA_116_DETROIT
059abd21-e429-4d06-a554-86ed8d700186,USR_13857,ORD_101800,2026-04-18 05:40:00,32.31,DMA_111_PHOENIX
6b7992d8-7eca-45ee-bcb2-59958e47ef08,USR_13858,ORD_101801,2026-05-13 12:27:00,60.39,DMA_149_TUCSON
ea53af45-2c34-4fdb-946a-84e076b11d6f,USR_13863,ORD_101802,2026-03-04 03:00:00,53.03,DMA_145_BIRMINGHAM
1c1bd20f-bbd7-4f44-b526-4338fc3f78dd,USR_13864,ORD_101803,2026-03-04 01:48:00,77.32,DMA_124_PORTLAND
9561198d-7fce-49ac-b976-100fc0c3e3e7,USR_13865,ORD_101804,2026-02-24 10:33:00,81.16,DMA_134_CINCINNATI
fb23f620-1200-4eea-8c47-53649ed2f938,USR_13872,ORD_101805,2026-01-12 01:08:00,47.53,DMA_114_SAN_JOSE
ba3ade00-639e-4ca3-b196-5db5e8457f51,USR_13874,ORD_101806,2026-05-11 11:13:00,82.09,DMA_139_RICHMOND
0ce6864e-26c2-49c1-a4c2-42ef20938244,USR_13875,ORD_101807,2026-03-20 21:00:00,59.61,DMA_137_OKLAHOMA_CITY
0273e000-eaf3-45bb-be4a-32f834421a0b,USR_13876,ORD_101808,2026-05-07 19:00:00,40.03,DMA_141_NEW_ORLEANS
d817690c-ae55-4895-9daa-d81e1b6f6fba,USR_13878,ORD_101809,2026-03-23 22:00:00,65.33,DMA_149_TUCSON
3f6ed6b5-a1ad-43c8-8164-d1f4df3b87fc,USR_13883,ORD_101810,2026-01-28 16:49:00,71.91,DMA_113_SAN_DIEGO
9cd76a32-e1a5-49e8-9c66-8747f494a6d2,USR_13884,ORD_101811,2026-03-03 11:42:00,102.96,DMA_144_PROVIDENCE
50e8ff5f-bb13-4a64-bf06-fdc8581a29ef,USR_13885,ORD_101812,2026-02-09 07:00:00,32.79,DMA_119_ORLANDO
237597ba-7b3c-4f44-95a3-6e1a6fc04210,USR_13886,ORD_101813,2026-01-27 09:43:00,89.31,DMA_121_CLEVELAND
090d90a0-6aef-4604-b5fc-532a063aa196,USR_13887,ORD_101814,2026-05-18 10:00:00,130.1,DMA_108_BOSTON
e3bbbf88-f58c-4c0d-b714-19463af806a3,USR_13888,ORD_101815,2026-03-13 21:31:00,83.31,DMA_113_SAN_DIEGO
2e470be8-cc8c-47dd-b232-c96d4167277a,USR_13893,ORD_101816,2026-05-01 04:15:00,44.73,DMA_141_NEW_ORLEANS
06de65d1-61f8-4d23-a8c9-2390714dea6f,USR_13894,ORD_101817,2026-01-17 22:00:00,69.77,DMA_116_DETROIT
7ceb6919-ed7f-45d7-ad71-c826486151b4,USR_13895,ORD_101818,2026-04-02 12:20:00,85.63,DMA_123_PITTSBURGH
c0c95b39-c496-40a8-8b01-0d7fcf5fc146,USR_13897,ORD_101819,2026-04-12 18:00:00,103.18,DMA_122_SACRAMENTO
513d23db-f050-4a13-8797-ba714eed7da5,USR_13898,ORD_101820,2026-04-11 11:55:00,91.65,DMA_126_ST_LOUIS
9a764370-7acc-4627-9b31-f4b443d93322,USR_13900,ORD_101821,2026-03-23 19:00:00,49.02,DMA_110_MIAMI
a58bddf6-394c-40dd-9edc-04620a33c3d5,USR_13901,ORD_101822,2026-03-05 12:53:00,28.69,DMA_106_AUSTIN
883285f6-45d2-480f-a6f3-c900917343eb,USR_13903,ORD_101823,2026-01-13 04:40:00,28.67,DMA_109_DENVER
004af8c8-a07a-4640-ba5a-5e6d3d339800,USR_13906,ORD_101824,2026-02-04 04:21:00,38.09,DMA_119_ORLANDO
f21f25c0-5340-4988-aff2-d9571381b390,USR_13907,ORD_101825,2026-06-10 22:00:00,48.6,DMA_147_GREENVILLE
1862dc7d-65d1-4454-9f0b-e385c6af7de7,USR_13910,ORD_101826,2026-05-13 08:31:00,55.33,DMA_144_PROVIDENCE
6b2b5880-48c4-46ce-894d-32872203cf28,USR_13911,ORD_101827,2026-05-14 23:00:00,105.71,DMA_147_GREENVILLE
f905db95-27d7-4c8a-872d-0513754e1436,USR_13912,ORD_101828,2026-05-01 23:15:00,44.18,DMA_127_CHARLOTTE
225d7db0-2394-4663-a5aa-05dfe39f3613,USR_13915,ORD_101829,2026-02-20 03:00:00,147.86,DMA_111_PHOENIX
e0dadd88-97fe-4900-9661-ef188e02db8c,USR_13917,ORD_101830,2026-04-10 14:48:00,72.17,DMA_123_PITTSBURGH
9747f6ed-363f-4827-96b2-be3b144e4c6f,USR_13918,ORD_101831,2026-05-25 19:00:00,115.88,DMA_101_NEW_YORK
1cfebda9-565e-4653-aedc-b9b677663ee2,USR_13923,ORD_101832,2026-04-27 09:34:00,110.04,DMA_143_HARTFORD
1ce0482e-210a-4288-8e97-631f01ae5eb2,USR_13928,ORD_101833,2026-04-16 05:46:00,92.43,DMA_147_GREENVILLE
9ea4b80f-753e-4086-9366-44774bb7b6c1,USR_13929,ORD_101834,2026-01-19 04:32:00,103.65,DMA_119_ORLANDO
3dc88e83-36c4-4e27-ace3-ed7da8de2e2e,USR_13931,ORD_101835,2026-01-10 07:17:00,115.38,DMA_130_COLUMBUS
175bf269-7549-4fee-9448-f56de1dd39dd,USR_13935,ORD_101836,2026-06-22 07:00:00,24.17,DMA_101_NEW_YORK
08e70f0b-f1d9-47a0-bcab-f4b410b7b7db,USR_13936,ORD_101837,2026-01-08 14:38:00,60.83,DMA_142_BUFFALO
b9b63b09-f9e9-43a1-8382-12a23f35cfb7,USR_13941,ORD_101838,2026-05-26 19:18:00,73.27,DMA_118_TAMPA
b706c44c-81f1-454d-958e-2fae460f606a,USR_13942,ORD_101839,2026-04-24 17:00:00,39.03,DMA_101_NEW_YORK
0a4d64c9-61ab-471f-845b-6f7943917a57,USR_13944,ORD_101840,2026-03-10 03:21:00,126.68,DMA_107_ATLANTA
362e88a2-8734-4cf0-951f-3f8d0b9336c8,USR_13948,ORD_101841,2026-05-08 18:00:00,166.38,DMA_146_ROCHESTER
bab73f89-c5bf-43a9-8987-0e836667b0b2,USR_13949,ORD_101842,2026-04-23 04:25:00,54.5,DMA_100_SAN_FRANCISCO
9b77d4c7-843c-41c8-9641-d2ff4d591f30,USR_13954,ORD_101843,2026-06-10 05:00:00,169.91,DMA_145_BIRMINGHAM
fbaabdc7-d068-4814-95df-f1a69c8fa701,USR_13955,ORD_101844,2026-01-16 14:00:00,101.38,DMA_105_SEATTLE
09be78b2-897c-48d7-a7f3-fe24639c43d9,USR_13958,ORD_101845,2026-02-26 06:52:00,86.62,DMA_145_BIRMINGHAM
84cd6c0a-bccf-4fff-a8f2-e3cedd7b5903,USR_13959,ORD_101846,2026-02-13 21:00:00,83.36,DMA_148_ALBUQUERQUE
36dccb06-d080-4001-9c64-f0eb706b8464,USR_13962,ORD_101847,2026-04-02 06:00:00,102.83,DMA_145_BIRMINGHAM
1636d125-cc5e-414b-b1c5-58799558e94f,USR_13963,ORD_101848,2026-06-09 09:00:00,70.31,DMA_144_PROVIDENCE
580731cc-a23c-4eec-ab2e-2bc025e717c4,USR_13965,ORD_101849,2026-03-07 20:00:00,225.26,DMA_134_CINCINNATI
9b192f47-106e-4335-99c9-1e5c37867ac5,USR_13966,ORD_101850,2026-01-23 21:00:00,85.74,DMA_120_BALTIMORE
a9ec89e6-b95e-47f0-be0f-d7a68d85076e,USR_13967,ORD_101851,2026-03-16 11:00:00,37.22,DMA_115_HOUSTON
d4d62557-4c44-475c-837d-3140128337bb,USR_13970,ORD_101852,2026-05-01 21:00:00,39.48,DMA_104_DALLAS
8a8e47d6-56b1-4c20-81fa-8592d778b6ce,USR_13973,ORD_101853,2026-06-12 13:00:00,106.92,DMA_112_PHILADELPHIA
20e5d644-09da-4acd-bbf9-8fdd7923c0a7,USR_13977,ORD_101854,2026-05-18 10:15:00,61.95,DMA_131_INDIANAPOLIS
4815613b-6d22-4963-aedb-81367835d955,USR_13981,ORD_101855,2026-02-14 19:00:00,84.03,DMA_135_MILWAUKEE
d959fe8d-1275-4430-95c6-093a3eb2c24d,USR_13983,ORD_101856,2026-06-04 22:30:00,88.53,DMA_108_BOSTON
e8af3459-3fc6-40ac-a33c-fb8735b37d4c,USR_13984,ORD_101857,2026-02-27 05:48:00,77.97,DMA_121_CLEVELAND
761f67db-e1eb-4bb7-b390-7dc0e7f0ba24,USR_13986,ORD_101858,2026-04-01 01:00:00,262.3,DMA_102_CHICAGO
fab9c66a-8e82-4c3b-b78b-1fd3fee548ae,USR_13988,ORD_101859,2026-03-27 00:07:00,61.18,DMA_121_CLEVELAND
bd4ca9d5-10fe-4aeb-9643-d1f4bad76d2a,USR_13989,ORD_101860,2026-04-03 17:00:00,39.8,DMA_149_TUCSON
244f1968-6d93-47bf-ba28-6eb8f53b40f1,USR_13990,ORD_101861,2026-02-01 10:00:00,201.66,DMA_145_BIRMINGHAM
f4777baa-0790-41d8-be19-fa3091241743,USR_13992,ORD_101862,2026-05-07 22:00:00,195.58,DMA_108_BOSTON
46f920ab-03c0-418c-b182-bfee2e17af5e,USR_13993,ORD_101863,2026-02-02 17:46:00,148.29,DMA_100_SAN_FRANCISCO
21bad11c-f044-4f09-bfb6-0445102cd3e4,USR_13994,ORD_101864,2026-04-18 11:56:00,96.23,DMA_110_MIAMI
141ac730-4550-476a-bf0f-2adcc188dcb8,USR_13996,ORD_101865,2026-04-10 05:34:00,98.86,DMA_123_PITTSBURGH
152d8c86-bab9-47f1-962f-c961dc4775fe,USR_14002,ORD_101866,2026-05-21 10:24:00,71.15,DMA_115_HOUSTON
6a84e7ab-50aa-4b62-b3b9-59615145f2d7,USR_14004,ORD_101867,2026-01-21 05:00:00,20.43,DMA_134_CINCINNATI
823d7920-7a6b-4999-a90a-7a8af71cddde,USR_14006,ORD_101868,2026-02-12 06:00:00,32.93,DMA_126_ST_LOUIS
c15f9220-891d-46f0-99d6-c524657bd269,USR_14007,ORD_101869,2026-04-19 14:07:00,126.98,DMA_135_MILWAUKEE
813618c8-877e-4e20-a191-81c78040e680,USR_14009,ORD_101870,2026-04-07 09:00:00,90.8,DMA_109_DENVER
ae9fb283-4dd8-47e6-a4ce-39d20abe6326,USR_14012,ORD_101871,2026-03-27 00:00:00,103.49,DMA_125_LAS_VEGAS
27dc9c2a-31a9-44b7-9e47-1dcb05be429f,USR_14014,ORD_101872,2026-04-20 17:47:00,104.66,DMA_123_PITTSBURGH
94d83033-b1a9-4202-840a-dbce2c837c8e,USR_14015,ORD_101873,2026-02-11 18:00:00,333.97,DMA_146_ROCHESTER
e92b27b3-d936-4748-890d-f75e019f10be,USR_14018,ORD_101874,2026-01-14 20:00:00,59.62,DMA_145_BIRMINGHAM
ee05c48e-69e4-4051-8c36-87dca22a961c,USR_14020,ORD_101875,2026-06-07 16:17:00,141.74,DMA_137_OKLAHOMA_CITY
d3115206-d286-42bf-8557-9a9a4e34318d,USR_14023,ORD_101876,2026-03-25 09:00:00,65.87,DMA_102_CHICAGO
e33a5681-cea9-4d6d-8034-1a86811d2b15,USR_14025,ORD_101877,2026-03-21 20:00:00,176.46,DMA_122_SACRAMENTO
fcc83412-91b4-4b5d-8172-ae4db9431bf3,USR_14028,ORD_101878,2026-02-26 00:00:00,80.48,DMA_131_INDIANAPOLIS
e5d3bb3f-223d-4049-b45d-bb727a7e634f,USR_14030,ORD_101879,2026-03-26 10:27:00,56.66,DMA_144_PROVIDENCE
54011dac-6078-4eb8-831f-0f6a664220dc,USR_14031,ORD_101880,2026-04-23 12:00:00,140.38,DMA_106_AUSTIN
046deadd-226f-4203-a599-349906b61cc9,USR_14034,ORD_101881,2026-06-12 10:35:00,106.7,DMA_134_CINCINNATI
0f7f681a-0b50-4536-9b4a-5a3f74a76d4f,USR_14035,ORD_101882,2026-03-03 06:00:00,71.26,DMA_132_SAN_ANTONIO
bc2382f3-42b5-4b9e-a998-e41bb21138ae,USR_14036,ORD_101883,2026-03-20 16:27:00,25.76,DMA_144_PROVIDENCE
857c8048-5b42-4f25-979c-47ffd7cb8cf2,USR_14042,ORD_101884,2026-03-10 03:14:00,35.7,DMA_117_MINNEAPOLIS
9c7031fc-ee12-43e9-b850-9517fa3a0e70,USR_14043,ORD_101885,2026-06-11 10:00:00,44.37,DMA_142_BUFFALO
56cdc654-172d-42bf-a5c0-4e85562eb0a5,USR_14046,ORD_101886,2026-06-29 03:00:00,78.9,DMA_135_MILWAUKEE
2ad925d3-3c53-4b6c-80c3-63d6f57575d2,USR_14055,ORD_101887,2026-04-19 09:58:00,69.56,DMA_118_TAMPA
78d377b0-7117-4fa9-9b03-69c927c4c206,USR_14056,ORD_101888,2026-03-02 20:00:00,47.39,DMA_119_ORLANDO
1353ef94-e032-41a4-9d65-c49f19526e00,USR_14057,ORD_101889,2026-04-14 21:42:00,107.57,DMA_122_SACRAMENTO
c25f8704-7c03-40ed-9d1a-30820f8890b8,USR_14060,ORD_101890,2026-01-11 14:12:00,213.22,DMA_101_NEW_YORK
371e1fc6-fc91-4508-9419-b6b84b6443f6,USR_14064,ORD_101891,2026-05-04 11:00:00,131.13,DMA_127_CHARLOTTE
ade06e98-a774-4f32-a78b-19bdaa59157a,USR_14065,ORD_101892,2026-04-14 05:51:00,58.06,DMA_113_SAN_DIEGO
07c5465a-1b6a-406c-a9f4-39c3df68d8a4,USR_14067,ORD_101893,2026-05-17 08:00:00,84.01,DMA_101_NEW_YORK
ad121620-b749-4814-b901-49b93ef1a45e,USR_14068,ORD_101894,2026-03-21 13:00:00,73.15,DMA_131_INDIANAPOLIS
3db3f3af-6568-4357-b47a-700b678423d5,USR_14071,ORD_101895,2026-05-18 17:00:00,56.82,DMA_126_ST_LOUIS
61bef83f-a169-488c-bab2-12e3145bb4aa,USR_14081,ORD_101896,2026-05-27 10:29:00,69.0,DMA_107_ATLANTA
4b83c995-4658-401d-a313-b5c82a24015b,USR_14083,ORD_101897,2026-03-30 01:30:00,52.44,DMA_146_ROCHESTER
14e84885-2bc7-4670-a179-103a64c5c394,USR_14085,ORD_101898,2026-03-31 04:18:00,237.39,DMA_142_BUFFALO
33460a21-5cc2-4284-9ad4-59d215af6b90,USR_14086,ORD_101899,2026-03-06 18:21:00,92.07,DMA_125_LAS_VEGAS
9139aac0-455a-4da9-8f60-56747c4c680f,USR_14087,ORD_101900,2026-02-05 18:00:00,89.35,DMA_104_DALLAS
3808e13e-9733-4e8b-a57b-88d322b6e6a6,USR_14088,ORD_101901,2026-02-03 11:00:00,141.09,DMA_111_PHOENIX
ca7cf54d-67ea-4eae-b6a4-18d447d92445,USR_14089,ORD_101902,2026-03-21 09:00:00,228.06,DMA_105_SEATTLE
39f88825-e534-4dc0-a529-acdd0f0375c1,USR_14090,ORD_101903,2026-04-24 18:00:00,74.06,DMA_112_PHILADELPHIA
05e0f297-8b1d-425a-99b0-734c153693a6,USR_14091,ORD_101904,2026-05-07 10:07:00,41.74,DMA_129_SALT_LAKE_CITY
16ec1c09-910c-4257-a6d8-9f6c8c9846ba,USR_14092,ORD_101905,2026-03-22 22:00:00,60.94,DMA_117_MINNEAPOLIS
e5f87677-1d90-4ee4-a168-3becc244dcb0,USR_14093,ORD_101906,2026-04-18 03:30:00,90.49,DMA_110_MIAMI
0199cb93-705a-4ba3-823b-0bb7aac9f771,USR_14095,ORD_101907,2026-01-20 23:29:00,71.87,DMA_124_PORTLAND
f3d6b27d-b8cd-4bf4-9b4e-3dacf4f861aa,USR_14098,ORD_101908,2026-02-12 19:47:00,70.03,DMA_102_CHICAGO
44dde1dc-26e9-4bee-93d3-73a4407e37ab,USR_14103,ORD_101909,2026-04-09 17:00:00,120.03,DMA_111_PHOENIX
9fcc3f0c-2a42-48a9-aa21-3020f2323d4b,USR_14105,ORD_101910,2026-02-25 07:47:00,96.01,DMA_135_MILWAUKEE
00c64f80-34db-42f0-8e66-dc335b72b96b,USR_14106,ORD_101911,2026-01-23 03:00:00,131.53,DMA_118_TAMPA
63295ffd-c63f-4c2d-91fe-dc02f71cd5c1,USR_14107,ORD_101912,2026-01-14 00:08:00,48.84,DMA_115_HOUSTON
8d6e5ecc-b6de-4abd-94fb-f376f816a65b,USR_14108,ORD_101913,2026-02-06 15:28:00,53.92,DMA_111_PHOENIX
a01a1559-4646-4ea9-9814-661bcf521303,USR_14113,ORD_101914,2026-01-27 20:47:00,113.18,DMA_132_SAN_ANTONIO
14a68bbb-28db-4665-92bd-756f25a09774,USR_14114,ORD_101915,2026-01-20 21:37:00,99.39,DMA_126_ST_LOUIS
9d27de68-3458-4d4e-ac50-f0031785a410,USR_14118,ORD_101916,2026-05-04 05:16:00,37.03,DMA_145_BIRMINGHAM
95c21b3f-5c79-4d22-9366-76aa79d800aa,USR_14121,ORD_101917,2026-01-23 14:00:00,53.43,DMA_144_PROVIDENCE
859e6145-15d2-47e8-9ff0-4e677d7bd570,USR_14124,ORD_101918,2026-01-23 17:21:00,66.32,DMA_145_BIRMINGHAM
9ac8b381-d151-499d-9117-6179cbbee774,USR_14125,ORD_101919,2026-04-02 15:00:00,106.04,DMA_125_LAS_VEGAS
643a9a31-73bb-4c3c-bc6a-98f74806050a,USR_14127,ORD_101920,2026-05-27 11:48:00,23.63,DMA_145_BIRMINGHAM
eb3180b0-9ded-4c5a-8cd6-6efd363efbc3,USR_14130,ORD_101921,2026-05-13 00:00:00,49.64,DMA_129_SALT_LAKE_CITY
2c1e939f-6c99-4333-aa91-40f9e09f9ee3,USR_14132,ORD_101922,2026-02-22 07:15:00,50.56,DMA_147_GREENVILLE
ab3e992b-0898-45f3-9a8c-593681a4ecc6,USR_14133,ORD_101923,2026-02-03 17:00:00,125.19,DMA_130_COLUMBUS
7fd1cfd1-7fb0-4768-9ef2-1cf5fea95312,USR_14134,ORD_101924,2026-03-06 23:00:00,265.3,DMA_116_DETROIT
a2b63490-85d6-48a2-8c28-a7604f02a686,USR_14135,ORD_101925,2026-05-31 09:00:00,83.52,DMA_107_ATLANTA
592e0408-42dd-4e82-868f-a7bbdd36bb42,USR_14136,ORD_101926,2026-02-25 16:32:00,67.21,DMA_112_PHILADELPHIA
bcb3a5f7-5168-4855-8971-64af49f70f46,USR_14138,ORD_101927,2026-03-23 08:20:00,83.93,DMA_100_SAN_FRANCISCO
f0b35a25-a869-44f4-a48b-8406d34034af,USR_14139,ORD_101928,2026-05-02 22:00:00,103.12,DMA_114_SAN_JOSE
fab9c4ea-2b22-4c0c-9530-de838d773131,USR_14140,ORD_101929,2026-01-27 01:00:00,163.21,DMA_115_HOUSTON
aa50b2d2-1d8b-4a01-ac9e-6e63838524d0,USR_14143,ORD_101930,2026-01-04 03:43:00,72.93,DMA_116_DETROIT
ee791a77-5a08-4325-b48d-766857c47cf2,USR_14145,ORD_101931,2026-05-08 06:00:00,61.48,DMA_106_AUSTIN
7cba6035-66a9-4429-a444-a06fc4930678,USR_14146,ORD_101932,2026-02-25 16:26:00,65.32,DMA_103_LOS_ANGELES
155d702e-2d26-4743-bdba-736871d765cc,USR_14149,ORD_101933,2026-06-05 08:00:00,166.94,DMA_125_LAS_VEGAS
711854aa-39c6-494b-b140-3956c9812967,USR_14151,ORD_101934,2026-04-29 14:00:00,73.54,DMA_103_LOS_ANGELES
f1b324f2-5c8a-4d00-8af6-9d269e1ca922,USR_14152,ORD_101935,2026-01-09 18:30:00,76.09,DMA_119_ORLANDO
ff133c8f-c57f-42f8-9e44-8a5f2bc7627b,USR_14156,ORD_101936,2026-01-14 07:00:00,82.0,DMA_118_TAMPA
067c04fd-ba50-4084-92bf-e9d5a00aa438,USR_14159,ORD_101937,2026-02-02 07:35:00,70.36,DMA_120_BALTIMORE
ef782878-c654-4e13-b2da-c30a8c4e81b9,USR_14161,ORD_101938,2026-04-18 03:00:00,47.13,DMA_108_BOSTON
7d76be0f-d71e-4acc-8d4b-2f07c27b103a,USR_14164,ORD_101939,2026-02-16 08:00:00,54.24,DMA_146_ROCHESTER
06d89708-21e9-44fc-b25d-1c1dc91a6b07,USR_14165,ORD_101940,2026-06-11 08:00:00,132.35,DMA_134_CINCINNATI
ea743839-ed89-45e0-b71a-a19338ff8f98,USR_14168,ORD_101941,2026-04-07 19:20:00,54.43,DMA_133_KANSAS_CITY
66c5f383-34ff-4b1c-972d-5ed98f93c0f4,USR_14171,ORD_101942,2026-06-07 18:50:00,18.66,DMA_133_KANSAS_CITY
2650fe3d-2d3b-4778-a98c-30e84ff0aed9,USR_14176,ORD_101943,2026-06-11 10:00:00,114.34,DMA_139_RICHMOND
2bf42dc2-6245-46fe-bf57-0e2dee642718,USR_14179,ORD_101944,2026-05-02 10:00:00,53.43,DMA_127_CHARLOTTE
a1c69853-9e0e-4a71-92db-d0245cc9c570,USR_14182,ORD_101945,2026-03-16 16:27:00,147.04,DMA_126_ST_LOUIS
eb0d9a61-b7ac-41cf-8ff6-98d7701a7b22,USR_14186,ORD_101946,2026-04-09 13:00:00,74.75,DMA_108_BOSTON
9f8dddf9-234c-4d0b-9278-a2684c09c2cb,USR_14187,ORD_101947,2026-02-21 13:00:00,147.18,DMA_139_RICHMOND
0c86f78d-2522-4e0b-8987-ee461961ea87,USR_14188,ORD_101948,2026-06-02 10:22:00,82.43,DMA_108_BOSTON
bcf90a64-4fa1-42ef-a872-a744bd7eb0a9,USR_14190,ORD_101949,2026-04-08 23:00:00,64.83,DMA_114_SAN_JOSE
450dfe8a-1727-445a-a0cd-32ebcdcce769,USR_14191,ORD_101950,2026-02-06 19:00:00,60.04,DMA_107_ATLANTA
2d45bd02-7527-4841-80ac-33669e6db4ad,USR_14192,ORD_101951,2026-03-16 09:00:00,55.19,DMA_147_GREENVILLE
e6be0812-55d9-4fe0-9154-d2b4ecb485ba,USR_14193,ORD_101952,2026-02-23 07:00:00,70.77,DMA_128_NASHVILLE
df4b6473-47d6-47e7-b968-f21625dc74d1,USR_14195,ORD_101953,2026-05-29 01:00:00,190.86,DMA_123_PITTSBURGH
f17d98de-d17f-49e3-9c2b-4a3bed287390,USR_14198,ORD_101954,2026-02-07 10:00:00,56.41,DMA_144_PROVIDENCE
3087ac2c-6503-4979-8218-e24db9f07180,USR_14200,ORD_101955,2026-02-06 05:08:00,55.62,DMA_132_SAN_ANTONIO
ad8dec23-4ece-405a-9358-64baa80f3592,USR_14202,ORD_101956,2026-06-12 19:00:00,53.45,DMA_116_DETROIT
aa98bebf-27ea-4dd5-a323-3d5a7871e79d,USR_14203,ORD_101957,2026-05-02 18:15:00,34.19,DMA_142_BUFFALO
e33e9795-493b-438d-b500-8bcc28f9bdfe,USR_14207,ORD_101958,2026-01-09 16:00:00,139.0,DMA_128_NASHVILLE
fccc0d40-79a7-4bfa-b651-5f6fa87b6aff,USR_14209,ORD_101959,2026-03-18 16:00:00,37.25,DMA_144_PROVIDENCE
84b696d0-57ff-4c2d-86f1-04991837f866,USR_14211,ORD_101960,2026-05-31 00:21:00,35.47,DMA_116_DETROIT
b7d2181c-66d7-4390-9aa6-2e4775e16053,USR_14213,ORD_101961,2026-02-02 02:00:00,166.69,DMA_133_KANSAS_CITY
8987f027-b33b-4a32-b882-702ad3734f02,USR_14217,ORD_101962,2026-03-01 15:00:00,128.99,DMA_108_BOSTON
f3a03e71-1c73-4416-964a-427bcbef0ff8,USR_14219,ORD_101963,2026-01-29 01:00:00,231.42,DMA_146_ROCHESTER
eb8f41de-27f4-4bfb-bfff-161d60eb9764,USR_14220,ORD_101964,2026-06-08 03:00:00,118.39,DMA_149_TUCSON
24292677-0699-4669-a5a2-b91cfebb2d85,USR_14221,ORD_101965,2026-06-19 08:00:00,199.07,DMA_118_TAMPA
75afaeca-333c-4bd4-acca-2c31ba9c5a3f,USR_14226,ORD_101966,2026-01-30 22:00:00,61.28,DMA_103_LOS_ANGELES
057b1a2e-e01f-4114-b887-1c627f825556,USR_14227,ORD_101967,2026-03-10 11:00:00,150.62,DMA_108_BOSTON
b81f7d1d-9f14-4dba-8956-c2d924e9794a,USR_14229,ORD_101968,2026-02-09 07:00:00,125.48,DMA_130_COLUMBUS
16b572e2-2c82-455a-9493-d86dff3297dd,USR_14230,ORD_101969,2026-01-10 12:55:00,31.49,DMA_123_PITTSBURGH
0e870677-412f-4383-94ad-3323845c18df,USR_14231,ORD_101970,2026-03-26 12:00:00,73.11,DMA_129_SALT_LAKE_CITY
40785301-4566-4b97-a1e6-ac3750c3f35b,USR_14233,ORD_101971,2026-04-23 05:21:00,58.19,DMA_113_SAN_DIEGO
2300938f-1b1a-4406-a247-8b795e9bd90a,USR_14235,ORD_101972,2026-03-19 20:33:00,123.58,DMA_131_INDIANAPOLIS
dce293f4-1ed8-4ccf-bb64-ed17551a77b5,USR_14236,ORD_101973,2026-01-18 07:00:00,80.79,DMA_137_OKLAHOMA_CITY
5be181a3-4b09-480d-b02e-146b8175d23e,USR_14237,ORD_101974,2026-03-04 13:00:00,204.97,DMA_141_NEW_ORLEANS
8c2bd884-a1e5-4ace-88ca-1c0c6e4b0ba9,USR_14239,ORD_101975,2026-03-28 20:00:00,102.92,DMA_120_BALTIMORE
e31ae459-50cb-44c7-9e40-f23edcc438cf,USR_14241,ORD_101976,2026-05-20 12:33:00,36.63,DMA_100_SAN_FRANCISCO
704b7b85-4c72-4d67-b6bd-9d4a247ad0ee,USR_14242,ORD_101977,2026-06-12 13:00:00,99.99,DMA_133_KANSAS_CITY
4003c7d6-6705-4612-90f6-b84cff8f41c7,USR_14247,ORD_101978,2026-05-05 00:44:00,41.16,DMA_115_HOUSTON
8b156437-75c3-4065-ae70-afc705484df8,USR_14249,ORD_101979,2026-07-01 23:00:00,119.74,DMA_113_SAN_DIEGO
5cedc52a-10c8-4ede-adc2-5ac5baa15392,USR_14250,ORD_101980,2026-05-01 16:00:00,31.56,DMA_115_HOUSTON
58b849b2-af52-4364-bcc9-823406b7faae,USR_14251,ORD_101981,2026-01-25 23:07:00,75.8,DMA_120_BALTIMORE
49a2d489-674a-4a83-b6b1-d131f686705b,USR_14253,ORD_101982,2026-06-05 21:00:00,184.19,DMA_117_MINNEAPOLIS
14482e26-d732-457d-8e2a-f0f4c8e1e3a3,USR_14254,ORD_101983,2026-02-25 14:00:00,75.32,DMA_114_SAN_JOSE
d24ecbdf-0cf4-4158-ae14-1658baa3a60d,USR_14255,ORD_101984,2026-06-14 02:00:00,75.15,DMA_119_ORLANDO
14252f1d-1d3a-4e40-a52f-42869a07107a,USR_14259,ORD_101985,2026-02-13 06:00:00,73.09,DMA_115_HOUSTON
9a93aa00-45e6-4754-90b5-55b4db321230,USR_14260,ORD_101986,2026-06-03 02:45:00,98.04,DMA_139_RICHMOND
870f645a-a4d7-4e8c-991f-2defd3414dec,USR_14263,ORD_101987,2026-06-12 14:12:00,28.48,DMA_144_PROVIDENCE
a5b5444a-c178-41c5-a555-8e27a7fbfc9e,USR_14267,ORD_101988,2026-03-20 10:45:00,50.37,DMA_144_PROVIDENCE
845103d9-5ab4-4073-907e-2f7d44cd943a,USR_14268,ORD_101989,2026-06-24 03:00:00,130.59,DMA_117_MINNEAPOLIS
3cb015fe-9fb3-444d-9954-641ea39be785,USR_14269,ORD_101990,2026-03-15 14:00:00,10.49,DMA_146_ROCHESTER
1d1ab876-ada9-4bdb-86f2-2215505ebf43,USR_14277,ORD_101991,2026-06-01 06:00:00,33.81,DMA_112_PHILADELPHIA
28cbcde4-bc5a-4d80-832e-fab52f54a823,USR_14279,ORD_101992,2026-04-21 05:00:00,52.3,DMA_116_DETROIT
2fb297e5-00b8-4d83-a98b-8b9f02c76a73,USR_14281,ORD_101993,2026-01-12 08:00:00,93.42,DMA_107_ATLANTA
52fa4838-a73e-4dde-b3d9-19fc4a2e6f9c,USR_14282,ORD_101994,2026-06-08 17:29:00,41.94,DMA_128_NASHVILLE
2562c90e-da9d-40cc-9151-8b4387799d71,USR_14283,ORD_101995,2026-02-02 23:32:00,60.64,DMA_124_PORTLAND
18c5d486-ff23-4ddf-b5b7-2f2e95aa5578,USR_14284,ORD_101996,2026-02-26 10:00:00,36.65,DMA_138_MEMPHIS
c5b3b6a2-dd9c-452d-950e-1b2cc441d471,USR_14287,ORD_101997,2026-04-16 02:00:00,42.72,DMA_128_NASHVILLE
15cb5474-88c9-433e-9d9e-0f3461f47637,USR_14289,ORD_101998,2026-02-21 03:32:00,37.99,DMA_149_TUCSON
a7ca099f-c544-47a2-9dd3-0e2ba7bacd30,USR_14290,ORD_101999,2026-02-09 00:46:00,63.07,DMA_105_SEATTLE
4ae18c5c-786b-4d58-8111-4048c667aedb,USR_14291,ORD_102000,2026-06-07 04:40:00,137.13,DMA_138_MEMPHIS
f5d75895-bef6-435c-8d87-6f8b7b6a6354,USR_14292,ORD_102001,2026-06-03 07:00:00,81.92,DMA_126_ST_LOUIS
a848b42c-2ca2-44b4-9b75-b65a76e9f785,USR_14296,ORD_102002,2026-04-09 14:00:00,273.7,DMA_143_HARTFORD
200aeff7-ce54-41b7-b325-6cbf7284ca2a,USR_14298,ORD_102003,2026-01-08 00:34:00,92.74,DMA_112_PHILADELPHIA
0aefc8dd-a456-4e37-a22c-b38275d07dec,USR_14299,ORD_102004,2026-03-29 07:00:00,47.28,DMA_141_NEW_ORLEANS
f46995d9-b8c9-4198-a151-cd72ddc0dc37,USR_14301,ORD_102005,2026-02-07 13:10:00,101.61,DMA_123_PITTSBURGH
e519a64a-23ff-4e67-bc9e-07aecd8be15c,USR_14303,ORD_102006,2026-03-08 02:16:00,67.46,DMA_106_AUSTIN
ac6f2ee8-f5ac-47fd-ad66-fc9343ea82b2,USR_14304,ORD_102007,2026-03-19 11:00:00,47.14,DMA_143_HARTFORD
2b8606d2-34ad-4d85-8faf-600293fe3e67,USR_14307,ORD_102008,2026-02-02 04:31:00,80.52,DMA_120_BALTIMORE
3cf4b093-2720-4726-8f91-468b70d421ab,USR_14308,ORD_102009,2026-03-20 19:55:00,55.84,DMA_108_BOSTON
8520d8fc-2a93-414b-b815-e036a7596c0a,USR_14309,ORD_102010,2026-04-05 20:00:00,41.27,DMA_105_SEATTLE
3a826950-178c-4d34-ac1b-78925d5fd049,USR_14311,ORD_102011,2026-01-17 03:00:00,70.21,DMA_123_PITTSBURGH
b6eee0eb-3e36-4ef1-94ed-ffbecb48f776,USR_14312,ORD_102012,2026-02-02 10:32:00,71.86,DMA_133_KANSAS_CITY
e9799428-7757-4ea4-bbc4-7ddd31095cb8,USR_14313,ORD_102013,2026-04-30 16:00:00,38.6,DMA_148_ALBUQUERQUE
212438c7-bdf9-458e-b712-68dd2f1902a7,USR_14316,ORD_102014,2026-02-15 03:53:00,99.64,DMA_135_MILWAUKEE
85935543-d7c5-4cca-8600-d24629088440,USR_14319,ORD_102015,2026-06-08 18:32:00,25.88,DMA_126_ST_LOUIS
0e040f6d-3fe3-48bd-ae36-36ba27d96a6e,USR_14320,ORD_102016,2026-03-10 23:00:00,108.52,DMA_144_PROVIDENCE
6a914b4a-52f6-4c65-8410-32e399f03a01,USR_14321,ORD_102017,2026-02-24 12:33:00,87.11,DMA_114_SAN_JOSE
bade6e37-bccd-4d33-9468-358f445cebdc,USR_14323,ORD_102018,2026-02-01 23:54:00,69.79,DMA_130_COLUMBUS
5719106f-3a6e-4676-b3c1-dc6d5d1ec9cf,USR_14325,ORD_102019,2026-03-18 11:00:00,79.59,DMA_142_BUFFALO
276769a4-4312-4944-9435-17dadd21c58f,USR_14326,ORD_102020,2026-05-02 16:55:00,116.66,DMA_117_MINNEAPOLIS
1bfffe49-9d0b-45cf-846e-18700bb28942,USR_14327,ORD_102021,2026-05-08 22:46:00,45.51,DMA_132_SAN_ANTONIO
a79a0be3-fbec-4f8c-8adc-f48c265ecc5d,USR_14329,ORD_102022,2026-06-16 16:00:00,152.28,DMA_118_TAMPA
6132d062-bd82-4e9d-9f86-270b32fe7a17,USR_14330,ORD_102023,2026-02-03 13:00:00,135.67,DMA_106_AUSTIN
a4b6deb3-023e-4df0-83f5-9f610b703ec2,USR_14332,ORD_102024,2026-02-15 06:00:00,87.19,DMA_104_DALLAS
d230c711-7f29-47d8-b5dc-f5ca9485b5df,USR_14333,ORD_102025,2026-01-22 19:00:00,91.87,DMA_149_TUCSON
3e6a5d8f-42d0-4825-bdf6-42098ec1f81c,USR_14337,ORD_102026,2026-02-07 10:00:00,44.07,DMA_124_PORTLAND
92262fcd-80d2-41ca-bc64-7a1aac9ef0b9,USR_14341,ORD_102027,2026-02-19 22:16:00,45.35,DMA_145_BIRMINGHAM
95d25264-8117-4e7f-892e-676ad4b9351c,USR_14342,ORD_102028,2026-03-06 08:00:00,31.05,DMA_100_SAN_FRANCISCO
fa56f20b-8625-4ef9-bd90-3881d1a34abf,USR_14343,ORD_102029,2026-05-29 04:21:00,70.35,DMA_100_SAN_FRANCISCO
18f0f4a3-6d67-4dda-8976-252de73f522b,USR_14344,ORD_102030,2026-04-24 15:00:00,73.18,DMA_147_GREENVILLE
e13c83d6-81a4-482c-8053-de05445a07fc,USR_14345,ORD_102031,2026-01-01 18:22:00,94.06,DMA_146_ROCHESTER
ec3ffdcf-793a-494d-9ceb-638e363b5e86,USR_14348,ORD_102032,2026-01-27 23:00:00,62.32,DMA_104_DALLAS
d4d7e9f1-d605-4e10-909e-fd712cbc9f95,USR_14350,ORD_102033,2026-02-23 04:00:00,59.23,DMA_122_SACRAMENTO
21af76f3-f25c-4898-9dca-22ced7024ba3,USR_14351,ORD_102034,2026-06-02 19:51:00,41.39,DMA_111_PHOENIX
c948e79c-e4b8-4841-9d89-6d8aedfa70cc,USR_14352,ORD_102035,2026-01-30 08:00:00,102.43,DMA_122_SACRAMENTO
b71d9970-2f06-4704-8bc2-ab6275f89ebf,USR_14353,ORD_102036,2026-03-12 10:00:00,142.58,DMA_123_PITTSBURGH
645aa638-865a-4887-b488-732211159344,USR_14355,ORD_102037,2026-06-03 17:27:00,78.26,DMA_113_SAN_DIEGO
770d953f-ee08-49cb-a36d-a9a78ff88fec,USR_14357,ORD_102038,2026-01-03 00:42:00,33.0,DMA_149_TUCSON
2b44daa9-a8cf-458d-8e3b-33ff856a2e72,USR_14358,ORD_102039,2026-06-17 03:00:00,200.9,DMA_139_RICHMOND
ddd27250-b230-4595-a7a6-c413a3c3685d,USR_14360,ORD_102040,2026-01-31 04:00:00,164.77,DMA_143_HARTFORD
a2baac0f-fe57-432d-9c3c-59561af3db60,USR_14361,ORD_102041,2026-03-23 03:21:00,39.72,DMA_102_CHICAGO
f718e665-0145-432b-a672-647d9e014b31,USR_14364,ORD_102042,2026-06-15 01:00:00,79.67,DMA_149_TUCSON
49d9caa1-f70a-4f1a-9071-b6f3ef395637,USR_14367,ORD_102043,2026-06-08 14:00:00,107.35,DMA_127_CHARLOTTE
51798750-099e-46b7-ac4f-9d2804696a2e,USR_14369,ORD_102044,2026-02-28 16:14:00,75.54,DMA_138_MEMPHIS
238af9be-9867-4359-abc6-1161e4bbdf8a,USR_14372,ORD_102045,2026-02-06 02:37:00,81.98,DMA_123_PITTSBURGH
f3090b8a-220f-4842-b4a1-2a80462b9113,USR_14373,ORD_102046,2026-01-13 10:29:00,57.6,DMA_122_SACRAMENTO
cb4d32fd-1159-41cd-847b-8eb9d294a953,USR_14376,ORD_102047,2026-03-16 05:00:00,130.56,DMA_138_MEMPHIS
c43f4e0e-705c-4b2c-a6c9-4d205c0e2882,USR_14381,ORD_102048,2026-04-01 23:00:00,25.07,DMA_112_PHILADELPHIA
2fe7b56d-f9d5-419f-813b-1f68ceb0031a,USR_14384,ORD_102049,2026-03-14 08:00:00,209.42,DMA_134_CINCINNATI
a70723e0-ba09-420c-b93b-e5341d38173d,USR_14386,ORD_102050,2026-02-25 17:12:00,36.44,DMA_148_ALBUQUERQUE
873edfd9-c03c-427d-99b7-68dad36439e2,USR_14388,ORD_102051,2026-05-20 22:52:00,122.0,DMA_143_HARTFORD
42e85ad1-ed27-40a3-a9ae-1ce6d5ee85c6,USR_14389,ORD_102052,2026-05-02 17:00:00,23.4,DMA_121_CLEVELAND
db03e997-b875-4562-911e-ab5ffbd33b48,USR_14393,ORD_102053,2026-01-12 05:47:00,72.44,DMA_138_MEMPHIS
cdf1100f-2232-477a-a147-17265009f837,USR_14397,ORD_102054,2026-04-11 04:00:00,39.28,DMA_142_BUFFALO
38506f85-159b-4f34-b0bf-b9bd18bc7c5c,USR_14398,ORD_102055,2026-02-22 20:00:00,43.31,DMA_147_GREENVILLE
2fe60ab8-5125-45d9-8505-257c11d6115e,USR_14399,ORD_102056,2026-02-20 03:18:00,63.3,DMA_117_MINNEAPOLIS
8d0b5652-600a-42cb-ae59-0b9de5c46cd9,USR_14401,ORD_102057,2026-05-17 10:00:00,78.55,DMA_139_RICHMOND
f04e7295-34b2-49b5-9259-88d9c0820693,USR_14406,ORD_102058,2026-06-17 10:00:00,82.68,DMA_146_ROCHESTER
303c17fd-119e-463d-ba14-f0124d0bc2ca,USR_14408,ORD_102059,2026-01-20 16:08:00,83.16,DMA_146_ROCHESTER
4a55aa65-da1a-432e-be21-f1c044bf11a1,USR_14410,ORD_102060,2026-01-13 05:00:00,70.07,DMA_141_NEW_ORLEANS
ae1961af-5c7b-4869-8527-923ea214878f,USR_14411,ORD_102061,2026-03-17 18:00:00,57.54,DMA_100_SAN_FRANCISCO
3529bb92-c12a-406e-b8b0-ff94360eb590,USR_14412,ORD_102062,2026-05-06 20:00:00,60.53,DMA_108_BOSTON
9ced9a0b-8212-45c0-ab49-3d12b2349c65,USR_14414,ORD_102063,2026-06-06 01:00:00,91.06,DMA_113_SAN_DIEGO
c28b86f2-2454-4c8a-b7a7-e123c9a2c483,USR_14416,ORD_102064,2026-05-04 23:00:00,39.1,DMA_112_PHILADELPHIA
e0a929b3-bfee-40b0-950e-f3f2c8f3b024,USR_14417,ORD_102065,2026-05-05 10:16:00,127.23,DMA_117_MINNEAPOLIS
d34b2975-9884-4e0c-96d9-a71e0e92fe7d,USR_14424,ORD_102066,2026-04-06 09:18:00,45.85,DMA_109_DENVER
585fbcca-fa02-4837-9a2c-621c1f2947ec,USR_14426,ORD_102067,2026-03-26 18:00:00,117.25,DMA_143_HARTFORD
81be5414-9101-4ef9-8625-ed3fed29ebab,USR_14427,ORD_102068,2026-06-11 18:00:00,51.86,DMA_126_ST_LOUIS
419944e9-966b-4138-8174-9c41ce500b5d,USR_14430,ORD_102069,2026-03-03 20:00:00,66.28,DMA_112_PHILADELPHIA
50d04025-f095-4f5d-9e3f-665d6c7c74a4,USR_14431,ORD_102070,2026-03-02 01:00:00,139.45,DMA_100_SAN_FRANCISCO
2a300c3b-9417-44ad-a719-7696bd50e200,USR_14435,ORD_102071,2026-06-14 11:00:00,50.22,DMA_149_TUCSON
b9641956-9594-41d1-8a2a-f56f3c8266f0,USR_14437,ORD_102072,2026-02-20 07:00:00,114.89,DMA_103_LOS_ANGELES
17eea905-3658-4919-9ff2-b2159f23b514,USR_14439,ORD_102073,2026-04-02 01:40:00,64.6,DMA_100_SAN_FRANCISCO
d0b7e6b6-c593-4937-a47b-08ff538ee8bc,USR_14445,ORD_102074,2026-06-11 08:13:00,32.28,DMA_145_BIRMINGHAM
32ca580e-ca76-4418-9119-e2cca4314df1,USR_14447,ORD_102075,2026-02-02 02:00:00,91.73,DMA_136_RALEIGH
49e10763-8d53-452a-8e48-6a9e71a4892d,USR_14450,ORD_102076,2026-03-31 06:20:00,94.16,DMA_108_BOSTON
833697b0-d38c-49c6-a6ad-60d81ffedde3,USR_14452,ORD_102077,2026-03-02 14:53:00,36.28,DMA_141_NEW_ORLEANS
87662796-4657-4dc0-afcf-6aa7fad6941c,USR_14453,ORD_102078,2026-03-30 17:34:00,66.4,DMA_130_COLUMBUS
2c9dc032-ac78-428d-88f7-dad05bb5867f,USR_14454,ORD_102079,2026-04-18 03:00:00,294.55,DMA_111_PHOENIX
b3b72a5c-e981-454a-8ea9-4398cc1dc42b,USR_14455,ORD_102080,2026-04-21 06:10:00,38.79,DMA_126_ST_LOUIS
9855bbab-0ca8-42ae-867a-434c5d9e16c3,USR_14457,ORD_102081,2026-03-21 22:41:00,172.45,DMA_141_NEW_ORLEANS
e7f1ed42-ea5b-4a9d-b855-4e547c4f6597,USR_14460,ORD_102082,2026-05-25 10:00:00,166.31,DMA_111_PHOENIX
4f41cc5a-e661-4eb7-9c3f-84d4417d2437,USR_14462,ORD_102083,2026-05-25 05:00:00,334.65,DMA_138_MEMPHIS
cb2c6e95-a882-40a7-b3d2-769bda8e57e8,USR_14463,ORD_102084,2026-03-30 04:29:00,59.33,DMA_143_HARTFORD
c85a85d4-ec45-477c-b7a5-ef470713f081,USR_14466,ORD_102085,2026-06-29 13:00:00,102.99,DMA_132_SAN_ANTONIO
f38e2053-189c-415c-8e9a-f60cefe2ba13,USR_14467,ORD_102086,2026-04-01 03:24:00,85.7,DMA_134_CINCINNATI
31b03bb7-7faa-4e05-b627-838b0758c438,USR_14468,ORD_102087,2026-05-17 18:00:00,180.59,DMA_147_GREENVILLE
16ef144c-d60b-4be2-82b3-cb7bed3fac93,USR_14469,ORD_102088,2026-04-26 16:43:00,78.25,DMA_121_CLEVELAND
309195ff-6434-4636-a2a4-8b88b19a2e34,USR_14470,ORD_102089,2026-05-29 14:00:00,37.86,DMA_102_CHICAGO
8831aac9-b48d-47df-8e08-a1faedd62ff2,USR_14471,ORD_102090,2026-06-01 20:14:00,94.01,DMA_108_BOSTON
3d1cf31b-2acb-4796-9828-ef9c75a13e3c,USR_14472,ORD_102091,2026-04-29 04:14:00,85.04,DMA_102_CHICAGO
2c09b79c-75f6-4485-b1db-1f1cf2097ea3,USR_14473,ORD_102092,2026-01-24 20:00:00,74.06,DMA_112_PHILADELPHIA
1caa2053-dc01-400b-9cad-e987129bfe8f,USR_14476,ORD_102093,2026-03-29 23:00:00,94.26,DMA_106_AUSTIN
df372f38-d742-4352-8c30-669622e7c598,USR_14479,ORD_102094,2026-01-06 20:26:00,33.37,DMA_112_PHILADELPHIA
ea450d3d-f9c7-4b3d-a76a-4373af8c3739,USR_14483,ORD_102095,2026-03-17 02:07:00,112.09,DMA_145_BIRMINGHAM
3b40999d-9951-402c-a536-08301e9c0020,USR_14484,ORD_102096,2026-05-10 22:00:00,95.19,DMA_115_HOUSTON
3151e432-b961-4afd-93f4-50ddacb90bca,USR_14486,ORD_102097,2026-02-13 21:44:00,41.75,DMA_112_PHILADELPHIA
87949da9-1ac5-4448-9fa9-de3f42441aaf,USR_14488,ORD_102098,2026-04-02 22:00:00,44.24,DMA_149_TUCSON
db21482d-0984-4a13-ab9d-c6596caf994f,USR_14491,ORD_102099,2026-01-25 12:40:00,157.27,DMA_128_NASHVILLE
c19de236-ff71-4798-ba8e-605d185ba63c,USR_14495,ORD_102100,2026-01-24 23:24:00,63.51,DMA_140_LOUISVILLE
881511db-f07c-409e-a215-2ab452ed8cc1,USR_14497,ORD_102101,2026-05-25 13:19:00,46.05,DMA_120_BALTIMORE
c46d55ab-b398-4ca2-b154-e5d5d13399b3,USR_14501,ORD_102102,2026-04-16 01:00:00,151.24,DMA_149_TUCSON
a9faf11b-d80d-4119-ae01-61bc91836b2d,USR_14502,ORD_102103,2026-02-08 18:00:00,200.34,DMA_143_HARTFORD
c27cb893-b1f5-46ad-8427-5728694be316,USR_14503,ORD_102104,2026-03-07 01:25:00,89.2,DMA_116_DETROIT
36fb9e6c-01e7-4772-b993-a26458e17715,USR_14506,ORD_102105,2026-03-22 17:00:00,94.15,DMA_142_BUFFALO
b7d73bc1-7f00-41c9-a0b0-c3dd79c52365,USR_14508,ORD_102106,2026-03-25 21:00:00,198.58,DMA_144_PROVIDENCE
c723b2bc-4413-41a9-bba1-a274e2c55d56,USR_14511,ORD_102107,2026-03-04 00:00:00,214.58,DMA_123_PITTSBURGH
8c8e6de4-5ff5-4b6c-9cfb-db5b133fb7a5,USR_14513,ORD_102108,2026-04-26 17:36:00,106.63,DMA_122_SACRAMENTO
959d26a3-83dc-456a-9baa-970da0dbde49,USR_14516,ORD_102109,2026-03-09 06:00:00,84.44,DMA_126_ST_LOUIS
590ffb8b-d6fd-407b-9546-0040cdb857c1,USR_14518,ORD_102110,2026-02-02 23:00:00,34.06,DMA_134_CINCINNATI
7affff57-1856-44f9-adb2-cb2a797faf11,USR_14520,ORD_102111,2026-01-13 16:47:00,75.54,DMA_114_SAN_JOSE
18632e15-2b9e-42c8-bd08-03035602fa92,USR_14522,ORD_102112,2026-01-23 18:00:00,89.36,DMA_111_PHOENIX
19da2b5c-4bc4-43d7-a45e-267f1e3b8714,USR_14524,ORD_102113,2026-01-22 21:00:00,206.7,DMA_148_ALBUQUERQUE
429e6b2b-79ca-459d-89dd-8ad470dd1b31,USR_14526,ORD_102114,2026-06-01 07:00:00,68.83,DMA_134_CINCINNATI
867342db-c7c5-4883-a87f-feab4f08d63b,USR_14529,ORD_102115,2026-03-23 13:00:00,402.8,DMA_111_PHOENIX
5c205b6b-64ce-4478-bad5-a52a9d0bcae8,USR_14533,ORD_102116,2026-05-30 14:47:00,68.24,DMA_112_PHILADELPHIA
1363fc76-25fb-4995-b04a-f8e01033b86f,USR_14536,ORD_102117,2026-03-14 23:16:00,61.9,DMA_142_BUFFALO
10f6aabe-7166-45a3-acb2-5fc54d727266,USR_14537,ORD_102118,2026-03-26 21:49:00,86.0,DMA_100_SAN_FRANCISCO
fec34c65-1730-4f83-9136-2c058d29cdbe,USR_14539,ORD_102119,2026-04-14 10:54:00,50.29,DMA_146_ROCHESTER
129d5c3e-52ca-4859-9d92-52420f4f0374,USR_14540,ORD_102120,2026-04-06 23:00:00,36.73,DMA_107_ATLANTA
47a8f312-bce6-46a5-bdd3-5830e2eee76b,USR_14543,ORD_102121,2026-02-17 12:24:00,69.01,DMA_110_MIAMI
36cedf4d-82d2-446b-b05f-dbefb9995c2f,USR_14544,ORD_102122,2026-02-04 08:29:00,27.85,DMA_104_DALLAS
5ae87394-feab-48a4-a691-f88e78dc3e36,USR_14551,ORD_102123,2026-05-24 09:00:00,70.81,DMA_138_MEMPHIS
c57b200f-60e0-473c-a999-e2962ff2b836,USR_14555,ORD_102124,2026-01-11 18:16:00,45.94,DMA_108_BOSTON
9ead1b26-ce30-40c0-b3b0-82d80b091e2f,USR_14557,ORD_102125,2026-02-12 03:00:00,88.65,DMA_105_SEATTLE
aedd7bdc-9a30-4503-9d88-b346f6027943,USR_14558,ORD_102126,2026-01-28 22:29:00,59.82,DMA_118_TAMPA
453f0a0d-e84b-46f9-b530-4dba496cabdb,USR_14560,ORD_102127,2026-05-10 20:00:00,369.1,DMA_134_CINCINNATI
c18ce01d-9a0f-4dc8-8e61-ba9a26b3b666,USR_14563,ORD_102128,2026-03-03 02:00:00,64.64,DMA_117_MINNEAPOLIS
ab62d741-1598-4cbc-9311-9e6e00e718d9,USR_14566,ORD_102129,2026-04-10 09:25:00,27.07,DMA_110_MIAMI
0dcacae1-fc3f-4eee-aff8-c434dcd14d1a,USR_14567,ORD_102130,2026-04-20 07:41:00,76.22,DMA_138_MEMPHIS
ee607d49-5877-4f49-8402-261a2b994cab,USR_14570,ORD_102131,2026-02-17 15:45:00,79.91,DMA_102_CHICAGO
dcf6c462-8b2a-42d8-827b-df5e0df55aa0,USR_14572,ORD_102132,2026-05-01 00:00:00,109.06,DMA_149_TUCSON
da0c6e2c-d9d0-4d0b-b4ad-6809d486a229,USR_14574,ORD_102133,2026-02-28 01:00:00,61.78,DMA_109_DENVER
7cda47f3-e319-4923-a1ba-d621b0004c2b,USR_14575,ORD_102134,2026-04-09 01:38:00,69.17,DMA_122_SACRAMENTO
f432d19b-a57e-4165-bdf1-c51d91004d57,USR_14577,ORD_102135,2026-03-25 06:00:00,56.81,DMA_105_SEATTLE
bcc6e21f-4ae6-4973-8067-2c60465fbb94,USR_14579,ORD_102136,2026-02-21 04:52:00,49.31,DMA_125_LAS_VEGAS
325e6f5f-169a-4ce8-8a0a-680e3b17bb42,USR_14581,ORD_102137,2026-04-08 17:31:00,53.3,DMA_119_ORLANDO
875c9c9e-64fe-4a68-9062-2b497460c799,USR_14583,ORD_102138,2026-01-10 16:00:00,43.43,DMA_100_SAN_FRANCISCO
985140b6-1578-4d01-8c2a-84aaa46d6e4b,USR_14584,ORD_102139,2026-04-03 09:00:00,95.68,DMA_109_DENVER
79287d7b-a244-42bc-82f7-3baf9d6d601a,USR_14585,ORD_102140,2026-04-18 13:10:00,78.78,DMA_134_CINCINNATI
c92aeaa4-5eb1-49ab-baf4-e4a569c1e707,USR_14586,ORD_102141,2026-01-17 03:00:00,71.7,DMA_102_CHICAGO
7934070d-b630-47e4-a5a7-098906272a29,USR_14587,ORD_102142,2026-02-22 09:37:00,95.39,DMA_140_LOUISVILLE
f52b90e7-d090-4e8f-847e-931f0e75f88e,USR_14591,ORD_102143,2026-02-27 23:51:00,78.98,DMA_148_ALBUQUERQUE
92ef437e-6b44-4d50-b9d0-bb2152e8d934,USR_14592,ORD_102144,2026-02-20 18:00:00,49.62,DMA_135_MILWAUKEE
f3031fee-c57a-40ee-8f3b-606a34d0c656,USR_14595,ORD_102145,2026-06-29 08:00:00,71.5,DMA_110_MIAMI
c98df116-5063-44c3-82f3-b327e797194e,USR_14596,ORD_102146,2026-03-24 07:17:00,73.78,DMA_131_INDIANAPOLIS
c459e508-c8be-4934-b1f4-2d1571db3913,USR_14598,ORD_102147,2026-06-01 13:42:00,21.44,DMA_140_LOUISVILLE
db0376bb-f308-4c25-9f00-65787208cfae,USR_14600,ORD_102148,2026-03-23 21:22:00,60.06,DMA_116_DETROIT
f77734c8-2c9b-46ae-8815-46aca8ec1444,USR_14601,ORD_102149,2026-04-16 01:00:00,126.75,DMA_137_OKLAHOMA_CITY
e264b8ee-4604-4946-8e07-b8c3e281816f,USR_14602,ORD_102150,2026-06-07 03:51:00,56.5,DMA_118_TAMPA
43226f33-f476-4f7e-9372-619ba0be0839,USR_14605,ORD_102151,2026-05-15 05:00:00,91.62,DMA_142_BUFFALO
fb81aaf2-f47d-42de-a594-7a10a78307f8,USR_14606,ORD_102152,2026-06-15 22:00:00,122.73,DMA_103_LOS_ANGELES
144e2e16-df7e-431c-9c29-5736972cda2d,USR_14607,ORD_102153,2026-05-20 08:00:00,96.0,DMA_129_SALT_LAKE_CITY
a4402eb6-c708-4163-a09a-036e0b712419,USR_14608,ORD_102154,2026-06-11 23:00:00,74.34,DMA_107_ATLANTA
b5c9ca25-a449-44f2-bc61-a5d37b221ff3,USR_14610,ORD_102155,2026-01-23 01:00:00,35.34,DMA_128_NASHVILLE
0bbab7cc-bb12-4e39-9d58-3b6159f35b25,USR_14612,ORD_102156,2026-04-25 01:33:00,274.99,DMA_121_CLEVELAND
da4cb947-d062-4deb-99c5-fce4413f8600,USR_14613,ORD_102157,2026-06-15 17:28:00,94.52,DMA_115_HOUSTON
5b061576-b46f-4841-8985-afebe49b0049,USR_14614,ORD_102158,2026-04-14 00:52:00,43.9,DMA_116_DETROIT
e7ac02fa-e2fa-4a3f-b385-ba60f2680fed,USR_14616,ORD_102159,2026-03-07 03:00:00,24.27,DMA_115_HOUSTON
0fc6c90e-bb5f-4ff3-b1d0-9bca774e195a,USR_14617,ORD_102160,2026-02-05 00:00:00,106.07,DMA_141_NEW_ORLEANS
5bf4ed19-e217-44b6-9d9a-30ec90dbefa5,USR_14618,ORD_102161,2026-01-13 19:21:00,101.96,DMA_146_ROCHESTER
e92bcde4-42dc-4f7e-99af-0e06063b670d,USR_14621,ORD_102162,2026-01-22 12:00:00,41.9,DMA_103_LOS_ANGELES
b76c70c1-6dad-4f17-b182-17206104c90a,USR_14625,ORD_102163,2026-02-28 11:00:00,33.94,DMA_144_PROVIDENCE
f0c8e227-d5fa-48fa-8ecf-8b9fb5008856,USR_14628,ORD_102164,2026-02-20 16:00:00,20.01,DMA_121_CLEVELAND
76744f2a-d0ef-4cbc-8fad-0e795cb48597,USR_14629,ORD_102165,2026-01-13 01:24:00,313.92,DMA_105_SEATTLE
4357c7e4-005d-41a6-b5db-ec7323828249,USR_14630,ORD_102166,2026-05-30 04:00:00,58.61,DMA_139_RICHMOND
a15ce453-2472-4190-90cb-c0a3ebb3f7aa,USR_14634,ORD_102167,2026-02-26 05:00:00,80.59,DMA_137_OKLAHOMA_CITY
b57765c3-545c-4ce7-99ee-bae54641d5d6,USR_14639,ORD_102168,2026-02-17 04:00:00,136.62,DMA_130_COLUMBUS
78ca3649-b8ad-4dbd-9823-4fdeabd05e00,USR_14642,ORD_102169,2026-02-02 09:23:00,77.18,DMA_141_NEW_ORLEANS
ec83d659-4681-4424-9186-a11af5b58c67,USR_14644,ORD_102170,2026-05-05 00:18:00,93.34,DMA_138_MEMPHIS
2988cc23-09b3-401b-8347-0a425dae6970,USR_14646,ORD_102171,2026-03-06 05:59:00,68.48,DMA_108_BOSTON
25fad242-49c3-4dde-8da5-cd63720283a9,USR_14647,ORD_102172,2026-03-04 21:00:00,55.01,DMA_127_CHARLOTTE
1884eeb6-846a-4ac3-946c-d5d89e1eee9e,USR_14649,ORD_102173,2026-03-18 21:51:00,35.7,DMA_137_OKLAHOMA_CITY
bc723d5c-abd2-4c8d-8b22-201077e0954c,USR_14653,ORD_102174,2026-05-01 03:00:00,76.77,DMA_145_BIRMINGHAM
12f32c8f-9774-428d-a25c-d1096e1b0ad5,USR_14654,ORD_102175,2026-02-14 17:00:00,169.12,DMA_122_SACRAMENTO
264cb93f-a0ea-4a03-ac60-0b45677e26f9,USR_14655,ORD_102176,2026-03-02 00:25:00,41.55,DMA_148_ALBUQUERQUE
c3bc15ee-d5a5-41e9-9610-b3d7fdaebc73,USR_14658,ORD_102177,2026-06-18 02:00:00,108.66,DMA_111_PHOENIX
b2ccf8b0-79d7-4de9-873b-8b8437a3b468,USR_14659,ORD_102178,2026-06-06 22:00:00,134.24,DMA_137_OKLAHOMA_CITY
291211f5-a8de-4b85-b6db-1ba278acc660,USR_14660,ORD_102179,2026-02-15 05:24:00,93.35,DMA_114_SAN_JOSE
ac342a7b-9455-4f4a-ae54-19fd5048bd6b,USR_14661,ORD_102180,2026-06-05 00:00:00,260.45,DMA_103_LOS_ANGELES
9c8bc3f2-9dc7-475a-b536-cffdbcd9251e,USR_14662,ORD_102181,2026-06-25 03:00:00,133.93,DMA_137_OKLAHOMA_CITY
bc02ae5e-7fd2-41f2-abb3-d8963ccf0776,USR_14664,ORD_102182,2026-01-21 18:24:00,38.37,DMA_131_INDIANAPOLIS
c338a28a-1ad0-4282-83e5-841e70dd7d4f,USR_14666,ORD_102183,2026-01-28 15:00:00,34.06,DMA_141_NEW_ORLEANS
e74eb1ef-e52c-49a7-850a-676c8875df9d,USR_14670,ORD_102184,2026-03-16 10:00:00,72.91,DMA_107_ATLANTA
8c79e426-604e-4702-9acb-0acbfa21d3ee,USR_14671,ORD_102185,2026-05-23 05:16:00,75.31,DMA_115_HOUSTON
40392f05-b975-496f-9985-2f4fe39e6522,USR_14672,ORD_102186,2026-03-11 07:15:00,52.71,DMA_117_MINNEAPOLIS
3109ba94-456f-43ac-9644-01d64a596f84,USR_14674,ORD_102187,2026-06-11 10:00:00,52.43,DMA_128_NASHVILLE
15eb663e-5085-4184-b260-1a2974e04282,USR_14675,ORD_102188,2026-04-20 19:00:00,20.55,DMA_120_BALTIMORE
40a0a680-d3ce-45eb-8a45-90536ce8321e,USR_14676,ORD_102189,2026-03-30 00:26:00,114.57,DMA_128_NASHVILLE
2ddccb72-79ae-48bc-a6b4-c7249838957b,USR_14678,ORD_102190,2026-02-18 19:00:00,42.31,DMA_133_KANSAS_CITY
f8bba520-79aa-4fff-9417-285e4a3e6a39,USR_14680,ORD_102191,2026-06-11 23:40:00,61.6,DMA_140_LOUISVILLE
560949f7-5831-4f38-b5cc-13e9c9342bc3,USR_14681,ORD_102192,2026-06-16 09:00:00,102.57,DMA_124_PORTLAND
2c223e9d-dcd2-4e72-aa68-3f6113f42e50,USR_14682,ORD_102193,2026-05-24 19:00:00,110.05,DMA_133_KANSAS_CITY
d9a5a067-f51d-4efe-bb78-f42b97f8f4d5,USR_14683,ORD_102194,2026-04-10 14:32:00,42.61,DMA_116_DETROIT
6ee7e881-455f-4564-b8df-4dffaba76053,USR_14684,ORD_102195,2026-01-05 01:21:00,33.78,DMA_144_PROVIDENCE
db494c47-fb2c-45d1-892b-d9ece34458fb,USR_14687,ORD_102196,2026-03-16 08:00:00,188.04,DMA_104_DALLAS
b1ca5153-1206-46f7-b965-7957062810e1,USR_14689,ORD_102197,2026-02-16 00:58:00,20.05,DMA_119_ORLANDO
a211bf15-3515-4111-ac97-372b0a18e9bd,USR_14690,ORD_102198,2026-02-09 14:00:00,207.57,DMA_115_HOUSTON
ae39ab44-0e20-4758-8dda-6899e8c501f7,USR_14695,ORD_102199,2026-04-02 20:00:00,57.83,DMA_146_ROCHESTER
bbda4b83-c186-4bca-99d1-0268c65f054e,USR_14697,ORD_102200,2026-04-25 20:00:00,54.57,DMA_106_AUSTIN
e9f3e7ca-46a1-44e5-977e-1088ac6b9a4f,USR_14699,ORD_102201,2026-04-12 02:00:00,38.88,DMA_144_PROVIDENCE
8a21b155-33a7-4573-8ad2-69b1a57a3e8a,USR_14703,ORD_102202,2026-06-21 21:00:00,36.16,DMA_138_MEMPHIS
4a69fba1-d4c9-43e5-b7a9-729e9a68e7c2,USR_14705,ORD_102203,2026-03-21 18:26:00,67.95,DMA_102_CHICAGO
b04a61e2-479f-4103-b73c-f3a64a7786ff,USR_14706,ORD_102204,2026-05-04 12:00:00,173.31,DMA_124_PORTLAND
92420e75-cbc1-4fea-adca-49f9c6a5e94f,USR_14709,ORD_102205,2026-05-20 21:12:00,61.81,DMA_129_SALT_LAKE_CITY
c72019d4-56e7-45cb-9c08-b3a0160fd0d9,USR_14710,ORD_102206,2026-02-20 21:00:00,170.05,DMA_135_MILWAUKEE
40e49a3b-c61b-49a1-89bb-5e314608ab3b,USR_14711,ORD_102207,2026-02-15 03:45:00,61.06,DMA_116_DETROIT
adca76c3-dc4e-4a0f-af9b-ec4276bf9884,USR_14712,ORD_102208,2026-05-06 03:00:00,15.8,DMA_123_PITTSBURGH
55211d8d-bcd1-4223-8608-5ca03583a2f1,USR_14714,ORD_102209,2026-04-13 21:00:00,95.64,DMA_116_DETROIT
7e41bd3a-cbf4-48f2-9e14-05a2a6ba7962,USR_14716,ORD_102210,2026-01-30 19:10:00,84.33,DMA_136_RALEIGH
dfeb5e64-a451-4eb2-96da-ea74e69c8d33,USR_14717,ORD_102211,2026-06-21 11:00:00,145.29,DMA_148_ALBUQUERQUE
edc68c84-f921-4a30-9a71-a8d81bb4560a,USR_14719,ORD_102212,2026-04-11 05:48:00,26.14,DMA_130_COLUMBUS
23fded58-41cd-4643-a21b-0f50f635efef,USR_14720,ORD_102213,2026-02-15 09:19:00,54.64,DMA_129_SALT_LAKE_CITY
70dd2284-54b7-4a0b-87be-b0e9e6caf7cd,USR_14724,ORD_102214,2026-05-14 20:37:00,85.04,DMA_139_RICHMOND
c8dcc8ff-3a22-4f25-9aca-4ac7a33cad43,USR_14725,ORD_102215,2026-05-24 03:18:00,92.03,DMA_119_ORLANDO
b9385662-78e4-452d-8f92-deee2af213b6,USR_14726,ORD_102216,2026-02-14 06:00:00,94.56,DMA_105_SEATTLE
e3e4ea88-34f6-47e8-86ff-ba07c07fa2e5,USR_14727,ORD_102217,2026-04-27 09:00:00,134.75,DMA_124_PORTLAND
a081d640-02a9-40d9-a86e-92f9f12f057b,USR_14730,ORD_102218,2026-01-23 08:37:00,72.48,DMA_140_LOUISVILLE
a87c1ca9-05b9-4a68-805f-f0910e9e86ca,USR_14731,ORD_102219,2026-02-16 03:09:00,120.36,DMA_111_PHOENIX
9a841bad-fffd-4cee-9cb1-ea747c77c620,USR_14732,ORD_102220,2026-03-21 00:00:00,114.66,DMA_139_RICHMOND
b2569d39-4865-49fa-b355-be1567e35ad5,USR_14733,ORD_102221,2026-06-01 00:00:00,95.75,DMA_146_ROCHESTER
50ab36c6-a423-49e3-b849-b21e4cdd70a2,USR_14736,ORD_102222,2026-05-10 09:00:00,22.46,DMA_128_NASHVILLE
03847693-ce8c-472e-9e6a-b9bec03604ef,USR_14741,ORD_102223,2026-06-13 12:00:00,90.08,DMA_139_RICHMOND
90e58ef9-126f-4c92-b626-27bd9ee3f59f,USR_14745,ORD_102224,2026-05-20 04:00:00,35.64,DMA_135_MILWAUKEE
e86c1ff4-f250-438d-884b-e2926dbbf987,USR_14746,ORD_102225,2026-06-04 14:00:00,42.86,DMA_116_DETROIT
bdf766df-b856-4140-b0e6-573b8d86d97e,USR_14747,ORD_102226,2026-05-13 20:55:00,53.87,DMA_129_SALT_LAKE_CITY
746124b1-4df6-4b72-968e-3c73d1a2eb93,USR_14750,ORD_102227,2026-04-22 19:45:00,94.78,DMA_125_LAS_VEGAS
eee177e3-a653-421c-891b-345e4bc71e64,USR_14753,ORD_102228,2026-05-25 09:00:00,65.59,DMA_102_CHICAGO
2fa08215-4ca4-4d27-9015-ff8a5163531f,USR_14757,ORD_102229,2026-02-28 06:00:00,91.92,DMA_140_LOUISVILLE
efecc672-16f6-4b88-92be-4db84b297c76,USR_14762,ORD_102230,2026-03-07 14:13:00,33.52,DMA_119_ORLANDO
289e0fe2-53eb-4517-a75f-efea1c6965ff,USR_14767,ORD_102231,2026-04-08 15:53:00,93.97,DMA_127_CHARLOTTE
baa22297-8179-44dd-932c-affd2ec51a4d,USR_14768,ORD_102232,2026-05-10 11:42:00,22.72,DMA_123_PITTSBURGH
19f3e4bf-5f91-4834-9fb0-686e49fef51b,USR_14770,ORD_102233,2026-02-27 07:26:00,77.21,DMA_114_SAN_JOSE
bdfa465d-bab7-4d54-89ce-4b206f4a2b1e,USR_14775,ORD_102234,2026-03-30 22:00:00,43.77,DMA_129_SALT_LAKE_CITY
d471a861-f6aa-49c6-9537-83f29a3bc91b,USR_14776,ORD_102235,2026-03-24 20:26:00,69.91,DMA_128_NASHVILLE
be21c3ca-ab5b-4019-9d1d-54e60916c339,USR_14778,ORD_102236,2026-03-31 23:00:00,48.34,DMA_145_BIRMINGHAM
e4fea1dc-7cd9-4f38-bccd-99e6ee173157,USR_14781,ORD_102237,2026-03-05 14:52:00,82.89,DMA_106_AUSTIN
d1481985-3a87-493b-8380-eda4c5988e6c,USR_14784,ORD_102238,2026-05-15 01:44:00,54.76,DMA_130_COLUMBUS
595116e6-aafd-42c0-adf6-ef206b536886,USR_14786,ORD_102239,2026-02-01 06:00:00,158.1,DMA_136_RALEIGH
010ed2c9-86ae-4515-9359-62e10d4aef45,USR_14787,ORD_102240,2026-05-27 08:39:00,36.18,DMA_104_DALLAS
a6a57c0c-5bd5-4278-bffd-f0027e63314a,USR_14790,ORD_102241,2026-02-25 21:00:00,48.66,DMA_149_TUCSON
7dc2098c-2914-49d3-bdb7-f7757310c97c,USR_14792,ORD_102242,2026-04-18 16:00:00,125.91,DMA_104_DALLAS
ab23ee33-50bc-48e7-b222-de8190b6f4ed,USR_14793,ORD_102243,2026-06-24 18:00:00,51.15,DMA_121_CLEVELAND
8877ece0-5147-4aea-9309-5110781d21d0,USR_14795,ORD_102244,2026-02-06 13:00:00,64.79,DMA_115_HOUSTON
caa81729-1f17-4f84-b060-587c903aee0d,USR_14796,ORD_102245,2026-03-01 00:00:00,28.66,DMA_109_DENVER
cbd4d163-e427-4c21-b060-9e6a8f2d24e2,USR_14799,ORD_102246,2026-01-25 20:00:00,64.78,DMA_132_SAN_ANTONIO
3760c30a-7645-4396-9da2-9d7532c1935a,USR_14802,ORD_102247,2026-01-08 23:11:00,71.45,DMA_116_DETROIT
38c1cc8b-25d7-4cc8-8de7-45948a06e41d,USR_14805,ORD_102248,2026-05-18 17:00:00,291.19,DMA_118_TAMPA
5d03b3ca-5443-4465-8255-8c4b7a096f6b,USR_14810,ORD_102249,2026-05-15 07:00:00,84.23,DMA_111_PHOENIX
ed3d2a38-0012-4337-b222-318fff5e5b1a,USR_14812,ORD_102250,2026-05-04 19:24:00,57.64,DMA_148_ALBUQUERQUE
328bb735-fe26-4afb-a62a-0bdaa47016d4,USR_14813,ORD_102251,2026-06-05 22:42:00,24.96,DMA_100_SAN_FRANCISCO
6afde78a-a4a1-443f-a766-bee1b08efe6a,USR_14814,ORD_102252,2026-05-14 05:00:00,63.29,DMA_102_CHICAGO
9793bb29-6b68-48d2-9c51-393389df16e6,USR_14815,ORD_102253,2026-04-18 06:00:00,121.69,DMA_120_BALTIMORE
65760743-840a-4910-b774-49637fb3c583,USR_14817,ORD_102254,2026-04-23 01:00:00,52.75,DMA_110_MIAMI
c1dca186-d678-4b5f-a060-75ebbb7c8e3b,USR_14818,ORD_102255,2026-06-01 17:00:00,58.63,DMA_103_LOS_ANGELES
7180fd87-8d95-48f5-8e65-c254e1bde1a1,USR_14819,ORD_102256,2026-03-15 15:48:00,72.0,DMA_129_SALT_LAKE_CITY
ef3b8797-465a-43e0-a5e0-71d767a7179c,USR_14820,ORD_102257,2026-01-06 12:07:00,89.51,DMA_129_SALT_LAKE_CITY
07e4ccd9-b702-4739-b6bd-ff0a8334cac6,USR_14826,ORD_102258,2026-04-13 20:24:00,95.98,DMA_125_LAS_VEGAS
93a09175-9f3c-4cb9-abf5-ce5dc8f3a69e,USR_14830,ORD_102259,2026-05-01 13:00:00,150.98,DMA_125_LAS_VEGAS
335d4baa-a1d6-4e42-82e8-da22dd24829f,USR_14833,ORD_102260,2026-04-20 00:00:00,40.2,DMA_112_PHILADELPHIA
30fbf64b-8693-4b08-9c30-a6d095157b4d,USR_14842,ORD_102261,2026-05-02 00:45:00,212.83,DMA_134_CINCINNATI
b948e0d0-d78f-4c1b-b239-550a94a9d689,USR_14844,ORD_102262,2026-05-19 15:43:00,90.17,DMA_126_ST_LOUIS
6d0cd167-cdbf-48f7-a0f6-51d9f15656bd,USR_14847,ORD_102263,2026-05-24 12:00:00,151.46,DMA_127_CHARLOTTE
303b2a23-01de-43a4-8dc1-4f2bf718c14f,USR_14848,ORD_102264,2026-01-03 12:21:00,52.0,DMA_129_SALT_LAKE_CITY
523857c0-153a-4c59-967f-69b0fe09e2df,USR_14850,ORD_102265,2026-04-13 13:00:00,133.96,DMA_129_SALT_LAKE_CITY
ee0d71d1-2504-4968-9cef-fc93031172c7,USR_14852,ORD_102266,2026-04-10 03:00:00,97.98,DMA_108_BOSTON
394c336b-ca68-420f-8310-2bfb8dd3bb12,USR_14854,ORD_102267,2026-06-13 22:00:00,140.23,DMA_137_OKLAHOMA_CITY
2c33d868-5912-43c9-bee7-4d5cff02a9a5,USR_14855,ORD_102268,2026-05-03 08:00:00,194.07,DMA_144_PROVIDENCE
89ae2ce7-973f-4b78-b449-b56d28cf74b2,USR_14856,ORD_102269,2026-01-27 08:43:00,68.55,DMA_132_SAN_ANTONIO
62f7a24d-0df7-4b87-8556-28f72db4dee0,USR_14860,ORD_102270,2026-05-04 14:46:00,52.55,DMA_119_ORLANDO
6dd5c772-8020-4176-ac78-1e308fe9d110,USR_14861,ORD_102271,2026-03-15 08:00:00,74.72,DMA_127_CHARLOTTE
4859e198-f59a-4993-93cb-58b5e4e96ceb,USR_14862,ORD_102272,2026-04-28 10:06:00,30.76,DMA_101_NEW_YORK
d4a8dd5f-9dcc-403b-a8e0-3844676b8d1a,USR_14864,ORD_102273,2026-01-23 06:00:00,82.99,DMA_106_AUSTIN
d7e9f940-1bef-4857-8180-93c371003beb,USR_14868,ORD_102274,2026-02-14 15:50:00,98.12,DMA_115_HOUSTON
63ffe3ac-7104-45dc-afcf-1748a7ecfd11,USR_14871,ORD_102275,2026-03-06 06:10:00,61.48,DMA_126_ST_LOUIS
3a57a222-a277-42cc-bdd1-6dc98b4294fb,USR_14875,ORD_102276,2026-04-02 09:33:00,43.14,DMA_109_DENVER
0de52508-1441-472e-bf9f-29266e94151a,USR_14876,ORD_102277,2026-05-28 18:36:00,94.93,DMA_100_SAN_FRANCISCO
ec3d31d2-a609-463f-958d-ff75875fe22f,USR_14877,ORD_102278,2026-03-18 11:00:00,103.21,DMA_112_PHILADELPHIA
6d6fab9d-2f51-4a78-b36b-2635afe428b1,USR_14879,ORD_102279,2026-03-14 17:46:00,37.84,DMA_139_RICHMOND
4277392e-456a-4064-b816-b32185cce187,USR_14881,ORD_102280,2026-05-27 14:00:00,111.05,DMA_122_SACRAMENTO
820fa5ee-9518-49c2-b3ca-761320e73d80,USR_14884,ORD_102281,2026-04-24 23:27:00,43.19,DMA_121_CLEVELAND
cf68e3ce-9ff9-41c0-9289-64839b86f8fd,USR_14886,ORD_102282,2026-05-14 13:38:00,113.51,DMA_119_ORLANDO
b3737865-9a2f-4b04-99a4-349b09e7d8c3,USR_14888,ORD_102283,2026-04-12 20:42:00,30.96,DMA_116_DETROIT
8b3e72b5-6e85-4a6e-9650-60d54a082679,USR_14890,ORD_102284,2026-02-13 02:00:00,68.59,DMA_121_CLEVELAND
53fc95cb-8e5e-45c0-b561-1ce3f8b33ef4,USR_14893,ORD_102285,2026-06-09 09:44:00,45.56,DMA_124_PORTLAND
24c0c829-dc70-46df-95ef-9f17e16c2c11,USR_14894,ORD_102286,2026-06-21 18:00:00,102.13,DMA_104_DALLAS
2f6f24c1-b56c-46a7-82e7-3981e050a5cb,USR_14898,ORD_102287,2026-03-17 18:00:00,54.93,DMA_140_LOUISVILLE
fe75e970-30a0-4909-84fc-44e4ec0f72ec,USR_14902,ORD_102288,2026-03-16 04:00:00,77.34,DMA_119_ORLANDO
509ab268-bbdd-4948-806b-e23707c34b60,USR_14903,ORD_102289,2026-05-26 22:00:00,173.11,DMA_144_PROVIDENCE
1abf450c-da3d-44a1-be53-169804ed39ee,USR_14907,ORD_102290,2026-04-02 02:15:00,50.12,DMA_118_TAMPA
bd345010-22f4-4f3e-9c43-9367b93680c7,USR_14909,ORD_102291,2026-03-30 14:48:00,66.14,DMA_115_HOUSTON
9b02a8d4-95dd-4f16-bc9c-822aa3963c6d,USR_14910,ORD_102292,2026-03-04 13:00:00,135.64,DMA_117_MINNEAPOLIS
4eaf8930-5175-4269-a0c7-6c13b53a3fcf,USR_14912,ORD_102293,2026-04-22 14:58:00,129.52,DMA_127_CHARLOTTE
49cb97fd-a818-41e0-923d-5c880886588a,USR_14913,ORD_102294,2026-03-21 10:00:00,338.83,DMA_103_LOS_ANGELES
3c7e7bbc-032e-4ae5-b7c0-2f7b497d1c29,USR_14914,ORD_102295,2026-04-16 23:00:00,195.26,DMA_131_INDIANAPOLIS
03729f18-cdd2-4ec3-82e6-47546e253969,USR_14915,ORD_102296,2026-02-22 15:07:00,102.78,DMA_141_NEW_ORLEANS
0f8a9f08-9dbe-47ff-82b2-77d813ec82a1,USR_14917,ORD_102297,2026-01-29 07:59:00,45.31,DMA_105_SEATTLE
c329c5b9-9e6f-4b92-8a0e-7b5abe63faca,USR_14918,ORD_102298,2026-05-17 15:08:00,43.15,DMA_133_KANSAS_CITY
54ef548f-f759-4832-bed9-7c5f4eb59dfd,USR_14919,ORD_102299,2026-03-24 15:11:00,95.8,DMA_145_BIRMINGHAM
4a2dbf97-601b-4acb-8f6a-a23cd692ac06,USR_14920,ORD_102300,2026-02-24 07:00:00,117.81,DMA_127_CHARLOTTE
90828adc-7889-4344-b940-dfbd985ed818,USR_14921,ORD_102301,2026-04-23 16:43:00,61.6,DMA_129_SALT_LAKE_CITY
d632c342-0a13-4f6d-b2f2-8b145acdd9c1,USR_14922,ORD_102302,2026-03-09 03:00:00,51.89,DMA_121_CLEVELAND
0e93c20f-e613-4bf9-ae65-b36117a214c5,USR_14924,ORD_102303,2026-05-24 10:00:00,28.12,DMA_147_GREENVILLE
9032781b-f5ad-4aaa-87cb-f2d9849b7a3f,USR_14925,ORD_102304,2026-04-03 14:00:00,153.55,DMA_124_PORTLAND
dc2c8ff4-46a9-4fc3-827e-3ba574381919,USR_14926,ORD_102305,2026-03-08 01:00:00,72.37,DMA_136_RALEIGH
8859b996-2aaf-400a-9817-443439de3d12,USR_14929,ORD_102306,2026-03-14 06:00:00,251.3,DMA_112_PHILADELPHIA
55609400-ab8b-43a3-9285-4319649bb782,USR_14931,ORD_102307,2026-02-10 07:14:00,55.11,DMA_130_COLUMBUS
e7984b9a-87f4-493d-ae77-406a0d740746,USR_14932,ORD_102308,2026-02-22 23:00:00,40.76,DMA_146_ROCHESTER
dfac5700-1e5d-4cb9-a584-bc1e7c72c70f,USR_14934,ORD_102309,2026-06-14 07:52:00,204.22,DMA_118_TAMPA
75a58767-7d61-40b9-a86f-5392f040c554,USR_14936,ORD_102310,2026-04-18 16:00:00,51.25,DMA_143_HARTFORD
fdcde791-6637-42bf-949b-a5c78058b735,USR_14939,ORD_102311,2026-03-31 03:00:00,86.78,DMA_101_NEW_YORK
eb86c7c5-f7d8-452a-9462-a6284d99187f,USR_14944,ORD_102312,2026-05-14 08:23:00,45.86,DMA_147_GREENVILLE
4e91953d-3408-43bb-bf61-99dc3b9b8127,USR_14945,ORD_102313,2026-03-01 07:48:00,114.61,DMA_107_ATLANTA
0cf85aa6-8a78-4855-9eb7-43a9bca222ca,USR_14947,ORD_102314,2026-03-31 14:00:00,47.19,DMA_113_SAN_DIEGO
7f714ae8-e362-473c-9428-328e84bd61fd,USR_14949,ORD_102315,2026-03-30 11:00:00,38.15,DMA_146_ROCHESTER
53ba5ea4-ea6a-4680-953c-51019a12b063,USR_14950,ORD_102316,2026-03-06 07:33:00,52.55,DMA_136_RALEIGH
341325a6-de24-43cd-a03c-c2a05fcbc3d2,USR_14951,ORD_102317,2026-03-02 06:09:00,50.6,DMA_112_PHILADELPHIA
becf03ce-3f48-407f-b280-c28d3499c5d8,USR_14952,ORD_102318,2026-06-19 09:00:00,46.61,DMA_111_PHOENIX
7d93d78a-d73b-486d-ad61-26ac4a51f7d5,USR_14953,ORD_102319,2026-06-11 05:07:00,209.76,DMA_107_ATLANTA
f4c1406a-2218-46f0-9217-35e70ce2b1c6,USR_14955,ORD_102320,2026-02-03 10:00:00,276.02,DMA_103_LOS_ANGELES
81b5fd29-5ddf-4035-8cef-1ccffc2603ac,USR_14957,ORD_102321,2026-02-10 08:06:00,64.61,DMA_111_PHOENIX
2de53f7b-d6ea-49a8-8601-8b8886476eb6,USR_14960,ORD_102322,2026-01-12 05:14:00,47.95,DMA_140_LOUISVILLE
df7cfe78-4768-48ea-8f04-77dedf81e377,USR_14962,ORD_102323,2026-03-05 13:00:00,34.36,DMA_108_BOSTON
736dc18e-a8de-478c-a047-803e48b4acec,USR_14963,ORD_102324,2026-03-13 07:00:00,51.61,DMA_146_ROCHESTER
055646bb-18b8-4701-a878-ea7dab79265e,USR_14964,ORD_102325,2026-01-03 09:19:00,135.75,DMA_114_SAN_JOSE
18c79d82-ed22-4658-8c35-2a92c03111d9,USR_14965,ORD_102326,2026-06-16 00:00:00,90.93,DMA_116_DETROIT
2d0e053a-7239-4f52-ab33-729edcbc2649,USR_14970,ORD_102327,2026-05-21 15:00:00,101.07,DMA_140_LOUISVILLE
f013276a-9805-473c-bee2-4ede235f3a68,USR_14971,ORD_102328,2026-04-22 03:00:00,160.57,DMA_119_ORLANDO
855b6b64-886f-4a9e-b9df-cf6f4302308e,USR_14972,ORD_102329,2026-01-21 14:00:00,68.45,DMA_118_TAMPA
7e1e95a1-defb-4795-a8e7-e3a635d98faf,USR_14975,ORD_102330,2026-04-29 04:00:00,194.54,DMA_116_DETROIT
47a7d7ab-3a61-45ba-ad94-33083c7b4362,USR_14977,ORD_102331,2026-01-28 18:05:00,45.7,DMA_116_DETROIT
e79c65f4-a675-4dd7-be3c-fe51334ef5cb,USR_14978,ORD_102332,2026-02-16 14:22:00,79.86,DMA_132_SAN_ANTONIO
c9e004ed-8278-40b4-a051-fa9734328f1d,USR_14979,ORD_102333,2026-05-05 00:00:00,200.24,DMA_120_BALTIMORE
ea840635-7a15-43db-85c3-f12a029c4bed,USR_14980,ORD_102334,2026-01-15 19:26:00,106.11,DMA_103_LOS_ANGELES
17893060-b1d8-4678-b27b-b57ada1925a2,USR_14981,ORD_102335,2026-02-22 00:21:00,49.28,DMA_133_KANSAS_CITY
b05ea39b-2d72-4359-96fd-e9d0f95f2c3b,USR_14985,ORD_102336,2026-02-26 01:00:00,121.35,DMA_102_CHICAGO
2b74b8cc-5ce3-4507-9a43-7ed552b8409e,USR_14986,ORD_102337,2026-01-28 14:00:00,91.5,DMA_130_COLUMBUS
ee790e46-dabc-4abe-af50-a710a2716526,USR_14988,ORD_102338,2026-05-09 08:00:00,47.76,DMA_106_AUSTIN
a6e02038-acd5-4a94-8027-77b778b02a8b,USR_14990,ORD_102339,2026-07-03 11:00:00,141.93,DMA_122_SACRAMENTO
5f1495bd-9e27-4d9b-8a12-b09fa1055b09,USR_14991,ORD_102340,2026-05-06 14:57:00,76.2,DMA_127_CHARLOTTE
a01f9ad0-b49b-45b9-bf71-c6c01a568aaa,USR_14992,ORD_102341,2026-03-16 00:00:00,110.64,DMA_127_CHARLOTTE
d67c215c-78c7-41fe-bd0e-fc81d487ac59,USR_14995,ORD_102342,2026-04-06 21:00:00,49.75,DMA_126_ST_LOUIS
a1b81fac-492c-4537-8182-a6155f83a6b9,USR_14997,ORD_102343,2026-04-10 22:25:00,49.39,DMA_117_MINNEAPOLIS
525cd580-2b59-4a13-a409-27bf1e6a4301,USR_15002,ORD_102344,2026-02-25 16:15:00,71.51,DMA_108_BOSTON
60030754-6601-4bcb-8a69-eeee24814a82,USR_15003,ORD_102345,2026-03-05 10:25:00,55.64,DMA_108_BOSTON
45f40b3b-21e0-4fb5-b768-babbefd8d376,USR_15004,ORD_102346,2026-02-06 00:43:00,96.63,DMA_111_PHOENIX
87d3db0f-a5f9-4650-be3f-9c4ec2447d86,USR_15007,ORD_102347,2026-03-31 05:26:00,105.12,DMA_116_DETROIT
6e60a602-7afd-4133-9d12-29103ae6244b,USR_15010,ORD_102348,2026-02-19 22:11:00,60.84,DMA_142_BUFFALO
df3ed957-1df2-462f-8cdd-7506e2eb42d3,USR_15013,ORD_102349,2026-01-19 01:21:00,70.58,DMA_130_COLUMBUS
82f48f38-cd69-4922-8272-385c8015c0fb,USR_15016,ORD_102350,2026-04-09 11:00:00,100.64,DMA_102_CHICAGO
cd23a1f0-e06b-499c-a331-668dc63081f3,USR_15017,ORD_102351,2026-02-11 15:00:00,48.23,DMA_149_TUCSON
4b22c2bd-0013-4299-b6b9-95c2f33d85a9,USR_15018,ORD_102352,2026-03-28 15:00:00,136.91,DMA_141_NEW_ORLEANS
f721ef02-8448-44bb-b18c-4bb9bf8a9a14,USR_15025,ORD_102353,2026-04-29 10:00:00,51.55,DMA_132_SAN_ANTONIO
7b6ab9a3-59e1-47dc-8404-7827058b6313,USR_15026,ORD_102354,2026-03-17 17:33:00,37.83,DMA_145_BIRMINGHAM
fae42557-3636-4383-8372-d5e880ee47c3,USR_15027,ORD_102355,2026-04-16 01:00:00,78.81,DMA_126_ST_LOUIS
f8d3efdc-1409-4604-ad35-51a9d28d0d98,USR_15029,ORD_102356,2026-03-23 22:58:00,32.44,DMA_125_LAS_VEGAS
2be7dfd2-396a-4b5e-9356-90abc4af3752,USR_15032,ORD_102357,2026-05-20 09:54:00,71.02,DMA_140_LOUISVILLE
87f5a11b-f94c-4e80-9669-8c35b4b4759e,USR_15033,ORD_102358,2026-01-07 19:00:00,143.57,DMA_117_MINNEAPOLIS
5a90509b-f8a3-4ee3-a91c-42da2f16efd1,USR_15035,ORD_102359,2026-02-25 03:00:00,86.4,DMA_131_INDIANAPOLIS
bf0e8bbb-1b4c-4141-bc92-32de00a9334c,USR_15037,ORD_102360,2026-02-03 00:00:00,91.58,DMA_140_LOUISVILLE
682aaca5-7681-4bcb-9739-f800c635487e,USR_15039,ORD_102361,2026-03-24 20:00:00,174.3,DMA_143_HARTFORD
bdaa12e6-fb13-4ec0-b15a-ba2f0e0d67af,USR_15047,ORD_102362,2026-02-18 13:00:00,138.35,DMA_113_SAN_DIEGO
3d626609-459d-4158-b550-6feffea3d550,USR_15048,ORD_102363,2026-04-20 03:00:00,184.49,DMA_144_PROVIDENCE
4801ec89-a2fd-43a5-a4e5-bb2396ad88e6,USR_15049,ORD_102364,2026-03-16 19:00:00,73.22,DMA_110_MIAMI
471eeb2a-a0a9-486d-8ae3-86c638dc3279,USR_15052,ORD_102365,2026-05-09 17:00:00,41.7,DMA_138_MEMPHIS
7735e31d-f43c-4a0c-9fa9-3cdc8f6ecd68,USR_15053,ORD_102366,2026-02-25 02:58:00,95.44,DMA_122_SACRAMENTO
8533fd40-024d-4f38-9a15-be03371b3306,USR_15055,ORD_102367,2026-06-04 07:36:00,94.2,DMA_146_ROCHESTER
1a2db41c-3a89-4704-9b1c-6591a57e73fc,USR_15056,ORD_102368,2026-05-15 10:00:00,68.93,DMA_130_COLUMBUS
53524188-4e90-4103-92a0-e143dd9c1ddc,USR_15059,ORD_102369,2026-05-22 17:00:00,51.65,DMA_117_MINNEAPOLIS
15411ec8-127b-4c10-ad49-cde420045dad,USR_15061,ORD_102370,2026-04-29 15:05:00,63.0,DMA_119_ORLANDO
724b1888-1503-42af-bd2f-e1805a2b80f0,USR_15063,ORD_102371,2026-01-08 12:28:00,62.06,DMA_131_INDIANAPOLIS
4e20dc1c-cd9d-4301-a18d-a8307260b5e0,USR_15067,ORD_102372,2026-03-31 13:00:00,81.53,DMA_103_LOS_ANGELES
a1bd10bc-e631-49ec-ac7b-008f3fd931af,USR_15068,ORD_102373,2026-01-24 09:00:00,83.99,DMA_132_SAN_ANTONIO
e1c15918-e48e-4de1-8d25-981dc6de666d,USR_15071,ORD_102374,2026-06-22 05:00:00,34.81,DMA_124_PORTLAND
0e378caa-61ff-4dcb-831f-06bed9c91228,USR_15073,ORD_102375,2026-06-09 12:59:00,23.6,DMA_110_MIAMI
3236cae3-5c4c-41e0-bec9-16f6456a0b69,USR_15074,ORD_102376,2026-03-29 02:00:00,78.17,DMA_106_AUSTIN
382f77d9-d139-46d9-b7eb-b03d98c85c3c,USR_15076,ORD_102377,2026-01-23 08:00:00,231.4,DMA_135_MILWAUKEE
f0abc364-d660-45e7-9926-c400091db37d,USR_15079,ORD_102378,2026-06-04 04:00:00,63.72,DMA_102_CHICAGO
4ec01af6-c6d0-4547-b58d-78230d24f25c,USR_15082,ORD_102379,2026-05-26 08:00:00,27.45,DMA_126_ST_LOUIS
ac7236c3-2147-4705-a598-8c3c155af82c,USR_15083,ORD_102380,2026-01-21 12:22:00,61.92,DMA_118_TAMPA
c8e4c5fd-de76-415a-858e-492c2c27f69b,USR_15084,ORD_102381,2026-01-15 15:00:00,108.71,DMA_124_PORTLAND
033a3903-1eb9-4d32-9a49-538539580b37,USR_15088,ORD_102382,2026-04-20 13:38:00,47.52,DMA_117_MINNEAPOLIS
c0edc8e3-983a-4564-8ed3-a466c91b3784,USR_15091,ORD_102383,2026-06-15 22:00:00,111.56,DMA_147_GREENVILLE
e4a51f71-829d-44d4-b3c0-44b8795c86c7,USR_15094,ORD_102384,2026-05-23 04:21:00,68.87,DMA_100_SAN_FRANCISCO
d0233acf-3f16-4470-bb2a-ab2e7e3e3d74,USR_15095,ORD_102385,2026-04-24 09:05:00,186.59,DMA_144_PROVIDENCE
a98e1545-3157-4b2c-8426-9f79b20a198f,USR_15098,ORD_102386,2026-01-17 11:00:00,37.98,DMA_123_PITTSBURGH
750dca35-3bf6-4cf7-b838-9c18af13f78c,USR_15099,ORD_102387,2026-02-17 20:00:00,83.07,DMA_130_COLUMBUS
73bda987-30ab-493c-b8d2-bbdbfac58a93,USR_15100,ORD_102388,2026-06-03 07:05:00,125.71,DMA_105_SEATTLE
b6ad6934-d580-4181-ae64-1ed283223e80,USR_15105,ORD_102389,2026-06-13 22:00:00,34.67,DMA_116_DETROIT
d6f3ee85-93c2-47cc-97f3-34b5d2b22480,USR_15107,ORD_102390,2026-04-03 22:00:00,60.41,DMA_117_MINNEAPOLIS
c5448fb8-7b4a-487a-9645-37826a23fbef,USR_15108,ORD_102391,2026-02-21 10:19:00,26.66,DMA_107_ATLANTA
c1c08bf0-cc37-4dd0-8d98-87d6b342ddf9,USR_15110,ORD_102392,2026-04-02 14:08:00,75.96,DMA_144_PROVIDENCE
003e2bca-3b73-441d-9113-585bfe19d7c3,USR_15112,ORD_102393,2026-05-11 17:00:00,140.13,DMA_111_PHOENIX
3d68b948-e374-4665-b4da-faf4b7fefd0e,USR_15115,ORD_102394,2026-02-27 14:00:00,58.94,DMA_135_MILWAUKEE
3551f4ea-c033-4065-9255-7e5458c639ab,USR_15117,ORD_102395,2026-01-21 07:42:00,83.07,DMA_114_SAN_JOSE
dacbe586-f599-4bda-bda5-e0d8d638bc82,USR_15119,ORD_102396,2026-05-31 02:00:00,84.86,DMA_114_SAN_JOSE
64d115d2-a39e-4461-9ea3-d21ec599755c,USR_15120,ORD_102397,2026-03-06 17:48:00,108.1,DMA_116_DETROIT
bf932f61-3557-4183-8e25-99ebfbe4d3c8,USR_15121,ORD_102398,2026-04-02 11:00:00,203.24,DMA_141_NEW_ORLEANS
e67970e1-ee60-420a-8d6b-9e3f04f36ec0,USR_15123,ORD_102399,2026-06-04 20:55:00,85.26,DMA_121_CLEVELAND
7ffbbb16-5db0-42e1-8dde-f8049c287209,USR_15124,ORD_102400,2026-06-20 05:00:00,78.46,DMA_147_GREENVILLE
6bc2839e-f536-4c52-9eb3-e87d7a90ac8f,USR_15125,ORD_102401,2026-02-04 05:00:00,196.68,DMA_145_BIRMINGHAM
bf39009e-aa0d-424c-a43a-764044d120c6,USR_15126,ORD_102402,2026-01-19 12:23:00,71.44,DMA_143_HARTFORD
d8c3b6ec-ecb3-4299-8ec0-1999b5cac55c,USR_15129,ORD_102403,2026-02-11 08:59:00,44.38,DMA_120_BALTIMORE
8ce5b325-957d-416c-a7d5-3c7702cae0fb,USR_15130,ORD_102404,2026-05-10 23:00:00,221.52,DMA_126_ST_LOUIS
4425c625-08d9-4766-9f7c-c0fe77956e22,USR_15133,ORD_102405,2026-02-01 13:44:00,48.7,DMA_122_SACRAMENTO
465cd51b-0c49-4cef-84e1-b4f00abc64ca,USR_15134,ORD_102406,2026-05-31 20:00:00,18.71,DMA_131_INDIANAPOLIS
198b6d4a-2bb7-4c25-b783-3e7683fccc7b,USR_15135,ORD_102407,2026-04-11 21:00:00,97.62,DMA_118_TAMPA
5a7fdc84-c1ce-4738-a2f5-96b477816098,USR_15136,ORD_102408,2026-02-17 00:00:00,74.01,DMA_113_SAN_DIEGO
fdbe9b6d-b817-4b6e-8894-a98ddb6a427c,USR_15137,ORD_102409,2026-06-15 10:33:00,85.86,DMA_140_LOUISVILLE
699d1def-1124-493b-8a52-7dcd0c400a37,USR_15139,ORD_102410,2026-02-09 09:00:00,123.56,DMA_137_OKLAHOMA_CITY
7ea3cc50-5b6d-4a6f-b2af-6edb5ba0a4bc,USR_15141,ORD_102411,2026-06-06 16:00:00,144.1,DMA_140_LOUISVILLE
56c52dcc-8edd-4014-a243-c95c38aad2f6,USR_15142,ORD_102412,2026-03-27 12:13:00,42.56,DMA_145_BIRMINGHAM
2859750c-66ef-42c9-a40c-a562d2f304d5,USR_15143,ORD_102413,2026-02-25 01:42:00,45.47,DMA_115_HOUSTON
03cb5940-cd7e-470b-9016-4fc5d09dbb97,USR_15144,ORD_102414,2026-05-10 02:00:00,68.25,DMA_116_DETROIT
6b4598cf-053a-4453-82ad-e13d5d0406a0,USR_15147,ORD_102415,2026-05-15 01:00:00,76.42,DMA_103_LOS_ANGELES
9c2f0630-2230-44e5-ac1d-bd0605969ec3,USR_15148,ORD_102416,2026-03-22 01:00:00,161.11,DMA_116_DETROIT
a317c6af-5107-4d60-afe3-4a8256388743,USR_15149,ORD_102417,2026-04-14 23:00:00,36.46,DMA_114_SAN_JOSE
2a0818e7-b315-4102-af92-13de101ac9f2,USR_15151,ORD_102418,2026-06-04 05:00:00,49.28,DMA_147_GREENVILLE
028119c4-cd0e-400a-897b-b0b428910e22,USR_15153,ORD_102419,2026-05-12 15:18:00,55.13,DMA_129_SALT_LAKE_CITY
58a0097e-342f-4416-9813-a11f819757c0,USR_15155,ORD_102420,2026-02-03 06:00:00,42.03,DMA_147_GREENVILLE
cf26e0b6-c8ab-409e-8e04-3d44d7749388,USR_15157,ORD_102421,2026-01-29 03:00:00,54.06,DMA_144_PROVIDENCE
94fe9495-f5a1-4b3b-843e-c52e4b0c8470,USR_15158,ORD_102422,2026-05-09 01:43:00,52.38,DMA_146_ROCHESTER
eeb2fc44-8f57-4ddb-ae35-1a0da09cf870,USR_15160,ORD_102423,2026-04-03 08:45:00,23.67,DMA_123_PITTSBURGH
a354b7e3-a6a1-49db-98b3-059d8f7f59f4,USR_15163,ORD_102424,2026-01-21 12:00:00,163.37,DMA_107_ATLANTA
ca263b7c-569a-4842-92db-28ad7dc54201,USR_15164,ORD_102425,2026-05-14 09:00:00,130.05,DMA_120_BALTIMORE
ae1b9c09-f62a-4d84-b85d-0a37fda62a7f,USR_15165,ORD_102426,2026-05-19 15:35:00,80.86,DMA_113_SAN_DIEGO
a4408586-58bf-4223-a318-6496574c919a,USR_15166,ORD_102427,2026-05-21 00:07:00,57.85,DMA_112_PHILADELPHIA
9833a815-2405-4012-84ee-fccafe7b3526,USR_15168,ORD_102428,2026-01-31 02:00:00,141.46,DMA_112_PHILADELPHIA
2796f639-a029-41d2-b919-3e6c63b0413a,USR_15169,ORD_102429,2026-06-01 10:57:00,94.78,DMA_115_HOUSTON
72dc7221-2e04-4a43-a67f-f0681d93209e,USR_15170,ORD_102430,2026-05-12 09:00:00,403.05,DMA_113_SAN_DIEGO
8b22084c-b4cb-41c3-b0a5-3ba852968b12,USR_15174,ORD_102431,2026-02-21 10:47:00,165.74,DMA_106_AUSTIN
7c85e4a0-7ab2-4c7c-b6e4-0a40aa641827,USR_15177,ORD_102432,2026-04-02 13:27:00,82.74,DMA_111_PHOENIX
59f03357-15c8-4352-bf9d-fca9e215debc,USR_15180,ORD_102433,2026-02-03 14:34:00,27.87,DMA_104_DALLAS
5c01d81f-62f6-4e43-b602-ca6ecfe90182,USR_15182,ORD_102434,2026-02-10 02:00:00,51.78,DMA_119_ORLANDO
db7c5627-bd63-4022-a4a9-23e959be1c9c,USR_15188,ORD_102435,2026-04-25 20:47:00,35.36,DMA_139_RICHMOND
6f023f66-908a-4cb1-8ded-85f1645453f9,USR_15190,ORD_102436,2026-04-05 00:00:00,262.95,DMA_127_CHARLOTTE
1d1febed-b24f-47ea-8e99-718125d9bf04,USR_15194,ORD_102437,2026-02-24 05:22:00,88.6,DMA_105_SEATTLE
20b921c3-5a35-4e98-84d0-54e1ddae13e9,USR_15195,ORD_102438,2026-01-14 15:17:00,47.09,DMA_130_COLUMBUS
e027c497-b227-4819-9b87-163b0f85a6e4,USR_15197,ORD_102439,2026-03-29 21:22:00,36.18,DMA_145_BIRMINGHAM
1afef84a-2436-4e9f-94e5-a7e7a9867416,USR_15200,ORD_102440,2026-04-04 11:00:00,211.62,DMA_125_LAS_VEGAS
34c2bb69-961f-4410-be32-086ae89d674f,USR_15201,ORD_102441,2026-02-14 21:13:00,71.72,DMA_110_MIAMI
5109cc8b-6ce5-4312-ba5f-7403939c11dc,USR_15205,ORD_102442,2026-01-21 16:00:00,59.01,DMA_110_MIAMI
b78552e0-982b-4bdb-a4e7-33371239b375,USR_15206,ORD_102443,2026-05-22 05:00:00,154.06,DMA_134_CINCINNATI
aac564c9-3750-4dcf-893d-fe6aeb508386,USR_15208,ORD_102444,2026-05-24 21:00:00,31.68,DMA_124_PORTLAND
119ac0d7-d72d-47ba-aa4c-88f505acb3c6,USR_15209,ORD_102445,2026-04-29 03:19:00,67.34,DMA_122_SACRAMENTO
7367abfb-8886-48e1-b668-871d30ac360f,USR_15212,ORD_102446,2026-04-24 17:44:00,44.65,DMA_133_KANSAS_CITY
c5157711-ebf5-4eb2-9209-222a2be13d72,USR_15213,ORD_102447,2026-02-18 01:17:00,89.07,DMA_143_HARTFORD
c5f8808c-073f-461c-943f-2a39a5974c32,USR_15216,ORD_102448,2026-05-25 17:59:00,83.93,DMA_100_SAN_FRANCISCO
3d785486-4857-4d7e-ae0b-c7e30fa4e482,USR_15219,ORD_102449,2026-05-18 08:00:00,50.88,DMA_149_TUCSON
81178202-8fd5-4d8c-89e4-5c2dd2ce9114,USR_15220,ORD_102450,2026-06-08 02:42:00,94.44,DMA_146_ROCHESTER
444c9dd6-e8eb-4c88-a5ef-bb3fc20b17f7,USR_15221,ORD_102451,2026-05-05 12:00:00,66.02,DMA_104_DALLAS
d05e0f6e-8ae3-4b37-86c9-93b989238b06,USR_15222,ORD_102452,2026-03-10 11:00:00,48.72,DMA_101_NEW_YORK
6bff0f6e-6524-4eb8-9b4c-8cc820445e72,USR_15225,ORD_102453,2026-04-23 18:00:00,94.58,DMA_134_CINCINNATI
d5060def-311a-417c-8261-a0e7ad32594e,USR_15226,ORD_102454,2026-01-25 01:00:00,72.13,DMA_105_SEATTLE
402957ce-1287-435f-b1cf-e50a589a8200,USR_15227,ORD_102455,2026-01-22 02:00:00,113.83,DMA_106_AUSTIN
d991908b-aac3-4582-810f-862576747fde,USR_15230,ORD_102456,2026-05-02 02:41:00,89.2,DMA_122_SACRAMENTO
88fdcf42-ab35-4044-b553-fa0b76a0df26,USR_15232,ORD_102457,2026-02-04 22:00:00,58.61,DMA_109_DENVER
b82bdd69-1adc-4cdd-96c0-be865ef31e71,USR_15234,ORD_102458,2026-01-25 13:51:00,63.54,DMA_148_ALBUQUERQUE
6e0bef40-45e3-45ed-8f0e-11a10077d85c,USR_15241,ORD_102459,2026-05-01 22:00:00,80.16,DMA_107_ATLANTA
afe42825-9f69-4ffb-99ac-254aee5aadba,USR_15248,ORD_102460,2026-05-24 10:42:00,139.18,DMA_143_HARTFORD
ccb9a8cb-7896-4b7d-8884-d5a9ed29b058,USR_15253,ORD_102461,2026-04-01 06:39:00,194.71,DMA_144_PROVIDENCE
6089515a-03ff-4919-a9ac-0a7552631138,USR_15255,ORD_102462,2026-03-28 02:24:00,52.73,DMA_126_ST_LOUIS
9152258f-d32a-4bff-b354-b1f4ab4fd5b1,USR_15258,ORD_102463,2026-03-07 11:07:00,37.51,DMA_148_ALBUQUERQUE
9c0e9992-03e6-48c2-97ae-a1b8ae3f2304,USR_15260,ORD_102464,2026-03-21 06:21:00,41.17,DMA_111_PHOENIX
4ea23d4a-2806-42ab-94dd-fe13a5f89aca,USR_15261,ORD_102465,2026-04-08 12:49:00,57.75,DMA_145_BIRMINGHAM
11db1b3d-5327-45f8-8395-9025315af424,USR_15262,ORD_102466,2026-02-06 17:00:00,104.27,DMA_124_PORTLAND
21a202b1-111e-490f-96aa-5ff87a7e4c8d,USR_15266,ORD_102467,2026-05-15 13:00:00,122.77,DMA_107_ATLANTA
2eca2b68-d0da-4aa1-96d2-f25408e1e2b4,USR_15267,ORD_102468,2026-03-29 16:36:00,125.64,DMA_112_PHILADELPHIA
5613f462-d712-439f-9a9c-4b371646f286,USR_15268,ORD_102469,2026-01-01 10:05:00,24.12,DMA_139_RICHMOND
85bbf844-29e9-4833-81b3-3a73cac67e03,USR_15271,ORD_102470,2026-04-22 00:00:00,42.72,DMA_133_KANSAS_CITY
59eaf834-238b-4a8e-8922-21a694cf2276,USR_15272,ORD_102471,2026-02-08 17:37:00,81.51,DMA_147_GREENVILLE
2908d1c0-e9b0-48d4-9a3c-f0775a511465,USR_15273,ORD_102472,2026-04-13 17:00:00,37.66,DMA_107_ATLANTA
99c59846-5cda-436d-8984-2a7b5b12ad10,USR_15275,ORD_102473,2026-02-07 13:17:00,105.25,DMA_125_LAS_VEGAS
c82b6789-9907-4c9e-ac55-ec3d0b01e6bb,USR_15276,ORD_102474,2026-02-13 14:00:00,115.94,DMA_134_CINCINNATI
04a47580-cb9f-4a9e-a452-00f867cb821e,USR_15279,ORD_102475,2026-06-25 19:00:00,55.38,DMA_105_SEATTLE
6497accf-c506-4117-93d0-24eb5c9a623b,USR_15281,ORD_102476,2026-03-25 19:10:00,73.25,DMA_123_PITTSBURGH
3257c939-8cbf-4d78-ae93-1c79c5992823,USR_15287,ORD_102477,2026-04-22 21:00:00,142.66,DMA_102_CHICAGO
d31fab0b-ddca-4eb5-a23f-86c3ddbdcb20,USR_15291,ORD_102478,2026-05-16 04:00:00,89.92,DMA_118_TAMPA
ded0caee-2c2c-40ca-822c-9b35d1892b7c,USR_15292,ORD_102479,2026-01-18 17:45:00,68.75,DMA_148_ALBUQUERQUE
5acb5490-8b45-447d-ada4-c317f0a11f77,USR_15293,ORD_102480,2026-04-24 22:00:00,34.01,DMA_135_MILWAUKEE
ee24f725-8664-4d99-a9d0-0bea54c2fb3c,USR_15294,ORD_102481,2026-06-12 07:00:00,46.8,DMA_105_SEATTLE
474dc420-2d85-4aaa-b1c5-b9ca0505fa88,USR_15295,ORD_102482,2026-03-08 20:06:00,62.11,DMA_111_PHOENIX
3548e929-511d-4bac-a693-9507485eb6e1,USR_15299,ORD_102483,2026-01-15 17:41:00,30.45,DMA_149_TUCSON
3399cc62-2dc1-4997-97f8-e6af46f6a845,USR_15300,ORD_102484,2026-01-23 13:00:00,118.43,DMA_127_CHARLOTTE
115f154c-6dbe-42b9-a734-95abcf22b0aa,USR_15301,ORD_102485,2026-01-06 08:17:00,54.78,DMA_139_RICHMOND
dd856406-42e6-408a-9862-6b93960f96fc,USR_15302,ORD_102486,2026-05-25 06:25:00,45.55,DMA_133_KANSAS_CITY
c8241840-8e3f-4fd7-b534-88ddf4bf5b31,USR_15304,ORD_102487,2026-04-10 17:00:00,76.28,DMA_106_AUSTIN
9434f832-c452-4096-bab4-d3383ec1c39f,USR_15306,ORD_102488,2026-06-05 06:10:00,56.29,DMA_103_LOS_ANGELES
e6f929f1-7081-4076-b721-f92dede1d572,USR_15309,ORD_102489,2026-01-24 05:00:00,70.93,DMA_141_NEW_ORLEANS
92cfd6cd-c236-40bf-bc6e-31eb1ffd4143,USR_15311,ORD_102490,2026-06-08 14:00:00,87.8,DMA_134_CINCINNATI
17061c87-b04d-42fc-abba-9644643a7fd9,USR_15312,ORD_102491,2026-02-20 09:00:00,128.8,DMA_114_SAN_JOSE
2d58fe6c-f9a2-4a10-9e70-8c7e679269d2,USR_15313,ORD_102492,2026-02-05 15:00:00,45.52,DMA_119_ORLANDO
3617c41d-4ad0-483f-ab5f-5df20ab48df0,USR_15314,ORD_102493,2026-05-07 06:14:00,91.06,DMA_146_ROCHESTER
c082486d-87a1-49bc-b715-6fc257b3464f,USR_15316,ORD_102494,2026-04-26 07:10:00,164.87,DMA_130_COLUMBUS
f8f9284d-70a5-4afc-a224-b484aa04b8d4,USR_15319,ORD_102495,2026-05-28 08:07:00,50.78,DMA_118_TAMPA
692c6bdb-4da6-4ebb-8517-8bb637f38059,USR_15321,ORD_102496,2026-05-10 04:11:00,165.4,DMA_133_KANSAS_CITY
6b28f86a-aeed-4750-87d4-344e9d99cf7e,USR_15323,ORD_102497,2026-06-30 03:00:00,84.2,DMA_142_BUFFALO
90a5a721-a1e9-4962-855b-1335c68e65b0,USR_15326,ORD_102498,2026-06-18 05:00:00,107.71,DMA_104_DALLAS
28dc0156-ac73-4131-86eb-448fb080ce3a,USR_15329,ORD_102499,2026-03-18 07:00:00,151.19,DMA_128_NASHVILLE
82a6f933-6c08-4721-bd5e-243b3538491f,USR_15330,ORD_102500,2026-02-08 12:00:00,17.73,DMA_100_SAN_FRANCISCO
4b304dde-f80c-4836-983a-c8e510d725db,USR_15331,ORD_102501,2026-04-29 04:14:00,46.53,DMA_128_NASHVILLE
8d020bea-5e26-40a3-b4b7-3d176488c5ef,USR_15332,ORD_102502,2026-06-20 23:00:00,51.71,DMA_124_PORTLAND
ce03b284-a22f-4c1a-9564-8bb03efd64d3,USR_15333,ORD_102503,2026-05-04 03:37:00,80.87,DMA_105_SEATTLE
89d221d7-cde5-4448-aaf1-bacf366f669c,USR_15334,ORD_102504,2026-05-01 01:47:00,94.76,DMA_126_ST_LOUIS
874bfeaf-4c4d-4fb2-b1eb-df9f79078b03,USR_15338,ORD_102505,2026-04-06 20:30:00,71.66,DMA_109_DENVER
068c74b0-9940-4ce5-a2f7-8e0b7b955454,USR_15342,ORD_102506,2026-05-19 13:25:00,63.92,DMA_144_PROVIDENCE
f5340d78-eb1d-4d54-9cd2-e6e057835207,USR_15344,ORD_102507,2026-06-02 00:00:00,119.83,DMA_104_DALLAS
8077ccb6-3b30-46ed-ae93-3424af1d70ee,USR_15345,ORD_102508,2026-01-05 01:48:00,52.2,DMA_113_SAN_DIEGO
1cd803ce-8974-41a1-af36-d8018e3fd682,USR_15348,ORD_102509,2026-02-19 15:29:00,35.69,DMA_100_SAN_FRANCISCO
f594036c-f66f-4f0c-a796-dd71a6766324,USR_15349,ORD_102510,2026-06-05 14:00:00,102.15,DMA_116_DETROIT
c6035d29-cde8-4422-a1c8-274779e3a4ab,USR_15350,ORD_102511,2026-06-17 08:00:00,46.2,DMA_118_TAMPA
4db8922d-a521-460d-b6ef-20d45a55b792,USR_15352,ORD_102512,2026-02-25 00:00:00,41.13,DMA_107_ATLANTA
a23c33c0-4179-4d21-8d6d-0e411a53764c,USR_15354,ORD_102513,2026-05-30 18:18:00,98.23,DMA_130_COLUMBUS
9fcc28b3-a80f-4410-8fa1-798069f00ea5,USR_15355,ORD_102514,2026-02-28 13:00:00,100.23,DMA_114_SAN_JOSE
d52e38ad-fe83-47fa-b9ec-5d3d01d9009f,USR_15356,ORD_102515,2026-05-10 20:12:00,128.51,DMA_146_ROCHESTER
391e3544-0094-459d-8d05-bf23b346a2f1,USR_15358,ORD_102516,2026-03-11 08:00:00,157.85,DMA_134_CINCINNATI
8b78e66f-590e-44d9-aa83-b1f639acc971,USR_15359,ORD_102517,2026-05-04 18:00:00,183.95,DMA_118_TAMPA
b6a59fc6-563b-40ba-99eb-c76e47613d69,USR_15361,ORD_102518,2026-04-13 12:00:00,82.42,DMA_132_SAN_ANTONIO
9ba1c186-d583-44f4-a66f-e3318452314c,USR_15362,ORD_102519,2026-02-18 06:21:00,122.51,DMA_126_ST_LOUIS
6e448451-0dd8-41b0-871d-dd8275f35428,USR_15363,ORD_102520,2026-04-24 01:37:00,20.16,DMA_122_SACRAMENTO
a8fcec7b-060e-4743-9f1d-1a6ab21225f3,USR_15364,ORD_102521,2026-01-31 01:00:00,135.75,DMA_142_BUFFALO
a6a8d7ca-7361-4954-816c-51658f31d248,USR_15367,ORD_102522,2026-03-24 14:52:00,113.86,DMA_118_TAMPA
9c374bbc-aeb7-4d99-ae66-90e06f1e656f,USR_15371,ORD_102523,2026-02-08 00:00:00,168.85,DMA_101_NEW_YORK
87b1c2dd-8a1b-401d-9c9a-f745313154c4,USR_15376,ORD_102524,2026-05-31 11:00:00,85.74,DMA_132_SAN_ANTONIO
c3a405de-c006-4e2b-b90d-724b797e6011,USR_15379,ORD_102525,2026-03-22 07:00:00,55.45,DMA_128_NASHVILLE
68a7e1ec-765d-494e-ad1a-386d44632e81,USR_15381,ORD_102526,2026-02-02 16:34:00,59.64,DMA_115_HOUSTON
808798ca-77fe-47f5-8a7f-26efb55eb074,USR_15383,ORD_102527,2026-06-17 13:00:00,246.88,DMA_100_SAN_FRANCISCO
59b746bf-59a9-48f4-9bb2-29c97790eab3,USR_15384,ORD_102528,2026-06-03 20:16:00,42.87,DMA_134_CINCINNATI
94f294f4-ecca-4024-88c6-b1adb7389a5e,USR_15388,ORD_102529,2026-03-26 00:28:00,77.11,DMA_141_NEW_ORLEANS
169f254c-fb25-4b33-abe2-4f0a44627c86,USR_15394,ORD_102530,2026-01-26 17:00:00,140.29,DMA_108_BOSTON
de3fc604-1bb7-4221-bc07-c5e74945ddac,USR_15395,ORD_102531,2026-05-06 03:00:00,35.14,DMA_112_PHILADELPHIA
c77f4b63-9c54-4e8f-9e37-8578655eb2ab,USR_15396,ORD_102532,2026-02-23 04:00:00,36.76,DMA_137_OKLAHOMA_CITY
e094a7b2-41a2-4767-9a2c-681761f3435c,USR_15397,ORD_102533,2026-04-07 01:00:00,50.77,DMA_123_PITTSBURGH
7936068c-6c9d-459b-8635-eef883fe908b,USR_15398,ORD_102534,2026-06-01 14:00:00,122.85,DMA_113_SAN_DIEGO
6b9fb032-1fb1-4201-b8b1-84698c730fcf,USR_15399,ORD_102535,2026-01-22 19:57:00,104.28,DMA_148_ALBUQUERQUE
a7a16c79-0680-4d9c-88f4-972058d96c6b,USR_15401,ORD_102536,2026-03-14 08:00:00,56.84,DMA_118_TAMPA
acabf079-13c9-47d6-b24f-fe01386b8939,USR_15409,ORD_102537,2026-03-30 09:07:00,100.47,DMA_144_PROVIDENCE
bd40682d-a684-4a12-a2b2-ca2522192a9a,USR_15413,ORD_102538,2026-06-01 10:00:00,80.06,DMA_128_NASHVILLE
94820535-96ea-4278-99d0-71b7c035b52a,USR_15416,ORD_102539,2026-04-15 08:00:00,138.54,DMA_141_NEW_ORLEANS
73fada20-c088-42a6-addd-936ca0b1e6d2,USR_15417,ORD_102540,2026-04-06 08:25:00,82.52,DMA_137_OKLAHOMA_CITY
050f4188-d8f6-4222-b3c1-0b557173f9d5,USR_15419,ORD_102541,2026-05-07 11:00:00,46.61,DMA_106_AUSTIN
0bd89ad2-4c7d-4611-9279-a3a60b333937,USR_15422,ORD_102542,2026-04-17 03:00:00,147.41,DMA_127_CHARLOTTE
7d03261e-38f7-4890-8c5b-7e821932c173,USR_15425,ORD_102543,2026-04-12 06:20:00,121.63,DMA_100_SAN_FRANCISCO
95b309c4-6cd6-4bc6-9560-dbce8e561ed1,USR_15426,ORD_102544,2026-04-02 10:37:00,66.98,DMA_124_PORTLAND
702f04ef-10fa-46b4-883c-b50746526803,USR_15428,ORD_102545,2026-05-10 02:00:00,69.87,DMA_126_ST_LOUIS
0975748e-dfbc-4998-856c-6408b35db7b4,USR_15431,ORD_102546,2026-05-11 15:00:00,137.54,DMA_135_MILWAUKEE
e769db1c-31cb-4080-a956-67df8456428d,USR_15432,ORD_102547,2026-02-15 04:36:00,29.65,DMA_125_LAS_VEGAS
92cdfba1-6e95-40c1-bb3c-7fb19b667038,USR_15439,ORD_102548,2026-06-14 22:00:00,59.22,DMA_137_OKLAHOMA_CITY
e5783ce0-824e-4dec-9038-2fd2388d7a73,USR_15440,ORD_102549,2026-06-15 10:00:00,105.37,DMA_135_MILWAUKEE
063d69d9-de63-4227-b3ab-939016802492,USR_15441,ORD_102550,2026-06-24 05:00:00,32.37,DMA_105_SEATTLE
e9bc8ea0-787b-4e16-a54c-de45a10e3c8c,USR_15442,ORD_102551,2026-03-13 21:00:00,105.16,DMA_144_PROVIDENCE
15ab6691-b764-40f8-afbb-f68d0e04dd07,USR_15443,ORD_102552,2026-03-06 11:00:00,67.3,DMA_127_CHARLOTTE
77981063-e785-4164-97b2-c3a85e75828e,USR_15444,ORD_102553,2026-01-09 22:20:00,32.72,DMA_143_HARTFORD
c3e87afd-89f2-47fd-8ce3-131f59ef3846,USR_15446,ORD_102554,2026-03-11 14:00:00,68.45,DMA_107_ATLANTA
ade73747-dad6-4f9e-a7bb-739e664b47d5,USR_15447,ORD_102555,2026-05-16 03:00:00,38.31,DMA_142_BUFFALO
72435613-c0bc-4441-8c28-383ceab96e67,USR_15448,ORD_102556,2026-05-28 12:07:00,72.91,DMA_100_SAN_FRANCISCO
e844e093-4288-4ea8-adbb-5aece26a4451,USR_15450,ORD_102557,2026-05-18 10:00:00,68.05,DMA_123_PITTSBURGH
833a40b7-70e8-4329-8088-9327233385f1,USR_15455,ORD_102558,2026-04-20 23:30:00,63.81,DMA_130_COLUMBUS
ba405e4c-bc1f-4796-911c-1a79a74436c7,USR_15456,ORD_102559,2026-02-11 14:00:00,89.63,DMA_133_KANSAS_CITY
0683c99d-b205-4164-acfb-acd48e8cb3e3,USR_15457,ORD_102560,2026-04-11 11:00:00,45.79,DMA_117_MINNEAPOLIS
636d1724-c7e7-42d5-ab12-6548305be842,USR_15458,ORD_102561,2026-05-18 00:54:00,43.3,DMA_103_LOS_ANGELES
3e9a5672-00d4-46f5-9c1f-a36398fd5192,USR_15461,ORD_102562,2026-06-10 18:24:00,53.97,DMA_133_KANSAS_CITY
ccfc958a-600c-4193-a118-652b20d8dab0,USR_15462,ORD_102563,2026-02-20 21:53:00,52.33,DMA_140_LOUISVILLE
38843295-5172-4cc5-ae00-4afefca5c3fe,USR_15464,ORD_102564,2026-03-13 17:00:00,118.74,DMA_114_SAN_JOSE
cf46e200-8340-45f2-9376-35095a063b20,USR_15466,ORD_102565,2026-06-02 06:00:00,85.75,DMA_120_BALTIMORE
05ecd631-ab66-4b13-9358-4173d6820341,USR_15467,ORD_102566,2026-04-09 10:51:00,62.78,DMA_105_SEATTLE
9279dd62-45db-408f-b7a2-0bb4a5afc35c,USR_15468,ORD_102567,2026-01-20 22:00:00,42.57,DMA_131_INDIANAPOLIS
71513b4f-d50a-4b2c-88c1-750245bbaded,USR_15469,ORD_102568,2026-04-19 06:07:00,101.32,DMA_117_MINNEAPOLIS
50cd1cf9-21c2-4505-b04a-8d72aa2393a9,USR_15478,ORD_102569,2026-03-31 20:00:00,56.12,DMA_144_PROVIDENCE
12e38d02-580c-4ff3-9809-373a153e9287,USR_15482,ORD_102570,2026-04-21 14:25:00,43.13,DMA_121_CLEVELAND
cd595efd-c57e-4703-9b5b-a155668ef26f,USR_15485,ORD_102571,2026-03-30 15:00:00,54.84,DMA_140_LOUISVILLE
e315ee22-dcb0-460e-bf7d-59c3be1625ff,USR_15492,ORD_102572,2026-06-05 01:00:00,272.55,DMA_143_HARTFORD
6a129cb4-b9ee-4f39-a673-5711830752ce,USR_15494,ORD_102573,2026-04-03 14:00:00,163.13,DMA_133_KANSAS_CITY
2cbe9ab7-659d-4e36-8326-607841578a9a,USR_15496,ORD_102574,2026-04-27 12:00:00,75.1,DMA_141_NEW_ORLEANS
a06f3127-48d2-4044-b0df-185c837118d5,USR_15497,ORD_102575,2026-01-27 18:00:00,40.11,DMA_108_BOSTON
3537c9f4-634b-468f-8269-2592f50efd81,USR_15498,ORD_102576,2026-03-26 06:28:00,42.55,DMA_134_CINCINNATI
ff8d183b-df84-43c5-8aa0-8ffecb270fa5,USR_15500,ORD_102577,2026-06-23 16:00:00,24.08,DMA_121_CLEVELAND
3f4d482c-726c-45ba-b4f1-977a23a20c4a,USR_15502,ORD_102578,2026-02-11 07:00:00,53.01,DMA_143_HARTFORD
7ceb5168-bcb9-4a69-9c04-b9cd0a0ff6a2,USR_15503,ORD_102579,2026-05-26 15:51:00,72.98,DMA_117_MINNEAPOLIS
0d7be8c5-5d56-48cc-ae3e-4c8af8819f23,USR_15505,ORD_102580,2026-01-19 10:00:00,55.21,DMA_110_MIAMI
799ebbd7-6a3a-4cd6-8a9f-51eb11591156,USR_15506,ORD_102581,2026-06-10 14:00:00,91.38,DMA_145_BIRMINGHAM
58a8be87-8be4-44e3-beac-2c4843ddf71c,USR_15508,ORD_102582,2026-05-27 20:43:00,47.63,DMA_121_CLEVELAND
898d6ac3-92bf-46f8-8ae6-9b4d8e47c0b1,USR_15509,ORD_102583,2026-03-04 03:39:00,35.79,DMA_141_NEW_ORLEANS
0ed79570-35cd-473b-bdcf-3c5c72b78b66,USR_15510,ORD_102584,2026-03-27 16:00:00,117.91,DMA_101_NEW_YORK
738018f3-fb3d-4644-bb55-db6f4930c29c,USR_15511,ORD_102585,2026-06-03 03:36:00,46.52,DMA_149_TUCSON
f2d0f4ed-9666-401e-968d-74c77f679c32,USR_15512,ORD_102586,2026-06-19 05:00:00,45.81,DMA_106_AUSTIN
e3b92ddf-c05e-48e6-afce-9dab032d0b96,USR_15514,ORD_102587,2026-03-02 12:59:00,76.55,DMA_134_CINCINNATI
86c518ab-b1f8-46b7-8c1a-7289dc097707,USR_15516,ORD_102588,2026-05-31 21:39:00,185.14,DMA_106_AUSTIN
e5fea49d-2eb8-4ccd-86a9-e0168931796c,USR_15519,ORD_102589,2026-02-22 05:15:00,37.26,DMA_139_RICHMOND
484056a0-20d5-4f1a-a1d0-1681d22ba40c,USR_15520,ORD_102590,2026-04-30 13:00:00,72.62,DMA_101_NEW_YORK
b98a5479-3844-4bc6-bb52-8d1e98485f2b,USR_15521,ORD_102591,2026-04-28 05:00:00,25.38,DMA_110_MIAMI
4140efd8-14bd-4af6-a4f1-2e384a1c1362,USR_15523,ORD_102592,2026-01-18 20:10:00,130.28,DMA_102_CHICAGO
2ac1fe56-7a28-4877-afba-c5773775caf3,USR_15525,ORD_102593,2026-05-20 08:00:00,59.63,DMA_133_KANSAS_CITY
c0d0cfc5-fa3d-48ef-91d3-aed5ff430535,USR_15526,ORD_102594,2026-04-24 20:22:00,119.31,DMA_102_CHICAGO
50adb71f-a573-4a6d-b0f0-1dde508f66dc,USR_15528,ORD_102595,2026-01-20 23:00:00,145.2,DMA_132_SAN_ANTONIO
58cae162-c71e-4e05-8172-2cff3f7e2f90,USR_15532,ORD_102596,2026-05-25 11:40:00,172.87,DMA_102_CHICAGO
bd013da4-9da0-4c60-a39f-0e677346b681,USR_15535,ORD_102597,2026-02-19 11:51:00,82.78,DMA_135_MILWAUKEE
4363eb43-3b94-4514-955c-762c43597eee,USR_15536,ORD_102598,2026-03-09 22:00:00,58.54,DMA_126_ST_LOUIS
b8992eb7-88f8-4fd6-a6fa-d262ca05ce5c,USR_15537,ORD_102599,2026-01-14 04:00:00,91.16,DMA_115_HOUSTON
c4a740fc-03fc-40a6-b885-25415ca288b3,USR_15538,ORD_102600,2026-03-08 22:34:00,37.88,DMA_115_HOUSTON
c6be4344-a063-41da-9d60-5cbc86c52601,USR_15541,ORD_102601,2026-05-23 18:00:00,104.43,DMA_137_OKLAHOMA_CITY
aaa011b3-bbb5-41bb-987e-bc7de21af34d,USR_15544,ORD_102602,2026-05-13 13:00:00,89.5,DMA_134_CINCINNATI
a793e709-ca6c-4322-aec2-83d5de61d7b5,USR_15546,ORD_102603,2026-01-07 05:22:00,58.84,DMA_137_OKLAHOMA_CITY
c70b5229-5b76-40d6-b6ac-41a4183877c8,USR_15547,ORD_102604,2026-04-22 21:00:00,74.39,DMA_107_ATLANTA
40d14e5d-bed7-4fb4-96da-2e9b0a4fbb5e,USR_15549,ORD_102605,2026-04-01 12:00:00,196.37,DMA_149_TUCSON
1f1769b1-2597-49b0-ba3c-da53ab5797fe,USR_15551,ORD_102606,2026-01-27 00:00:00,160.16,DMA_109_DENVER
ead3ca47-40aa-42e6-970f-fd1334ea6b09,USR_15553,ORD_102607,2026-05-21 23:00:00,72.19,DMA_121_CLEVELAND
22fbdfee-6d5a-4329-9fc8-988d2a34ffcf,USR_15555,ORD_102608,2026-04-04 16:00:00,137.21,DMA_122_SACRAMENTO
4c83e19a-34e2-4833-9a29-c62fefb68ff4,USR_15556,ORD_102609,2026-03-07 21:00:00,54.85,DMA_135_MILWAUKEE
b38b8599-311c-4f0a-ad87-3eb64d5accf4,USR_15557,ORD_102610,2026-05-25 05:00:00,42.48,DMA_104_DALLAS
e02afef8-2864-4ad2-806a-806432666b9e,USR_15561,ORD_102611,2026-05-17 13:13:00,253.02,DMA_139_RICHMOND
9c2c5362-36f1-473d-8402-ebe9da38b279,USR_15563,ORD_102612,2026-02-05 12:26:00,70.01,DMA_134_CINCINNATI
bde64a6c-c525-48e2-8658-3753e9bace6e,USR_15566,ORD_102613,2026-06-03 12:00:00,103.34,DMA_140_LOUISVILLE
13738c83-6e32-48c3-85e6-10e028a5f824,USR_15568,ORD_102614,2026-03-08 09:00:00,96.94,DMA_143_HARTFORD
263a3def-896a-4816-b9ec-d089b1834c02,USR_15569,ORD_102615,2026-01-22 20:09:00,64.77,DMA_131_INDIANAPOLIS
234a51d6-18bc-4d6b-81e7-0b1e4ab81c8c,USR_15570,ORD_102616,2026-04-04 00:57:00,100.81,DMA_113_SAN_DIEGO
2fd39810-7822-4a25-be1f-73bd2d87085d,USR_15573,ORD_102617,2026-01-30 18:26:00,173.47,DMA_128_NASHVILLE
e3d75255-d3d6-41ae-acdc-b215d6efba06,USR_15578,ORD_102618,2026-03-11 15:12:00,119.35,DMA_146_ROCHESTER
b587741f-f4f4-4d0d-94f6-f68748b08542,USR_15580,ORD_102619,2026-02-28 23:00:00,288.13,DMA_135_MILWAUKEE
d6e815ae-4135-422a-a7da-f5411eae0d31,USR_15581,ORD_102620,2026-06-22 22:00:00,150.15,DMA_148_ALBUQUERQUE
80f4a2d9-a722-4d6d-8900-d455c51cea6a,USR_15583,ORD_102621,2026-01-12 10:23:00,58.06,DMA_119_ORLANDO
cb3fb788-d248-4270-b967-8cf31de30dab,USR_15584,ORD_102622,2026-03-24 08:00:00,60.16,DMA_124_PORTLAND
6b1c0b27-ac79-403e-bdd2-9298e9ebc6f8,USR_15585,ORD_102623,2026-03-17 16:00:00,38.81,DMA_123_PITTSBURGH
02db6c44-9f08-4231-804a-8aa0a35df3ff,USR_15586,ORD_102624,2026-02-07 09:57:00,189.72,DMA_117_MINNEAPOLIS
4605ba7f-4ccc-44e8-97ec-a47ec1883fec,USR_15587,ORD_102625,2026-02-22 04:00:00,128.1,DMA_130_COLUMBUS
5687da0d-7a64-4399-a307-266fe3b1a19e,USR_15590,ORD_102626,2026-06-11 02:00:00,160.36,DMA_110_MIAMI
b5164cd4-43d9-4af3-a075-70ffa70ffb5b,USR_15591,ORD_102627,2026-04-24 14:39:00,97.96,DMA_126_ST_LOUIS
546b7f57-f3c5-4fc4-893a-7b7a9e077092,USR_15594,ORD_102628,2026-02-11 07:18:00,51.23,DMA_112_PHILADELPHIA
bac202ea-9ac5-4b72-af0e-bff9e21bfabe,USR_15595,ORD_102629,2026-05-17 06:17:00,98.75,DMA_116_DETROIT
997a2709-c7df-40e7-a0b2-dcc712360a20,USR_15596,ORD_102630,2026-04-01 11:49:00,27.42,DMA_131_INDIANAPOLIS
d786111b-8f7e-42a0-9aa7-f2b85b4114b3,USR_15598,ORD_102631,2026-06-09 09:00:00,92.89,DMA_114_SAN_JOSE
92fb98d4-d654-4458-b6aa-5a114b21c358,USR_15609,ORD_102632,2026-03-12 02:00:00,94.27,DMA_105_SEATTLE
89e6311a-25cc-4523-9c93-ab62ce2c0a1c,USR_15610,ORD_102633,2026-01-29 02:26:00,204.78,DMA_143_HARTFORD
7a834d11-a93d-4999-ba56-56836af2cff6,USR_15612,ORD_102634,2026-06-03 05:00:00,17.54,DMA_130_COLUMBUS
024cc0d6-6069-4314-94d2-ccb2468fde96,USR_15615,ORD_102635,2026-01-26 00:31:00,117.76,DMA_123_PITTSBURGH
b3202de3-29e0-47a8-a0f3-d8b598581134,USR_15616,ORD_102636,2026-06-03 15:56:00,81.43,DMA_103_LOS_ANGELES
bfbc7dbc-f4d8-4e21-b00d-2dd2e7119235,USR_15619,ORD_102637,2026-01-20 19:51:00,33.72,DMA_112_PHILADELPHIA
d390beb7-d42d-4870-9531-f6830ffa4630,USR_15620,ORD_102638,2026-06-11 08:13:00,51.11,DMA_145_BIRMINGHAM
abf9e936-9abf-4a5a-a681-473afe27f2f8,USR_15624,ORD_102639,2026-01-19 12:10:00,59.05,DMA_100_SAN_FRANCISCO
8ff96535-e11e-4b2e-a372-b7c44cec6c04,USR_15625,ORD_102640,2026-05-25 12:00:00,151.16,DMA_127_CHARLOTTE
d893ece8-4b5c-4c50-99b4-8ba3ab409157,USR_15627,ORD_102641,2026-02-20 00:00:00,142.57,DMA_118_TAMPA
c609eab1-790c-4aa9-a6a8-b4d009b21764,USR_15630,ORD_102642,2026-04-29 22:00:00,70.22,DMA_127_CHARLOTTE
bfbf6569-99cf-4c27-9960-ad46bba04872,USR_15632,ORD_102643,2026-04-02 06:00:00,28.63,DMA_115_HOUSTON
75d63b2a-5825-42ac-b6b3-d0de998b1de6,USR_15633,ORD_102644,2026-05-14 15:00:00,142.84,DMA_124_PORTLAND
8fdb2591-82bd-4ca5-9667-482c8f3efd28,USR_15638,ORD_102645,2026-05-10 22:00:00,16.92,DMA_112_PHILADELPHIA
77be4f87-f490-4f3f-81fe-49e12aeb098e,USR_15639,ORD_102646,2026-03-18 20:17:00,115.48,DMA_120_BALTIMORE
a98bcd40-fd32-448e-9cfe-47d509651b72,USR_15645,ORD_102647,2026-03-12 08:44:00,75.05,DMA_112_PHILADELPHIA
4432f393-9a58-44b5-bf34-223e4d549286,USR_15646,ORD_102648,2026-06-20 02:00:00,51.24,DMA_145_BIRMINGHAM
793e00ed-dcf9-4e82-b1e1-11d9a641dadf,USR_15647,ORD_102649,2026-05-30 20:10:00,148.83,DMA_100_SAN_FRANCISCO
01a73152-778e-4696-bd19-40934bf30c55,USR_15648,ORD_102650,2026-04-19 15:00:00,25.83,DMA_145_BIRMINGHAM
6c999770-4623-4728-9072-54f884018ca2,USR_15651,ORD_102651,2026-06-19 19:00:00,139.65,DMA_109_DENVER
70e90cd8-4a5a-44d2-8984-8939a30c88a9,USR_15654,ORD_102652,2026-01-18 13:55:00,124.87,DMA_123_PITTSBURGH
520112fd-2a03-4df9-8a7d-6768e3e39816,USR_15656,ORD_102653,2026-06-11 01:00:00,36.34,DMA_124_PORTLAND
292646e9-d1bc-47ea-9f15-44fa32279746,USR_15657,ORD_102654,2026-02-02 16:00:00,124.09,DMA_107_ATLANTA
a7be52c7-962b-4882-bf53-6657a20452b2,USR_15658,ORD_102655,2026-03-28 05:00:00,29.23,DMA_144_PROVIDENCE
c35934e2-ac1a-403e-b4b4-ab5f7e571e7c,USR_15660,ORD_102656,2026-01-10 10:57:00,59.88,DMA_142_BUFFALO
22a6f1f9-b5f6-417e-bf8d-e2aaafa503f8,USR_15662,ORD_102657,2026-05-25 06:39:00,161.53,DMA_138_MEMPHIS
5050a62b-625c-450f-be9e-13f85920dcf0,USR_15663,ORD_102658,2026-05-22 05:00:00,101.46,DMA_129_SALT_LAKE_CITY
4cb1ae8c-cd56-49ec-81d2-45c1fbbbf899,USR_15665,ORD_102659,2026-01-21 08:00:00,134.97,DMA_132_SAN_ANTONIO
660d137a-b646-4549-8c07-1bfe354022e5,USR_15668,ORD_102660,2026-02-19 16:00:00,32.15,DMA_145_BIRMINGHAM
6a5e6399-ed91-4998-aa82-bf9fdbb9f5a5,USR_15669,ORD_102661,2026-06-08 04:00:00,78.88,DMA_126_ST_LOUIS
108c2a1b-581b-417e-b47b-33c3a0fff349,USR_15670,ORD_102662,2026-01-11 06:21:00,62.57,DMA_136_RALEIGH
0006d084-2324-49b4-b560-31c9698b7a29,USR_15672,ORD_102663,2026-02-08 15:15:00,35.55,DMA_130_COLUMBUS
7a40aae2-8b0e-4746-8706-618fa599c606,USR_15675,ORD_102664,2026-01-16 07:00:00,152.55,DMA_102_CHICAGO
e9152664-e294-4c51-a9b6-b7c81c8b3727,USR_15677,ORD_102665,2026-03-19 11:00:00,50.02,DMA_103_LOS_ANGELES
0b9c4ad1-fbf7-43d4-86ed-21270cca91a8,USR_15679,ORD_102666,2026-05-26 23:00:00,99.29,DMA_144_PROVIDENCE
64ed4c16-a023-4e05-abec-6172645cf3a4,USR_15680,ORD_102667,2026-04-13 11:00:00,52.34,DMA_149_TUCSON
50234003-5b01-41b4-a9e9-95d3615549ef,USR_15684,ORD_102668,2026-01-13 04:58:00,134.02,DMA_106_AUSTIN
6b1e120f-deff-4d18-a5a0-6fb580ef8c2b,USR_15687,ORD_102669,2026-02-20 15:00:00,69.31,DMA_112_PHILADELPHIA
6a2ba337-68ee-4949-b541-b9a89680b3d8,USR_15689,ORD_102670,2026-05-16 00:00:00,54.33,DMA_149_TUCSON
57d60459-724c-446c-b41d-29e71db7d00e,USR_15691,ORD_102671,2026-05-01 08:25:00,130.46,DMA_124_PORTLAND
341f68ba-82dd-466a-a7c9-b99f583cbabd,USR_15696,ORD_102672,2026-05-23 02:25:00,25.35,DMA_116_DETROIT
023d4c54-d104-47ee-a6c7-83b1bdf0304c,USR_15697,ORD_102673,2026-02-20 05:00:00,128.43,DMA_144_PROVIDENCE
85c95f56-30b8-4295-824e-f10f7e0848d6,USR_15699,ORD_102674,2026-06-21 16:00:00,95.54,DMA_148_ALBUQUERQUE
ea6016bf-ec2b-429e-b64b-9eefb629540a,USR_15700,ORD_102675,2026-06-12 15:00:00,115.19,DMA_107_ATLANTA
f0b1ad5e-1188-42d6-b278-d5081dd5c92e,USR_15701,ORD_102676,2026-05-12 00:00:00,123.52,DMA_109_DENVER
9bae2f4c-be32-4913-9db4-9c7b05306fd3,USR_15704,ORD_102677,2026-02-18 07:00:00,66.63,DMA_146_ROCHESTER
88a476c3-364c-4a8c-aeb0-a2f8d15be201,USR_15705,ORD_102678,2026-03-29 21:13:00,66.87,DMA_112_PHILADELPHIA
c101fb94-2f9f-4173-b246-2a9bf1386234,USR_15708,ORD_102679,2026-02-05 04:00:00,22.73,DMA_116_DETROIT
0d4de52e-0f7c-4642-b1c1-5ade42e8f3af,USR_15713,ORD_102680,2026-05-12 16:00:00,107.94,DMA_110_MIAMI
43e060a3-8a3b-4aea-a78b-7e706d4906f7,USR_15714,ORD_102681,2026-04-12 04:00:00,26.55,DMA_121_CLEVELAND
369f9cbf-aebb-436b-8320-a0ed393bb5ff,USR_15716,ORD_102682,2026-06-04 00:00:00,72.42,DMA_119_ORLANDO
42130f24-fe8a-4f2a-9d21-7e8db9c0168b,USR_15717,ORD_102683,2026-04-20 01:08:00,76.41,DMA_104_DALLAS
9fb9a5d6-13ec-4f7c-a10b-a2c651e24d01,USR_15718,ORD_102684,2026-02-24 16:00:00,86.98,DMA_140_LOUISVILLE
321a98fa-040b-434a-b6cd-c9107149f14b,USR_15720,ORD_102685,2026-04-23 00:00:00,88.83,DMA_143_HARTFORD
2201b5a3-8ab4-4709-89da-151a6741a934,USR_15724,ORD_102686,2026-01-15 23:00:00,56.32,DMA_126_ST_LOUIS
52b385b0-b647-4e86-8c22-fb6d512e5d93,USR_15725,ORD_102687,2026-03-27 12:00:00,61.3,DMA_105_SEATTLE
fd6f1d30-f39c-40b8-b554-ec825e4f77ec,USR_15728,ORD_102688,2026-05-23 11:00:00,129.31,DMA_106_AUSTIN
71a4fdd9-2fc4-400b-a121-5d2afd20a312,USR_15730,ORD_102689,2026-02-05 16:49:00,45.64,DMA_126_ST_LOUIS
98d12db9-2cf7-44b4-9feb-7cc0aa509fa6,USR_15732,ORD_102690,2026-05-04 18:00:00,68.9,DMA_105_SEATTLE
00cb4fad-a5f8-47e9-838d-10a42692fe49,USR_15738,ORD_102691,2026-05-03 02:00:00,386.02,DMA_130_COLUMBUS
641b6ce7-5719-4879-8093-3a42c671f441,USR_15746,ORD_102692,2026-02-24 01:00:00,63.77,DMA_135_MILWAUKEE
8dd1ee7b-f392-4ab0-b8a2-07e850b27d97,USR_15748,ORD_102693,2026-02-03 04:00:00,231.59,DMA_104_DALLAS
412d6060-2975-4cfd-bf04-44e2b141450a,USR_15750,ORD_102694,2026-04-20 16:00:00,141.92,DMA_122_SACRAMENTO
7f8081fd-118a-41d6-9407-89298e74633a,USR_15753,ORD_102695,2026-06-15 02:00:00,106.56,DMA_104_DALLAS
ffc443ac-d553-4b39-b39b-dbfbb694e2ed,USR_15755,ORD_102696,2026-05-07 14:00:00,220.03,DMA_127_CHARLOTTE
9b7d0553-a9b7-43d9-aec0-79f4d569e165,USR_15758,ORD_102697,2026-06-26 08:00:00,255.65,DMA_119_ORLANDO
bc01fdce-5b85-49d2-aaeb-27cbb38413d5,USR_15759,ORD_102698,2026-04-09 03:00:00,94.74,DMA_115_HOUSTON
0a75ad45-ec18-488a-8ece-751019b7ed9d,USR_15760,ORD_102699,2026-06-09 03:00:00,33.98,DMA_139_RICHMOND
6453e1e5-e1e3-4f48-954e-83176f061090,USR_15764,ORD_102700,2026-04-15 13:26:00,29.08,DMA_124_PORTLAND
a43d462a-ed00-48a5-8042-e0c9eed693ec,USR_15766,ORD_102701,2026-03-03 07:44:00,151.36,DMA_109_DENVER
00631fa9-4402-4ccd-988d-d9c9883189e0,USR_15767,ORD_102702,2026-04-22 08:00:00,171.95,DMA_113_SAN_DIEGO
6cd7743a-6de8-4b41-9469-100e4bff8f59,USR_15771,ORD_102703,2026-05-24 03:00:00,77.15,DMA_119_ORLANDO
b8b53b49-392c-4c08-b4c9-a678a79a4c7e,USR_15772,ORD_102704,2026-05-08 01:00:00,106.33,DMA_112_PHILADELPHIA
eea2a5bd-6818-42e2-a0fc-e07660f0a6b9,USR_15773,ORD_102705,2026-03-28 20:00:00,136.04,DMA_125_LAS_VEGAS
604489be-658b-4212-895c-8e60f5af1936,USR_15774,ORD_102706,2026-01-02 17:42:00,53.42,DMA_148_ALBUQUERQUE
5938214b-3ee9-4a8c-9c71-16bcc6583a4e,USR_15775,ORD_102707,2026-05-15 22:52:00,43.51,DMA_133_KANSAS_CITY
c565474c-350e-469f-88d6-bade166cbb51,USR_15776,ORD_102708,2026-06-07 02:00:00,61.2,DMA_103_LOS_ANGELES
cfcb4959-f7be-45e5-b032-a2affc5d6356,USR_15779,ORD_102709,2026-02-23 01:17:00,25.57,DMA_125_LAS_VEGAS
2bba3730-7e50-43f1-9d7f-1e2f37db766e,USR_15780,ORD_102710,2026-06-09 04:37:00,31.96,DMA_145_BIRMINGHAM
9ce2ecd2-56d0-48be-9dc6-a2da8b2295b1,USR_15785,ORD_102711,2026-05-18 12:23:00,95.54,DMA_113_SAN_DIEGO
91d9b603-5719-45a3-beb0-9b4b60d0b8d7,USR_15787,ORD_102712,2026-05-21 12:00:00,268.23,DMA_120_BALTIMORE
4340f0c0-61ce-4fab-9146-da9cf56fe307,USR_15791,ORD_102713,2026-06-13 00:28:00,179.79,DMA_110_MIAMI
d04911d2-68cf-4808-b53c-1109df21a006,USR_15796,ORD_102714,2026-01-13 16:56:00,67.08,DMA_113_SAN_DIEGO
56b91a0b-c5de-4122-ae35-3684118991a5,USR_15797,ORD_102715,2026-03-24 00:00:00,152.08,DMA_100_SAN_FRANCISCO
eac0299b-f053-4102-81fc-879c63617c1a,USR_15799,ORD_102716,2026-04-03 20:32:00,69.35,DMA_126_ST_LOUIS
0be7172f-4ba0-42a0-847d-3ff5c99f2efb,USR_15800,ORD_102717,2026-04-23 00:35:00,103.18,DMA_121_CLEVELAND
76369fcb-18aa-45f6-b798-5eda00ddafc0,USR_15801,ORD_102718,2026-02-14 10:00:00,385.95,DMA_127_CHARLOTTE
d9525803-2cc1-4f91-9583-71400fa978c2,USR_15804,ORD_102719,2026-05-09 10:00:00,77.09,DMA_115_HOUSTON
b7ef0340-b693-48bd-bcf4-f80f2a95fbfb,USR_15807,ORD_102720,2026-02-04 08:40:00,102.96,DMA_122_SACRAMENTO
581a3ffc-aa5b-4805-bd5f-4a8c810e38a2,USR_15811,ORD_102721,2026-06-13 09:00:00,292.99,DMA_108_BOSTON
e584a0dc-75ef-4100-ace7-6e811989641f,USR_15812,ORD_102722,2026-04-18 10:00:00,87.93,DMA_136_RALEIGH
78483f96-f7ad-4866-a6c3-900e6bf6faa9,USR_15820,ORD_102723,2026-02-10 01:59:00,61.69,DMA_129_SALT_LAKE_CITY
934b98c2-2d55-4bc1-a613-05a81a7bde1c,USR_15822,ORD_102724,2026-05-01 12:00:00,86.55,DMA_136_RALEIGH
42f5c881-fe3c-4997-a16c-9ba8afcccaf2,USR_15823,ORD_102725,2026-04-14 03:00:00,58.6,DMA_104_DALLAS
77e3df1b-0911-41e1-9e4e-2b229966e61c,USR_15824,ORD_102726,2026-02-12 05:00:00,176.43,DMA_131_INDIANAPOLIS
cdd95a6f-019d-41f4-80d9-0edb6dbe2371,USR_15825,ORD_102727,2026-01-10 11:31:00,53.07,DMA_100_SAN_FRANCISCO
5eae449c-0ab6-451c-8fe0-006478876529,USR_15831,ORD_102728,2026-02-01 17:32:00,79.0,DMA_104_DALLAS
2b057447-8c9e-4294-abf0-fac2724da744,USR_15832,ORD_102729,2026-06-10 10:00:00,58.26,DMA_133_KANSAS_CITY
52d4de77-e3d9-478d-997d-94a8082d20c0,USR_15833,ORD_102730,2026-02-02 13:00:00,68.7,DMA_139_RICHMOND
76607464-bf7d-42d7-b79e-b7a77b3a9702,USR_15834,ORD_102731,2026-04-13 15:00:00,314.76,DMA_143_HARTFORD
a01500bd-2e14-452c-aca6-76c29cea7c81,USR_15835,ORD_102732,2026-01-28 13:00:00,106.42,DMA_121_CLEVELAND
02e67636-0a8c-48b8-b2eb-c7fd0c64f4e4,USR_15837,ORD_102733,2026-05-30 01:00:00,111.41,DMA_138_MEMPHIS
ceb665e8-34af-4e14-ade1-439605d6a9ac,USR_15838,ORD_102734,2026-05-07 19:41:00,26.99,DMA_147_GREENVILLE
9ca75ebf-1db4-42c8-9c71-360f31e82aa6,USR_15839,ORD_102735,2026-01-06 10:34:00,91.62,DMA_129_SALT_LAKE_CITY
8c6d9739-7051-4c63-b6a3-21465d211498,USR_15841,ORD_102736,2026-05-05 23:09:00,62.88,DMA_111_PHOENIX
f5375eef-cc58-4937-9634-5287e05aab31,USR_15846,ORD_102737,2026-03-10 15:00:00,93.65,DMA_144_PROVIDENCE
5917f272-cdf1-43e3-9023-cd1de7d10730,USR_15855,ORD_102738,2026-06-09 02:12:00,31.07,DMA_145_BIRMINGHAM
61fd3f11-cc13-4f26-a71a-a5306d1a0012,USR_15856,ORD_102739,2026-05-15 22:00:00,186.13,DMA_100_SAN_FRANCISCO
da90c167-683d-4d41-91e1-2bab5bdf62c3,USR_15859,ORD_102740,2026-06-05 09:22:00,66.11,DMA_124_PORTLAND
e7447130-4254-4d7b-b3b9-8ca489991a05,USR_15860,ORD_102741,2026-04-16 20:00:00,57.61,DMA_142_BUFFALO
f164b81a-6732-4cc6-81b3-363519f67bdb,USR_15861,ORD_102742,2026-01-15 11:00:00,122.55,DMA_108_BOSTON
3f3b4add-c101-4af0-991a-180434e38e83,USR_15862,ORD_102743,2026-05-12 10:00:00,199.28,DMA_129_SALT_LAKE_CITY
52d5885f-9346-4812-8663-f890f1c25c5a,USR_15863,ORD_102744,2026-01-27 19:00:00,50.77,DMA_129_SALT_LAKE_CITY
d27d4fc1-51d3-444e-a872-ef6109e99c9a,USR_15865,ORD_102745,2026-03-20 07:13:00,51.86,DMA_135_MILWAUKEE
72ed3828-ad79-48d1-98da-231c046e54f4,USR_15868,ORD_102746,2026-02-23 17:00:00,182.6,DMA_145_BIRMINGHAM
fbe2ec47-80a3-47fd-ba98-aaea1a97801a,USR_15871,ORD_102747,2026-02-14 15:00:00,57.07,DMA_127_CHARLOTTE
0d834086-247b-49d5-8354-23cb980d58a0,USR_15872,ORD_102748,2026-02-14 18:00:00,134.05,DMA_130_COLUMBUS
3ea5846c-5ec4-4bca-b863-ec38efc4252b,USR_15876,ORD_102749,2026-05-16 01:00:00,56.18,DMA_108_BOSTON
9235e220-a5cf-4a62-b348-7096a4ba863c,USR_15877,ORD_102750,2026-02-05 16:00:00,221.2,DMA_128_NASHVILLE
59925bdd-624f-42e9-897a-1b6f46b8d008,USR_15880,ORD_102751,2026-04-17 19:00:00,295.57,DMA_134_CINCINNATI
9875d074-e166-4a95-a5cd-e419abc286d0,USR_15884,ORD_102752,2026-05-08 10:46:00,53.4,DMA_124_PORTLAND
47f530f3-85de-4208-b45d-62af4084e2b4,USR_15890,ORD_102753,2026-03-01 12:50:00,101.79,DMA_110_MIAMI
f98fe007-2377-4d50-bc4c-89325dd43e7e,USR_15891,ORD_102754,2026-06-06 01:00:00,73.31,DMA_144_PROVIDENCE
8d34710a-de40-49f3-8f14-f3fca8ffe1bd,USR_15892,ORD_102755,2026-05-23 03:45:00,86.99,DMA_129_SALT_LAKE_CITY
28c48643-e52b-4d7e-9400-62fa779e0072,USR_15893,ORD_102756,2026-04-14 04:21:00,83.79,DMA_112_PHILADELPHIA
8f9d857a-0d2f-4caa-885c-3e8cfd195b2c,USR_15898,ORD_102757,2026-06-13 21:00:00,62.07,DMA_149_TUCSON
c64e36b8-5e08-49ce-81ca-b1c563551843,USR_15905,ORD_102758,2026-05-18 17:05:00,42.92,DMA_136_RALEIGH
449b688f-fd65-4b9f-8cf4-c1de43aaf0b6,USR_15906,ORD_102759,2026-04-28 04:08:00,100.29,DMA_111_PHOENIX
d379b60e-2e3d-4a6f-9185-9cefc2358b24,USR_15907,ORD_102760,2026-06-15 20:00:00,47.7,DMA_139_RICHMOND
71f546eb-d2eb-4ed8-ab07-eb8ec7dc200f,USR_15909,ORD_102761,2026-01-12 06:00:00,29.22,DMA_105_SEATTLE
ebe38bca-570d-4b42-b38f-e9c8b49743b7,USR_15913,ORD_102762,2026-04-19 01:00:00,182.73,DMA_138_MEMPHIS
e2366d3a-ebd2-4689-b24e-9ade0bea3ef3,USR_15918,ORD_102763,2026-03-12 07:00:00,56.69,DMA_128_NASHVILLE
52b42fe0-b134-4643-8f5e-151c25b330db,USR_15919,ORD_102764,2026-05-18 22:08:00,136.62,DMA_145_BIRMINGHAM
49e7b0b3-236c-44ec-8072-c57898115e13,USR_15920,ORD_102765,2026-03-25 13:49:00,42.59,DMA_138_MEMPHIS
33cfb9e2-3101-46bc-b864-4e993ad6abdb,USR_15921,ORD_102766,2026-04-07 20:41:00,14.65,DMA_103_LOS_ANGELES
a8c2f1f4-3907-4b7d-be07-21792b5ee951,USR_15923,ORD_102767,2026-03-15 14:00:00,30.68,DMA_131_INDIANAPOLIS
c4df217f-7b95-4a84-8f5f-20059451318c,USR_15924,ORD_102768,2026-05-21 18:13:00,87.35,DMA_114_SAN_JOSE
5cbcc184-074b-4297-9cbc-d00cea82fed9,USR_15925,ORD_102769,2026-05-05 11:00:00,101.64,DMA_142_BUFFALO
b4c4b8c1-1caa-4a35-8041-dfd98d517c1c,USR_15926,ORD_102770,2026-01-05 14:22:00,30.62,DMA_137_OKLAHOMA_CITY
830fdcab-79de-4b69-80df-18d36374fb59,USR_15928,ORD_102771,2026-05-16 00:05:00,119.22,DMA_109_DENVER
85ab0406-534e-4dfa-a3c7-1633e55d161f,USR_15929,ORD_102772,2026-02-26 20:35:00,98.61,DMA_111_PHOENIX
1943f9f1-9d1f-456c-820d-c633bd574377,USR_15931,ORD_102773,2026-02-10 07:42:00,31.28,DMA_107_ATLANTA
b6bac1d0-e8b8-4188-b2dd-f5e5769ad6e4,USR_15937,ORD_102774,2026-03-14 07:00:00,131.44,DMA_143_HARTFORD
55af3656-64f4-4917-af4a-cbcfff29f5b1,USR_15940,ORD_102775,2026-04-28 12:00:00,78.44,DMA_108_BOSTON
2159154b-6a80-47b8-86d7-24622b33ee9a,USR_15943,ORD_102776,2026-03-19 04:48:00,119.6,DMA_145_BIRMINGHAM
3056b50c-5b1e-488b-8e6c-0c5994702b46,USR_15945,ORD_102777,2026-04-03 08:00:00,47.77,DMA_128_NASHVILLE
ebdb2bc8-af33-4985-b68c-777d6a74377f,USR_15947,ORD_102778,2026-05-07 12:00:00,47.94,DMA_126_ST_LOUIS
0892b110-7394-4b35-9b2e-e2a99757eac6,USR_15948,ORD_102779,2026-03-25 17:42:00,44.23,DMA_141_NEW_ORLEANS
54bb99d0-6b6f-4846-948d-94408d78b7b9,USR_15949,ORD_102780,2026-06-09 18:50:00,87.25,DMA_106_AUSTIN
324f0521-efe1-42b8-add8-a7a70dd9bcea,USR_15950,ORD_102781,2026-06-20 09:00:00,68.04,DMA_120_BALTIMORE
5cd89902-2fc6-43e8-a2bf-713014766493,USR_15951,ORD_102782,2026-02-27 22:50:00,20.85,DMA_148_ALBUQUERQUE
9f4be829-66e3-4c59-816a-8d894094292d,USR_15954,ORD_102783,2026-04-25 03:00:00,65.13,DMA_110_MIAMI
a9f329ad-806b-47b5-94b0-449f1029923b,USR_15956,ORD_102784,2026-01-31 20:14:00,25.78,DMA_115_HOUSTON
f9d43c95-1f65-4e07-bc70-0fc8e5a873fd,USR_15957,ORD_102785,2026-04-28 16:39:00,54.02,DMA_107_ATLANTA
f72554a4-6533-438f-84f1-33d1d1b7df99,USR_15958,ORD_102786,2026-05-25 05:00:00,130.69,DMA_142_BUFFALO
fb1f4ac7-2f3b-4275-b921-2dd6c3dfd06a,USR_15961,ORD_102787,2026-03-27 09:00:00,85.01,DMA_144_PROVIDENCE
f863577b-7b00-4c6a-8e09-857a2f1ddf62,USR_15967,ORD_102788,2026-03-31 12:00:00,254.22,DMA_148_ALBUQUERQUE
57f97155-1392-4c05-8c06-0938ecab3191,USR_15971,ORD_102789,2026-06-13 11:00:00,64.37,DMA_145_BIRMINGHAM
bd6f3f9c-88c4-49cd-83e3-fdec50affbb3,USR_15972,ORD_102790,2026-01-08 02:24:00,57.05,DMA_127_CHARLOTTE
084f547b-184f-4348-86ca-684caa2616bb,USR_15973,ORD_102791,2026-05-18 13:00:00,188.16,DMA_117_MINNEAPOLIS
410abe40-d369-4039-b4c6-84babdf2ff35,USR_15976,ORD_102792,2026-02-26 04:47:00,83.98,DMA_143_HARTFORD
5ceb44b4-86e9-4728-b32f-6162b77ab7a7,USR_15977,ORD_102793,2026-01-24 12:44:00,58.43,DMA_127_CHARLOTTE
7fa4d172-1e2f-4f4a-8c16-29f3f988567c,USR_15979,ORD_102794,2026-03-09 15:08:00,45.28,DMA_120_BALTIMORE
d14465f6-02dd-4e66-8de8-6beaa3c555c5,USR_15980,ORD_102795,2026-05-06 03:00:00,120.92,DMA_103_LOS_ANGELES
5b679ea8-7d97-41fa-8514-a7c32c8a4e5a,USR_15983,ORD_102796,2026-05-11 03:00:00,47.28,DMA_148_ALBUQUERQUE
0d207e3d-d40b-4f1e-be22-a6b6cedff9b0,USR_15985,ORD_102797,2026-03-29 07:00:00,253.51,DMA_140_LOUISVILLE
2d1c5c84-c07e-430d-8c0d-af71c5a5eb5c,USR_15988,ORD_102798,2026-04-18 13:00:00,96.84,DMA_124_PORTLAND
15f3e1b2-fcc5-4516-8a37-2f9a0b3b160f,USR_15990,ORD_102799,2026-04-10 21:20:00,31.01,DMA_114_SAN_JOSE
596697df-81a2-4d57-9154-e4f42f396730,USR_15991,ORD_102800,2026-01-05 02:27:00,98.9,DMA_109_DENVER
2f8d6368-5db3-422e-af29-b1ace58b350b,USR_15994,ORD_102801,2026-02-08 20:31:00,105.84,DMA_136_RALEIGH
bba4eb81-e756-47c2-95de-08cf6158cb41,USR_15995,ORD_102802,2026-03-23 21:11:00,139.74,DMA_146_ROCHESTER
6ee3af80-c515-438c-9973-cef06129226d,USR_15999,ORD_102803,2026-04-09 15:00:00,162.59,DMA_114_SAN_JOSE
d5aadcc2-bdde-49a1-8b5c-440027a73945,USR_16002,ORD_102804,2026-04-26 09:20:00,30.18,DMA_108_BOSTON
cb24d51a-60f7-454d-86b0-b2eb4e2867f9,USR_16005,ORD_102805,2026-02-07 08:59:00,110.83,DMA_105_SEATTLE
e20466f1-9138-48f7-be19-a4b6e8db3480,USR_16006,ORD_102806,2026-06-06 13:00:00,70.67,DMA_103_LOS_ANGELES
87a65825-cb38-40c8-b445-b47db5263007,USR_16007,ORD_102807,2026-05-04 07:00:00,191.81,DMA_101_NEW_YORK
9ee82a65-fdf3-434b-a710-820b986c4d60,USR_16008,ORD_102808,2026-01-18 16:42:00,90.77,DMA_132_SAN_ANTONIO
d9be67ba-31b7-4031-a715-ab8eb929c147,USR_16010,ORD_102809,2026-05-21 18:11:00,35.07,DMA_105_SEATTLE
21c9dc24-0833-4e83-ac2e-08ce8cd8d0ad,USR_16012,ORD_102810,2026-05-17 14:00:00,41.2,DMA_146_ROCHESTER
dd67ec11-c68f-44fe-8ed7-4292b77b8c84,USR_16013,ORD_102811,2026-04-15 02:40:00,90.46,DMA_118_TAMPA
d529b673-9143-454a-8e84-e5c2f3b4d3ca,USR_16014,ORD_102812,2026-04-29 21:35:00,65.37,DMA_127_CHARLOTTE
896a6601-24ff-4e55-9fdc-62a244378b86,USR_16020,ORD_102813,2026-06-02 02:24:00,174.94,DMA_139_RICHMOND
f26abe99-007f-485a-9c63-1e31c54785af,USR_16023,ORD_102814,2026-03-03 05:52:00,68.26,DMA_103_LOS_ANGELES
126ed42c-ee8b-4d13-a15b-15f0bacd2b19,USR_16026,ORD_102815,2026-02-22 21:00:00,179.91,DMA_133_KANSAS_CITY
32093e3d-1b19-4edb-b920-95d46f6371ce,USR_16030,ORD_102816,2026-02-24 09:00:00,36.04,DMA_119_ORLANDO
7b7f682d-ebfa-414a-ae77-937e4757943a,USR_16031,ORD_102817,2026-05-15 12:27:00,30.99,DMA_121_CLEVELAND
4cbcf932-abfa-465f-b56d-ddb0c1315500,USR_16034,ORD_102818,2026-06-13 03:17:00,37.93,DMA_111_PHOENIX
2ec01c90-d0db-42b9-9568-f098b766da71,USR_16035,ORD_102819,2026-01-18 03:00:00,111.92,DMA_127_CHARLOTTE
29dba9c8-4968-494a-a202-bf3051c296b5,USR_16036,ORD_102820,2026-06-07 03:32:00,28.2,DMA_144_PROVIDENCE
22f5a9b2-d5c6-4e8a-8459-4cb4af6cab0a,USR_16037,ORD_102821,2026-01-24 13:39:00,55.75,DMA_121_CLEVELAND
33aa48c8-03e5-4a77-85ea-309624a25c02,USR_16038,ORD_102822,2026-01-27 23:00:00,43.16,DMA_102_CHICAGO
04ce0a3e-15b8-414c-ad03-894753d929d0,USR_16041,ORD_102823,2026-01-05 06:30:00,48.42,DMA_144_PROVIDENCE
ea63b4ae-ceab-42d6-8d20-14e5ee51c8c1,USR_16042,ORD_102824,2026-01-28 00:00:00,219.26,DMA_140_LOUISVILLE
0f27debe-3f15-48b3-8a1d-09285ed57ebf,USR_16043,ORD_102825,2026-01-20 09:00:00,24.74,DMA_135_MILWAUKEE
26bd774a-2488-48a0-8d8f-b516e088829b,USR_16044,ORD_102826,2026-03-29 09:00:00,88.37,DMA_101_NEW_YORK
110c2699-9aef-4d57-aadd-8b03fac56487,USR_16045,ORD_102827,2026-03-14 03:00:00,183.74,DMA_100_SAN_FRANCISCO
d35b2836-5979-420f-b692-d6120e71faf2,USR_16048,ORD_102828,2026-05-19 10:00:00,134.34,DMA_143_HARTFORD
9261acc0-d459-4e51-b1e3-a8ce31753fad,USR_16051,ORD_102829,2026-06-27 11:00:00,114.19,DMA_110_MIAMI
b16f028c-25ea-4154-8fa6-e645c8bc637e,USR_16053,ORD_102830,2026-04-01 19:31:00,72.59,DMA_114_SAN_JOSE
9a76d9ba-6852-41b5-b2e4-90763259528e,USR_16054,ORD_102831,2026-05-14 13:00:00,81.08,DMA_108_BOSTON
fb497e8d-e69e-4383-8711-f219ba7158d2,USR_16056,ORD_102832,2026-04-17 23:00:00,59.96,DMA_131_INDIANAPOLIS
ae69614a-d394-49bc-bc8f-8b741d63d189,USR_16057,ORD_102833,2026-05-18 12:00:00,163.46,DMA_114_SAN_JOSE
6c62e67b-50cf-4358-98c7-c86bb7cd3dd8,USR_16058,ORD_102834,2026-01-09 07:00:00,75.74,DMA_130_COLUMBUS
75f905a6-3c0d-46e1-b92b-af7383986797,USR_16059,ORD_102835,2026-02-14 17:00:00,120.45,DMA_108_BOSTON
f2e6358b-d45a-4aaf-9467-c52ebb42f994,USR_16060,ORD_102836,2026-04-26 04:57:00,43.62,DMA_131_INDIANAPOLIS
661ccede-7ee7-44dc-8a8f-81ae8458c111,USR_16062,ORD_102837,2026-02-25 12:00:00,87.67,DMA_138_MEMPHIS
136492a4-c469-4147-aac2-43b8547b2bbc,USR_16063,ORD_102838,2026-05-09 09:23:00,56.25,DMA_145_BIRMINGHAM
ee86142e-7ced-42cc-9327-d3194116740c,USR_16066,ORD_102839,2026-02-27 15:00:00,74.26,DMA_109_DENVER
1cedaddb-2491-464b-b187-deda6df88752,USR_16071,ORD_102840,2026-03-06 10:00:00,50.77,DMA_127_CHARLOTTE
80bbfe95-a60e-48c8-9790-eefc07b6efc3,USR_16072,ORD_102841,2026-02-26 19:00:00,66.91,DMA_126_ST_LOUIS
f6d1fca4-ac8b-46d2-a0b5-073ae27f9f5b,USR_16073,ORD_102842,2026-04-04 04:00:00,60.34,DMA_109_DENVER
4a02bd91-1e2e-4177-9412-0b7588f88759,USR_16077,ORD_102843,2026-04-12 19:11:00,115.68,DMA_114_SAN_JOSE
332e94a6-cd53-4517-ad35-a1cd959ead3b,USR_16079,ORD_102844,2026-03-22 12:00:00,120.93,DMA_114_SAN_JOSE
1e832e59-3a9c-42b6-8ff7-85cab4e69311,USR_16080,ORD_102845,2026-03-05 10:00:00,137.99,DMA_117_MINNEAPOLIS
86b09492-fe85-441f-8142-7db3b17f9432,USR_16084,ORD_102846,2026-03-21 09:00:00,50.33,DMA_149_TUCSON
fe6dfc07-edc2-452a-b795-c4bd960d29dc,USR_16085,ORD_102847,2026-05-16 06:56:00,136.7,DMA_130_COLUMBUS
b1d6948b-52e8-47f6-9a50-4c2723dd7de6,USR_16087,ORD_102848,2026-05-31 19:12:00,26.73,DMA_130_COLUMBUS
bc39c49c-02d7-4dd9-896e-5395ad8ecf95,USR_16089,ORD_102849,2026-05-01 21:00:00,69.02,DMA_149_TUCSON
5e324a0f-9a71-4e20-b7c2-cc7920f5e0db,USR_16090,ORD_102850,2026-04-07 06:00:00,90.44,DMA_132_SAN_ANTONIO
63606434-2f54-40e8-ad19-0e921a2dc132,USR_16094,ORD_102851,2026-06-15 23:00:00,53.26,DMA_117_MINNEAPOLIS
fa91189a-0e8f-4f93-bc74-fb02fc59f14c,USR_16097,ORD_102852,2026-02-16 06:00:00,36.36,DMA_139_RICHMOND
cda61459-5c4b-440f-b188-00e2a0f7feb3,USR_16098,ORD_102853,2026-04-25 06:00:00,77.83,DMA_125_LAS_VEGAS
10f55ea4-95f8-4aa1-ab0a-b0990f6ef586,USR_16100,ORD_102854,2026-01-24 11:00:00,179.38,DMA_113_SAN_DIEGO
ce3a1dd6-c182-4bbd-b43b-0e2471e3cd7c,USR_16105,ORD_102855,2026-06-04 15:00:00,153.84,DMA_135_MILWAUKEE
4051c0e6-6a61-4cc2-8c93-1bb9e2bc8042,USR_16106,ORD_102856,2026-06-09 11:00:00,132.31,DMA_120_BALTIMORE
498d5cad-99a8-43f4-8bfe-565d72c532ba,USR_16107,ORD_102857,2026-05-22 11:13:00,66.55,DMA_124_PORTLAND
dad82693-929c-4434-ae50-8c0e349f0995,USR_16108,ORD_102858,2026-01-26 01:00:00,87.82,DMA_106_AUSTIN
8a4a2b92-7c65-47ca-8eb4-4c57b4cde05b,USR_16110,ORD_102859,2026-06-06 03:22:00,54.01,DMA_137_OKLAHOMA_CITY
d0c86474-561c-4aaf-a5b8-f0b659348b81,USR_16111,ORD_102860,2026-03-12 12:00:00,131.05,DMA_148_ALBUQUERQUE
571d128f-0d33-4172-9d52-0cd11d33daa7,USR_16114,ORD_102861,2026-05-23 16:00:00,56.67,DMA_131_INDIANAPOLIS
575f910c-05c1-4a7c-94f8-fa66b2ea61ee,USR_16120,ORD_102862,2026-03-15 12:25:00,51.09,DMA_146_ROCHESTER
3862a98d-06f7-4703-999e-64e732d28a8d,USR_16123,ORD_102863,2026-01-18 06:00:00,78.23,DMA_120_BALTIMORE
09b8338e-5b72-4539-8cd2-e29b0b3f263d,USR_16124,ORD_102864,2026-06-07 12:25:00,60.46,DMA_131_INDIANAPOLIS
50bc9f6c-0cbe-428d-86f5-7454bf8b6ffb,USR_16131,ORD_102865,2026-05-07 19:26:00,111.7,DMA_108_BOSTON
8c82b3fc-a78e-4b72-940e-0ba07a78d01a,USR_16132,ORD_102866,2026-06-12 12:08:00,32.97,DMA_132_SAN_ANTONIO
23cc168d-76c8-43ad-9603-9bb33b90aac3,USR_16133,ORD_102867,2026-02-10 11:08:00,83.3,DMA_128_NASHVILLE
4deebeec-bece-4a5b-b10c-3a940d0d3167,USR_16134,ORD_102868,2026-02-28 11:00:00,149.97,DMA_138_MEMPHIS
26482965-7fb7-442d-8624-34977f3ed4bb,USR_16137,ORD_102869,2026-04-04 01:00:00,56.99,DMA_100_SAN_FRANCISCO
2a9a8d1c-6fb7-4363-aba2-600faa7c0866,USR_16140,ORD_102870,2026-02-14 16:00:00,75.2,DMA_147_GREENVILLE
f187ca75-9cc6-42fe-ae6e-1bc687ec16d7,USR_16141,ORD_102871,2026-01-16 08:00:00,109.91,DMA_109_DENVER
160f4ef0-7dc1-4311-a582-2b4726dbb331,USR_16143,ORD_102872,2026-04-06 19:20:00,34.24,DMA_120_BALTIMORE
2f7c3851-df24-4df7-a128-20e16f79af95,USR_16147,ORD_102873,2026-03-08 05:00:00,196.27,DMA_111_PHOENIX
f2397a9e-1730-41db-98ea-f1c8988a4b78,USR_16149,ORD_102874,2026-06-02 01:46:00,93.11,DMA_117_MINNEAPOLIS
d1f599f3-8272-4453-bd03-1f2a2724937e,USR_16151,ORD_102875,2026-01-20 10:00:00,75.21,DMA_147_GREENVILLE
67da37e0-bc5e-44ba-a5f0-57d3d6c698e1,USR_16156,ORD_102876,2026-06-29 22:00:00,42.89,DMA_121_CLEVELAND
76f67e0b-2d5c-46c9-86b3-7c85d0b2f8ed,USR_16158,ORD_102877,2026-03-26 19:00:00,231.68,DMA_144_PROVIDENCE
311efb88-b265-4e0c-a31c-7f0dcebee971,USR_16162,ORD_102878,2026-02-07 04:33:00,43.31,DMA_111_PHOENIX
83516e13-c77b-45d0-a521-7e8d96ebbb09,USR_16163,ORD_102879,2026-04-27 18:00:00,70.63,DMA_146_ROCHESTER
a3f96a44-1253-49fb-9892-bd054b08892b,USR_16164,ORD_102880,2026-06-17 15:00:00,90.11,DMA_101_NEW_YORK
75293c8a-d8e3-4f39-b544-c35fa2cc2899,USR_16166,ORD_102881,2026-04-21 09:15:00,70.21,DMA_130_COLUMBUS
cc538c90-b859-4912-9da7-a52950335dbc,USR_16170,ORD_102882,2026-02-01 11:00:00,31.87,DMA_106_AUSTIN
9fb0dae1-ea4c-4c39-ba7c-e1e1c37c15ea,USR_16173,ORD_102883,2026-06-13 09:00:00,113.46,DMA_107_ATLANTA
4dfff502-f65d-4346-a357-dbf163142a8a,USR_16180,ORD_102884,2026-03-11 23:37:00,44.48,DMA_135_MILWAUKEE
44efcb78-980e-4e5d-9ff8-86708c5b5d37,USR_16182,ORD_102885,2026-04-18 16:00:00,145.21,DMA_146_ROCHESTER
ef657c19-c10d-43b3-93ba-c70235a28ad4,USR_16184,ORD_102886,2026-03-31 11:00:00,239.83,DMA_120_BALTIMORE
13cd4a2c-1fdf-4e4a-a279-97350cf11834,USR_16185,ORD_102887,2026-03-23 08:00:00,198.05,DMA_135_MILWAUKEE
ae74da1c-84f5-47ea-a606-ecc3dd3e34bb,USR_16187,ORD_102888,2026-03-07 01:38:00,95.26,DMA_124_PORTLAND
a7de026d-5bab-4ef5-bc6a-6dc36fb1d442,USR_16194,ORD_102889,2026-05-28 04:00:00,147.31,DMA_142_BUFFALO
808b28db-4061-438c-b0e3-7b79d1f3b75b,USR_16198,ORD_102890,2026-04-27 10:00:00,52.1,DMA_131_INDIANAPOLIS
8d7ee323-1a4c-43bc-8e3f-d4fe9fd47c48,USR_16200,ORD_102891,2026-05-20 01:05:00,115.94,DMA_126_ST_LOUIS
70aa9905-a6e7-4ad6-9165-f3417a85281c,USR_16201,ORD_102892,2026-02-28 20:00:00,75.36,DMA_108_BOSTON
0c9ba64a-6e65-4f26-9b49-c0fd0198949c,USR_16206,ORD_102893,2026-05-04 09:38:00,114.04,DMA_120_BALTIMORE
01bcbeb5-ef1c-4cc0-aa25-430d23618641,USR_16208,ORD_102894,2026-02-28 19:37:00,74.39,DMA_124_PORTLAND
850e9d04-ca67-407f-b922-bc21e62cd9d1,USR_16210,ORD_102895,2026-04-22 00:00:00,101.12,DMA_102_CHICAGO
aa10e689-0849-4c2a-98bd-89fb095aa070,USR_16215,ORD_102896,2026-01-03 22:05:00,60.6,DMA_116_DETROIT
d68236d6-e25a-4de9-abaf-b2340599f2ea,USR_16216,ORD_102897,2026-03-24 10:00:00,64.75,DMA_139_RICHMOND
c9ce3aec-d2b9-4506-b6d2-ce141c5e03fc,USR_16218,ORD_102898,2026-04-30 13:00:00,54.53,DMA_107_ATLANTA
66e74089-396b-46e4-b62e-6c9634fd05aa,USR_16219,ORD_102899,2026-02-05 08:00:00,55.84,DMA_122_SACRAMENTO
057f7223-ed93-484b-8fba-0b9cfc688950,USR_16220,ORD_102900,2026-02-01 01:24:00,73.4,DMA_110_MIAMI
fda6314c-7c0b-4ebd-a56e-fa35d3a0b645,USR_16221,ORD_102901,2026-02-03 15:00:00,116.37,DMA_134_CINCINNATI
2b08f6eb-65ac-4be9-9944-88a779b7ace1,USR_16222,ORD_102902,2026-05-08 11:00:00,253.12,DMA_106_AUSTIN
a4c0daae-1d9c-4d9b-a391-924ac04c0078,USR_16224,ORD_102903,2026-05-17 10:00:00,138.75,DMA_141_NEW_ORLEANS
1b845d66-a4a9-41a1-8c6c-72376104e23c,USR_16226,ORD_102904,2026-03-26 12:38:00,78.24,DMA_147_GREENVILLE
5069fa8d-6c8c-45b4-aeb7-9e8e7da8ddc1,USR_16227,ORD_102905,2026-01-29 07:00:00,68.77,DMA_105_SEATTLE
3eaf9ff4-0761-4af6-876e-32b55769a2db,USR_16231,ORD_102906,2026-03-15 00:32:00,74.97,DMA_142_BUFFALO
d8361256-053d-40e4-b0ff-b00da6cef8ff,USR_16235,ORD_102907,2026-02-16 08:05:00,64.75,DMA_135_MILWAUKEE
367985fc-efb4-45a4-ab1b-363a0263772c,USR_16236,ORD_102908,2026-01-13 18:15:00,59.71,DMA_115_HOUSTON
e4b15cff-2d2d-4e13-8fb8-b556c4d045d3,USR_16239,ORD_102909,2026-03-26 09:00:00,132.31,DMA_103_LOS_ANGELES
bb0e8a88-5a44-4f69-8c1e-01eead79f43b,USR_16240,ORD_102910,2026-01-11 15:24:00,58.26,DMA_120_BALTIMORE
f8270f1b-abaa-41d3-98d4-91ce0b82e81b,USR_16244,ORD_102911,2026-05-14 19:55:00,28.78,DMA_143_HARTFORD
825bb490-251f-45ed-a3dc-d30f0fa64eda,USR_16249,ORD_102912,2026-04-03 02:16:00,51.94,DMA_129_SALT_LAKE_CITY
b70588db-c3c9-4bca-8d03-6c86283aea92,USR_16250,ORD_102913,2026-04-14 21:00:00,78.9,DMA_116_DETROIT
547fc074-0eec-4569-8a8f-0127dc2937ba,USR_16251,ORD_102914,2026-05-16 00:00:00,56.83,DMA_130_COLUMBUS
71e2ec0e-bd10-455c-8a57-8f9924fe7226,USR_16252,ORD_102915,2026-03-07 09:00:00,86.4,DMA_148_ALBUQUERQUE
8733711e-e5a4-4c85-8323-352c81e9a4fa,USR_16257,ORD_102916,2026-06-15 18:51:00,40.8,DMA_113_SAN_DIEGO
1841cb6d-6a98-408c-b0db-a93727e2bb0a,USR_16258,ORD_102917,2026-01-13 19:14:00,35.45,DMA_146_ROCHESTER
b28e35ad-9fc9-48ba-a239-7b353ef8006d,USR_16259,ORD_102918,2026-03-21 15:00:00,160.91,DMA_107_ATLANTA
b907c9b0-59d2-4ddf-b8ba-200d26b188ac,USR_16260,ORD_102919,2026-06-01 06:00:00,94.86,DMA_138_MEMPHIS
3e516ff1-0481-4681-ad0c-9632933583f6,USR_16261,ORD_102920,2026-01-25 21:00:00,31.35,DMA_114_SAN_JOSE
94e6a7d4-b12f-4750-8a68-9c134b51319a,USR_16264,ORD_102921,2026-04-03 00:00:00,59.62,DMA_122_SACRAMENTO
eb656bed-cd0d-4631-bd15-a9e8f1afdc8b,USR_16265,ORD_102922,2026-03-22 05:00:00,66.22,DMA_110_MIAMI
66ec4e19-723d-44a0-86ff-df66c7464bff,USR_16269,ORD_102923,2026-05-01 08:00:00,225.0,DMA_133_KANSAS_CITY
271f38da-6d00-484b-b3fe-356c811de431,USR_16275,ORD_102924,2026-04-02 01:12:00,172.65,DMA_126_ST_LOUIS
d512f3bf-21f3-4786-8c05-51cc653b346b,USR_16277,ORD_102925,2026-02-23 09:11:00,34.47,DMA_143_HARTFORD
8b66bf17-a185-475b-a14a-44407104574b,USR_16282,ORD_102926,2026-02-14 17:00:00,78.0,DMA_112_PHILADELPHIA
409e55bc-4a2a-4d4f-b221-e679e21d761f,USR_16284,ORD_102927,2026-02-22 07:00:00,28.89,DMA_108_BOSTON
37d1a360-5008-4910-b70e-dc2662e0cc30,USR_16285,ORD_102928,2026-01-20 15:00:00,131.34,DMA_120_BALTIMORE
f6d358b5-c337-419f-b797-879899252f89,USR_16286,ORD_102929,2026-05-13 19:06:00,60.11,DMA_113_SAN_DIEGO
b1a77e42-d5bd-44c8-8963-9f64cc622c50,USR_16287,ORD_102930,2026-04-09 03:00:00,198.9,DMA_110_MIAMI
a3f46b98-4e53-4e4e-b23f-e561d9c07fa6,USR_16290,ORD_102931,2026-05-12 02:22:00,62.43,DMA_122_SACRAMENTO
1833da65-34bf-48a4-b943-9a5dcba08aae,USR_16291,ORD_102932,2026-01-14 07:00:00,127.11,DMA_145_BIRMINGHAM
7e8dbc82-60b7-4b2f-87a3-5edcadaf45bb,USR_16292,ORD_102933,2026-05-18 18:00:00,49.41,DMA_120_BALTIMORE
98a3936e-d2e2-4e4f-9792-85a4466858b2,USR_16296,ORD_102934,2026-05-30 13:35:00,51.53,DMA_119_ORLANDO
43ffb31a-da71-4a2f-8326-3551559f6262,USR_16303,ORD_102935,2026-06-12 03:00:00,73.5,DMA_133_KANSAS_CITY
2a9e96ec-a99e-4910-aa89-ad7f4c5a0e78,USR_16304,ORD_102936,2026-03-29 11:50:00,66.76,DMA_100_SAN_FRANCISCO
a1aaf1a4-9cfc-4d71-8d4a-c2b03c603253,USR_16305,ORD_102937,2026-03-14 16:00:00,76.34,DMA_101_NEW_YORK
4dfa959e-aea5-4e69-a1ab-372f862762ba,USR_16306,ORD_102938,2026-03-06 04:44:00,53.06,DMA_127_CHARLOTTE
79858562-8ce8-433a-ae26-abf5aa294d37,USR_16307,ORD_102939,2026-03-30 06:53:00,47.25,DMA_126_ST_LOUIS
67c2292c-cf10-4078-bf55-251259b20a42,USR_16312,ORD_102940,2026-03-09 11:19:00,84.25,DMA_115_HOUSTON
463972ef-fb04-4434-a872-0ab1d48756cc,USR_16317,ORD_102941,2026-06-26 15:00:00,74.37,DMA_127_CHARLOTTE
6797c180-8b3a-46ce-a201-0a21cb9d0fb1,USR_16319,ORD_102942,2026-01-30 12:58:00,90.05,DMA_129_SALT_LAKE_CITY
67c1202c-6ac8-4406-bc5c-14879214fb31,USR_16321,ORD_102943,2026-01-10 14:09:00,78.01,DMA_123_PITTSBURGH
48f72c43-ebf0-4f67-ac44-ae926633afdc,USR_16324,ORD_102944,2026-03-26 01:00:00,36.94,DMA_141_NEW_ORLEANS
212f61cf-6d6e-4416-8348-0b79987c7417,USR_16325,ORD_102945,2026-01-28 01:15:00,61.11,DMA_100_SAN_FRANCISCO
98a4745f-a957-4145-858d-dc44dbd28d8b,USR_16327,ORD_102946,2026-06-06 07:00:00,203.59,DMA_148_ALBUQUERQUE
2bb028df-2311-43de-ad79-54d6fa92da1a,USR_16330,ORD_102947,2026-01-20 21:00:00,98.44,DMA_113_SAN_DIEGO
bcfd004b-4cf5-4a84-b376-22527dfadaef,USR_16331,ORD_102948,2026-05-05 02:00:00,225.72,DMA_137_OKLAHOMA_CITY
54a5b22a-63d5-418a-88bb-5dfd01ba2a47,USR_16332,ORD_102949,2026-04-29 06:00:00,94.93,DMA_106_AUSTIN
8ae61a80-47ce-479c-9159-c464a5c742c1,USR_16333,ORD_102950,2026-03-05 16:00:00,66.99,DMA_109_DENVER
7b8e28b0-bf64-4f15-8a6f-f7bdf5449179,USR_16334,ORD_102951,2026-04-06 21:37:00,128.69,DMA_134_CINCINNATI
e37b91c3-7da2-479a-a20e-c992e4fac239,USR_16341,ORD_102952,2026-04-27 09:00:00,175.86,DMA_129_SALT_LAKE_CITY
a37ade07-8790-4f69-b482-0ab7a1afba41,USR_16343,ORD_102953,2026-01-14 05:00:00,76.54,DMA_114_SAN_JOSE
bcf2fca5-a4c0-4eb2-aacf-404c2f95c16f,USR_16344,ORD_102954,2026-01-01 05:33:00,33.29,DMA_124_PORTLAND
d6738eb3-0ae6-4cfe-aa0e-1601a386fb7c,USR_16350,ORD_102955,2026-06-03 10:20:00,141.52,DMA_133_KANSAS_CITY
b4325f97-d930-4efd-8cd0-295d39fcbdc3,USR_16351,ORD_102956,2026-06-08 16:00:00,143.9,DMA_128_NASHVILLE
98b962d8-1bd9-4670-85db-7e27edefdb99,USR_16353,ORD_102957,2026-05-29 12:00:00,64.36,DMA_106_AUSTIN
197980e6-d289-45ff-a0e4-14e69145a5d3,USR_16354,ORD_102958,2026-03-21 09:00:00,68.29,DMA_144_PROVIDENCE
b72db715-ebc1-40c6-8df6-54777164b856,USR_16357,ORD_102959,2026-03-28 05:00:00,234.73,DMA_137_OKLAHOMA_CITY
26265bf6-8b84-4138-9b1b-c15e8f7a5c32,USR_16358,ORD_102960,2026-03-27 17:00:00,132.53,DMA_112_PHILADELPHIA
39fec83d-230c-458e-baf3-b118afe95d87,USR_16359,ORD_102961,2026-03-22 20:06:00,69.4,DMA_113_SAN_DIEGO
2c2fb430-dcaf-436a-9e76-25029eba9ed2,USR_16361,ORD_102962,2026-02-06 23:00:00,109.13,DMA_106_AUSTIN
353763f3-b5cb-4ff5-9255-7162741eda72,USR_16363,ORD_102963,2026-03-10 01:00:00,94.76,DMA_145_BIRMINGHAM
762961f9-5171-4e28-b651-1a0818a5fc5e,USR_16364,ORD_102964,2026-01-27 08:00:00,32.16,DMA_124_PORTLAND
0dd97eb0-d296-4cd4-9970-82b7443c04a0,USR_16365,ORD_102965,2026-03-18 23:18:00,64.3,DMA_140_LOUISVILLE
ec984db4-c002-44ac-a64a-155c9cf42ad7,USR_16366,ORD_102966,2026-03-23 00:39:00,171.51,DMA_112_PHILADELPHIA
422d58b6-c850-4d65-bc05-9c452d37307f,USR_16367,ORD_102967,2026-04-01 03:00:00,75.12,DMA_141_NEW_ORLEANS
b321c1a0-baf4-440a-ae17-a3afd90d4bdb,USR_16368,ORD_102968,2026-02-02 14:21:00,43.8,DMA_107_ATLANTA
e4227f91-c573-4a5f-bd06-ab494b7bbb8c,USR_16370,ORD_102969,2026-03-28 13:47:00,83.9,DMA_101_NEW_YORK
28d87a5f-2b4e-4d04-a2d0-45853d36617e,USR_16372,ORD_102970,2026-06-11 16:14:00,57.55,DMA_113_SAN_DIEGO
487b066e-3f9d-4c9a-8ea8-fdd2e27f2d10,USR_16379,ORD_102971,2026-02-06 03:00:00,58.88,DMA_132_SAN_ANTONIO
727e1f50-dee1-4af0-b067-e3dddb827c30,USR_16380,ORD_102972,2026-04-22 16:15:00,201.33,DMA_130_COLUMBUS
925dca42-fcea-4ced-ba85-aacfbdbe8972,USR_16381,ORD_102973,2026-06-08 19:54:00,78.53,DMA_149_TUCSON
3291c950-a1bb-4abd-b2c4-38de9aaa3afb,USR_16384,ORD_102974,2026-03-15 03:45:00,43.92,DMA_122_SACRAMENTO
beb66246-ff2f-4030-8997-2aab0994c0d8,USR_16387,ORD_102975,2026-06-17 00:00:00,193.78,DMA_123_PITTSBURGH
ea351744-837e-4c06-a345-73710179c485,USR_16391,ORD_102976,2026-05-18 20:00:00,126.76,DMA_122_SACRAMENTO
abe6987d-cd1c-4686-b5b5-44fe99993f6c,USR_16393,ORD_102977,2026-02-05 06:00:00,84.09,DMA_125_LAS_VEGAS
0730209b-e4a2-480b-aea8-745e0a47dfbe,USR_16395,ORD_102978,2026-01-31 05:00:00,87.05,DMA_146_ROCHESTER
f158d76f-753c-49d1-a322-b9fa0cb9129a,USR_16396,ORD_102979,2026-02-21 05:00:00,108.52,DMA_119_ORLANDO
c07aa90d-bf58-458c-b6c5-6f89fee5ae43,USR_16401,ORD_102980,2026-02-12 13:00:00,79.45,DMA_146_ROCHESTER
fbe59cc5-dca6-467f-aa27-0b3d260f8cfc,USR_16403,ORD_102981,2026-03-26 14:07:00,26.95,DMA_121_CLEVELAND
92a5849e-b164-4f05-99ee-c13882f29dea,USR_16407,ORD_102982,2026-05-30 18:25:00,41.46,DMA_139_RICHMOND
d3ffff55-ac7b-4cca-b1c9-7d26baac98b3,USR_16409,ORD_102983,2026-02-21 06:00:00,70.18,DMA_138_MEMPHIS
3f857adf-7fc8-4840-b7fb-b01a19658f0c,USR_16414,ORD_102984,2026-05-10 01:00:00,221.67,DMA_110_MIAMI
90b1b64a-e086-4d56-be7e-eb6924b8b6e0,USR_16415,ORD_102985,2026-03-24 16:00:00,85.6,DMA_132_SAN_ANTONIO
bf8d829e-fb27-41ad-bb87-919742816339,USR_16418,ORD_102986,2026-01-01 01:20:00,205.82,DMA_112_PHILADELPHIA
eaf99320-ad95-4db0-90f9-ff094c612541,USR_16419,ORD_102987,2026-02-04 21:35:00,32.43,DMA_121_CLEVELAND
154f4366-dadd-40a2-ac39-49673904dc1f,USR_16420,ORD_102988,2026-01-26 14:45:00,107.01,DMA_120_BALTIMORE
2a1ba3c7-60cb-4af2-874d-cb8bc91fda04,USR_16422,ORD_102989,2026-05-18 13:00:00,100.1,DMA_135_MILWAUKEE
f4744b51-874a-4880-bb0b-4f6fc7816d8d,USR_16424,ORD_102990,2026-03-09 08:00:00,111.0,DMA_134_CINCINNATI
d1a9330c-14d2-4790-8f04-fc135693fab9,USR_16425,ORD_102991,2026-02-09 14:00:00,41.44,DMA_112_PHILADELPHIA
1a8a0a05-1c06-496b-9b8f-46304e16d2c2,USR_16426,ORD_102992,2026-02-18 13:00:00,94.66,DMA_113_SAN_DIEGO
945e940e-088b-416c-a319-0d6c3dee707f,USR_16427,ORD_102993,2026-06-28 18:00:00,69.81,DMA_121_CLEVELAND
e01df653-6ff5-4324-8d4b-a225c3f19aa6,USR_16429,ORD_102994,2026-05-07 15:11:00,52.22,DMA_102_CHICAGO
5e5adb95-373e-4316-9a19-dc950bbaf073,USR_16430,ORD_102995,2026-06-15 11:48:00,74.63,DMA_114_SAN_JOSE
69772b4e-dd3f-4468-929f-691a72986380,USR_16431,ORD_102996,2026-06-12 05:00:00,93.38,DMA_136_RALEIGH
1b01ef23-3bc0-48b9-a34d-c250662958ac,USR_16432,ORD_102997,2026-02-05 11:54:00,102.76,DMA_124_PORTLAND
025be48a-9439-4296-8ae1-39b8abb3e84f,USR_16435,ORD_102998,2026-04-08 17:00:00,98.48,DMA_108_BOSTON
f12fc526-a486-448d-918c-efdd70f7f24a,USR_16437,ORD_102999,2026-04-18 00:15:00,119.37,DMA_109_DENVER
9099c620-63fb-4122-8ade-f15134d67951,USR_16439,ORD_103000,2026-04-02 14:00:00,156.87,DMA_148_ALBUQUERQUE
bdf81c68-3a25-478c-9106-ec53295907fd,USR_16440,ORD_103001,2026-04-19 14:00:00,164.87,DMA_133_KANSAS_CITY
d61d8ddb-a2d5-46f0-b3ed-ed60409b1eb6,USR_16442,ORD_103002,2026-04-24 05:10:00,81.42,DMA_106_AUSTIN
e0aa44d2-7c2b-49f3-8073-1ab6c5126a9d,USR_16443,ORD_103003,2026-05-23 20:00:00,25.96,DMA_116_DETROIT
014cc8c9-16de-49f1-9dad-947ef5274cd1,USR_16449,ORD_103004,2026-06-15 16:00:00,98.73,DMA_121_CLEVELAND
4485c923-4428-45c5-806f-ba33c1e03e26,USR_16451,ORD_103005,2026-04-07 18:00:00,37.52,DMA_114_SAN_JOSE
b69f4c70-e323-4586-b914-a4212572e965,USR_16453,ORD_103006,2026-02-07 14:00:00,103.66,DMA_127_CHARLOTTE
cf92adfd-e870-4782-8ffa-00b858c10719,USR_16454,ORD_103007,2026-06-23 23:00:00,133.79,DMA_147_GREENVILLE
c96acd01-932c-465d-86db-9855a6b01740,USR_16455,ORD_103008,2026-02-18 18:36:00,61.95,DMA_133_KANSAS_CITY
b1883c05-b169-42d3-bbad-6d61ba7daa99,USR_16459,ORD_103009,2026-04-08 10:24:00,118.72,DMA_138_MEMPHIS
c8305c73-6c29-40b2-8019-a8a105f7d38d,USR_16463,ORD_103010,2026-01-08 16:13:00,119.26,DMA_117_MINNEAPOLIS
17418d8b-35e1-4fc6-abea-6118bf2ab81a,USR_16465,ORD_103011,2026-02-20 11:00:00,67.47,DMA_101_NEW_YORK
6597ca37-c9cf-48a8-bc56-dcc08b22fe88,USR_16466,ORD_103012,2026-03-04 18:00:00,29.23,DMA_141_NEW_ORLEANS
8881926a-cc53-412d-a79a-641e8e7a3d55,USR_16467,ORD_103013,2026-03-09 09:00:00,87.97,DMA_141_NEW_ORLEANS
e325fffd-7290-4a17-afcc-9fe1b713ad7a,USR_16470,ORD_103014,2026-01-27 16:00:00,147.12,DMA_141_NEW_ORLEANS
6e9be729-14b6-449f-906d-4a23381f4daf,USR_16471,ORD_103015,2026-06-04 00:00:00,31.37,DMA_111_PHOENIX
21df3667-3dea-4f1c-a880-d088e73f08c5,USR_16474,ORD_103016,2026-04-30 04:06:00,35.36,DMA_126_ST_LOUIS
86c25f9a-7d35-424a-8d23-6443b5356b27,USR_16475,ORD_103017,2026-01-17 20:42:00,42.76,DMA_130_COLUMBUS
4b965dbd-4b28-4f8f-b868-a14512460c5e,USR_16477,ORD_103018,2026-01-03 19:06:00,61.57,DMA_143_HARTFORD
593d1228-a4fd-428f-b830-a7db2832ba83,USR_16479,ORD_103019,2026-01-05 13:39:00,117.93,DMA_108_BOSTON
51c293a5-ebb1-4202-a2ab-140e59370f3a,USR_16483,ORD_103020,2026-04-27 13:00:00,44.34,DMA_127_CHARLOTTE
9db053c8-2c06-4cfd-90fc-42379b57784f,USR_16484,ORD_103021,2026-04-17 07:13:00,60.26,DMA_141_NEW_ORLEANS
847a3dcc-7c42-46db-a735-e547e3a5229a,USR_16486,ORD_103022,2026-04-18 03:00:00,99.95,DMA_131_INDIANAPOLIS
bdc9ee4c-20a7-4942-bdda-42179d5f4a93,USR_16489,ORD_103023,2026-05-04 13:00:00,76.42,DMA_140_LOUISVILLE
dce73aed-ff72-45d1-9343-f73b01b39732,USR_16491,ORD_103024,2026-05-26 16:00:00,127.87,DMA_133_KANSAS_CITY
50e213a4-ec23-4913-8e1e-3e822031581a,USR_16493,ORD_103025,2026-06-11 18:13:00,76.75,DMA_101_NEW_YORK
898f6ab2-8418-46ac-8fe3-bb225526a296,USR_16495,ORD_103026,2026-03-10 00:00:00,270.3,DMA_126_ST_LOUIS
b6d82e2c-bff2-4396-b509-5d8aac3a0d9a,USR_16497,ORD_103027,2026-06-12 05:42:00,29.71,DMA_101_NEW_YORK
50b08e41-6b81-4669-92b5-4ae1d9bd0555,USR_16499,ORD_103028,2026-02-13 13:51:00,79.29,DMA_140_LOUISVILLE
889d5dd3-8067-423e-8582-601b5f4c39c6,USR_16500,ORD_103029,2026-02-03 14:40:00,52.09,DMA_139_RICHMOND
c2f83419-33d6-43f5-9250-51416b80b460,USR_16501,ORD_103030,2026-06-16 05:00:00,37.0,DMA_110_MIAMI
e93fb7e8-ba62-4ccc-997c-d16b6c9cd859,USR_16506,ORD_103031,2026-02-16 07:07:00,42.95,DMA_123_PITTSBURGH
4bba4543-1107-41ae-a21c-e8d7ad984657,USR_16508,ORD_103032,2026-03-20 11:00:00,122.37,DMA_100_SAN_FRANCISCO
5f555799-b4c3-4a0b-b666-898fa91b272f,USR_16509,ORD_103033,2026-06-15 09:00:00,156.92,DMA_114_SAN_JOSE
bddb353a-4790-4bd9-ada5-70ef7c0c72a3,USR_16510,ORD_103034,2026-02-16 01:08:00,54.98,DMA_133_KANSAS_CITY
25fdeb76-f923-4525-81dc-fad36e49fa0a,USR_16512,ORD_103035,2026-01-01 06:59:00,88.02,DMA_149_TUCSON
0165f364-cfd6-4408-b39c-8c71a85cde2c,USR_16513,ORD_103036,2026-05-24 01:00:00,106.53,DMA_134_CINCINNATI
2fbe22bf-af72-4f9c-b614-c65e84c3ff72,USR_16520,ORD_103037,2026-06-04 14:51:00,58.67,DMA_103_LOS_ANGELES
f23a8249-22d6-4939-bada-6b85fb222482,USR_16521,ORD_103038,2026-04-21 14:46:00,126.18,DMA_101_NEW_YORK
c8efa7be-9089-43ca-9fe2-07b87e79c2a5,USR_16523,ORD_103039,2026-03-01 04:00:00,105.37,DMA_139_RICHMOND
c38db8cf-d9dd-48d3-8357-391408c74f2a,USR_16528,ORD_103040,2026-05-28 02:34:00,45.06,DMA_107_ATLANTA
a4f747bd-3c62-4aaa-b025-b9d6904289ee,USR_16529,ORD_103041,2026-06-21 00:00:00,67.87,DMA_142_BUFFALO
b2e9f15c-3ee3-4c51-ad85-f00fc3310d07,USR_16532,ORD_103042,2026-02-14 16:00:00,176.39,DMA_149_TUCSON
c7785b72-a84d-474d-9c4d-7ca5d3996cb0,USR_16538,ORD_103043,2026-02-10 11:24:00,131.74,DMA_121_CLEVELAND
180efeab-cf81-48dd-be56-40770c8d920c,USR_16542,ORD_103044,2026-05-12 15:00:00,93.13,DMA_140_LOUISVILLE
e53666f1-9ded-4d2b-8ed8-88ec036f6f24,USR_16545,ORD_103045,2026-03-22 21:08:00,70.38,DMA_130_COLUMBUS
acd89955-c5d4-458a-9955-633b37d8248a,USR_16548,ORD_103046,2026-03-31 20:15:00,109.85,DMA_143_HARTFORD
dbe1c3ad-6971-478b-8dc2-49558e5530ff,USR_16554,ORD_103047,2026-01-06 05:44:00,45.54,DMA_136_RALEIGH
7cb15809-ddd8-4a27-bd9f-0a17b08482c3,USR_16555,ORD_103048,2026-03-27 09:13:00,52.07,DMA_107_ATLANTA
a941ff40-4b3c-471f-a11a-3dfa2efd0d5e,USR_16557,ORD_103049,2026-01-04 02:16:00,90.57,DMA_131_INDIANAPOLIS
ac0ec745-dc61-46ce-a49b-e54e8094801d,USR_16559,ORD_103050,2026-03-02 05:49:00,30.58,DMA_131_INDIANAPOLIS
8d047946-e328-4015-95d0-c257bf46a80a,USR_16562,ORD_103051,2026-04-29 17:00:00,107.78,DMA_125_LAS_VEGAS
39d0e61e-de44-4cde-b02d-11537eb72c75,USR_16565,ORD_103052,2026-02-14 07:54:00,62.03,DMA_125_LAS_VEGAS
67cfa778-dbd6-4a3b-9302-8dd4141ad529,USR_16566,ORD_103053,2026-06-29 19:00:00,40.74,DMA_108_BOSTON
e3be7fce-2f24-49d9-87f9-7633449e42ee,USR_16567,ORD_103054,2026-02-27 18:00:00,104.62,DMA_132_SAN_ANTONIO
f5be69ba-6734-4b3f-ae1b-8453fc13c36a,USR_16569,ORD_103055,2026-05-29 21:00:00,124.81,DMA_149_TUCSON
0f6d6d96-ff3d-42e6-9956-7369e760586b,USR_16570,ORD_103056,2026-04-10 06:00:00,117.88,DMA_111_PHOENIX
aa11eb1c-92cc-422b-9712-0a4440b06657,USR_16572,ORD_103057,2026-04-11 07:55:00,58.7,DMA_103_LOS_ANGELES
f14c164c-e199-4c3a-9780-2788697ba958,USR_16573,ORD_103058,2026-06-08 11:44:00,75.5,DMA_141_NEW_ORLEANS
3b5b98a1-89e1-4f15-938b-baba7b46edee,USR_16577,ORD_103059,2026-04-15 02:00:00,90.36,DMA_145_BIRMINGHAM
d58125c1-cb23-4ebd-9387-d53567535959,USR_16579,ORD_103060,2026-02-05 05:00:00,29.7,DMA_143_HARTFORD
c2e9899b-3c0d-4c03-9b37-fb2dc1673511,USR_16584,ORD_103061,2026-04-20 22:00:00,57.33,DMA_126_ST_LOUIS
8a7867cd-9c23-40c4-bcc4-1af8bbdb09ff,USR_16594,ORD_103062,2026-04-18 20:00:00,226.31,DMA_147_GREENVILLE
4ccdff19-8599-4fb3-88b0-bd3991dc16ff,USR_16595,ORD_103063,2026-04-27 07:00:00,91.1,DMA_119_ORLANDO
6f69eac1-0dd0-4dc1-95e1-d050362fadcb,USR_16600,ORD_103064,2026-03-02 06:38:00,54.6,DMA_129_SALT_LAKE_CITY
0de555f9-f148-4a74-b3ff-1fd8e6eb9df6,USR_16601,ORD_103065,2026-05-16 19:00:00,29.13,DMA_108_BOSTON
aad112dc-9dfd-47da-bc59-54a4597c3921,USR_16607,ORD_103066,2026-03-17 01:11:00,39.94,DMA_143_HARTFORD
03c93da5-f375-4683-8b2a-56d6547129b3,USR_16609,ORD_103067,2026-01-27 10:00:00,80.36,DMA_129_SALT_LAKE_CITY
45666418-fbbb-4a08-8ecf-33bed24e4d99,USR_16611,ORD_103068,2026-04-25 19:00:00,85.47,DMA_141_NEW_ORLEANS
3c2db22f-4358-4bd9-b264-93d3c73814e8,USR_16612,ORD_103069,2026-02-02 21:00:00,167.58,DMA_149_TUCSON
bf23009e-2bb0-4e3c-bab1-8cefe6d20055,USR_16613,ORD_103070,2026-01-14 05:00:00,141.02,DMA_105_SEATTLE
dcbf522e-d19e-4a64-a496-7f603499bfec,USR_16614,ORD_103071,2026-03-04 12:12:00,72.65,DMA_119_ORLANDO
594a9787-649a-41f5-b80d-32412d286f04,USR_16615,ORD_103072,2026-02-17 23:00:00,128.03,DMA_144_PROVIDENCE
195d2a30-1846-4afa-b1d0-de75b449d6b1,USR_16616,ORD_103073,2026-02-19 22:00:00,108.48,DMA_124_PORTLAND
6315070c-3b03-452f-baa0-48e2748f94d4,USR_16617,ORD_103074,2026-05-12 14:49:00,40.36,DMA_125_LAS_VEGAS
060554f1-cf39-4eb1-aae4-49e0a92f2ec9,USR_16620,ORD_103075,2026-04-17 01:00:00,166.71,DMA_105_SEATTLE
5421ab9d-9154-4116-998a-23820a2bf89f,USR_16621,ORD_103076,2026-02-20 02:00:00,61.65,DMA_106_AUSTIN
2a93ea2e-bc21-45b0-94d7-6d4953d11b7a,USR_16625,ORD_103077,2026-01-10 01:00:00,98.59,DMA_118_TAMPA
cd782395-0077-4ad3-a07f-463d67204458,USR_16626,ORD_103078,2026-04-11 05:00:00,48.7,DMA_144_PROVIDENCE
aa7f9440-2aa8-4a01-a575-f536d3058adb,USR_16627,ORD_103079,2026-06-16 03:00:00,85.37,DMA_100_SAN_FRANCISCO
d1ca03e0-6f5b-4b78-967d-4deed122a627,USR_16635,ORD_103080,2026-04-25 16:00:00,339.14,DMA_120_BALTIMORE
568d8498-73fc-4779-a298-c280e9ae1948,USR_16636,ORD_103081,2026-01-20 14:00:00,118.53,DMA_141_NEW_ORLEANS
3efcd49a-034a-4043-8e13-44aa2e6f2c01,USR_16637,ORD_103082,2026-05-23 14:11:00,138.92,DMA_140_LOUISVILLE
d75ecf9e-7553-4b45-8581-af15dcc108db,USR_16639,ORD_103083,2026-03-07 23:45:00,101.06,DMA_119_ORLANDO
364d6888-3a98-4d01-96cf-2e299bfd3c3e,USR_16641,ORD_103084,2026-03-25 16:08:00,99.39,DMA_114_SAN_JOSE
8bbbc5a1-7623-4a1d-a7e9-2b2243c8df4d,USR_16643,ORD_103085,2026-04-28 00:00:00,61.27,DMA_100_SAN_FRANCISCO
d9739e56-00ed-4458-97a9-50b8396528d1,USR_16646,ORD_103086,2026-01-06 19:42:00,58.41,DMA_129_SALT_LAKE_CITY
6f6e20f7-7d5a-45c4-a90d-daa3e52fdd3b,USR_16651,ORD_103087,2026-05-12 16:00:00,54.86,DMA_141_NEW_ORLEANS
e09ccde8-2628-4d1f-b235-e8827d967423,USR_16652,ORD_103088,2026-02-13 00:00:00,66.97,DMA_123_PITTSBURGH
2a1f3e6d-22ca-4ecb-873c-f223fbf32bc7,USR_16653,ORD_103089,2026-05-06 05:00:00,266.29,DMA_108_BOSTON
00d0d33c-3b9e-4c82-bc9d-8a1a9fa28274,USR_16656,ORD_103090,2026-06-08 09:19:00,151.52,DMA_143_HARTFORD
1544f011-c7fb-413a-9eba-83c31de5dc7e,USR_16658,ORD_103091,2026-06-26 04:00:00,144.42,DMA_136_RALEIGH
41d33582-6717-4c8b-abc1-4ce528ffab30,USR_16659,ORD_103092,2026-04-24 21:00:00,118.73,DMA_136_RALEIGH
c36d4c7b-9c07-46aa-b398-2224b4b2f468,USR_16664,ORD_103093,2026-06-29 00:00:00,138.95,DMA_117_MINNEAPOLIS
d9b0e651-3546-4fa7-bd2a-26053e283ab2,USR_16668,ORD_103094,2026-02-16 21:56:00,58.56,DMA_128_NASHVILLE
0cbf46a9-af58-44bc-bd69-607ab5dec743,USR_16670,ORD_103095,2026-05-23 06:00:00,89.23,DMA_138_MEMPHIS
30b02fe2-8d91-4e3b-99d3-7195dac4a1d4,USR_16673,ORD_103096,2026-04-17 15:00:00,105.23,DMA_128_NASHVILLE
c1f4857c-befa-49bd-9c07-cd3b340adf5d,USR_16674,ORD_103097,2026-04-04 11:47:00,69.2,DMA_127_CHARLOTTE
a0ef829e-bd8f-42b2-bd11-ea14d4ab623c,USR_16675,ORD_103098,2026-04-26 12:09:00,69.99,DMA_139_RICHMOND
0c7ef28f-92d1-4fe6-aff6-241450211650,USR_16678,ORD_103099,2026-04-04 09:00:00,129.96,DMA_122_SACRAMENTO
f5a1f657-d931-4513-822d-2eb69592536e,USR_16682,ORD_103100,2026-01-01 13:49:00,54.09,DMA_120_BALTIMORE
7a10cbb7-0ccb-49c3-a94e-eae739296046,USR_16684,ORD_103101,2026-03-30 07:37:00,90.77,DMA_100_SAN_FRANCISCO
f4170ed5-a065-4d8d-97a9-7db2197ff447,USR_16686,ORD_103102,2026-05-24 21:00:00,46.12,DMA_117_MINNEAPOLIS
f1f32893-f134-486f-b0da-1a0af58d3035,USR_16687,ORD_103103,2026-02-18 11:00:00,152.4,DMA_139_RICHMOND
79ee6872-2f8f-4973-8769-51e3410e633a,USR_16692,ORD_103104,2026-05-02 01:27:00,79.51,DMA_123_PITTSBURGH
069ca94e-e828-4826-9479-d972951652a9,USR_16693,ORD_103105,2026-02-09 17:00:00,104.56,DMA_101_NEW_YORK
19ffbe75-ae70-43e2-949d-c6c71403ba89,USR_16696,ORD_103106,2026-01-20 06:05:00,19.68,DMA_110_MIAMI
5c6ee0f1-377d-4bc3-bf19-c8c6866c56f3,USR_16697,ORD_103107,2026-05-07 06:16:00,33.71,DMA_111_PHOENIX
c0a2a4f0-3919-469e-a4b1-7a7aa137207d,USR_16704,ORD_103108,2026-04-28 06:00:00,51.58,DMA_148_ALBUQUERQUE
85dd0af2-ba01-47b6-88da-bdef220ed6d7,USR_16708,ORD_103109,2026-05-30 05:00:00,38.49,DMA_145_BIRMINGHAM
b7ac20f5-fd53-4f5c-ae93-e8416a151fe9,USR_16710,ORD_103110,2026-02-02 14:00:00,39.54,DMA_132_SAN_ANTONIO
90dee4c3-ea41-4ef5-a6cc-7b2fed9fdf6a,USR_16713,ORD_103111,2026-02-04 09:00:00,156.83,DMA_121_CLEVELAND
2301abdf-5543-4ccd-9aaa-b3292f735308,USR_16716,ORD_103112,2026-05-24 11:00:00,99.6,DMA_105_SEATTLE
a5f64a7e-7eba-4574-81b8-a6bed967de73,USR_16717,ORD_103113,2026-01-31 02:35:00,74.96,DMA_145_BIRMINGHAM
d61a3405-6ad7-4398-a113-5db9c9f9e7b3,USR_16718,ORD_103114,2026-03-10 07:00:00,181.09,DMA_145_BIRMINGHAM
8d8c5416-94c8-430e-a825-008d879418f4,USR_16720,ORD_103115,2026-02-19 12:00:00,22.57,DMA_105_SEATTLE
38cba4a0-1b31-41e7-8104-b9fb42c4d3a5,USR_16723,ORD_103116,2026-05-22 16:46:00,153.01,DMA_107_ATLANTA
997f7017-3e21-4de4-93f2-ce343ff3aeaa,USR_16725,ORD_103117,2026-06-07 03:00:00,47.72,DMA_132_SAN_ANTONIO
f87611a5-29f2-43cf-b5ab-8f3f6fffcb21,USR_16726,ORD_103118,2026-06-02 14:37:00,75.97,DMA_108_BOSTON
cfd84a5d-6eda-40f1-9b80-d0b614e3c333,USR_16727,ORD_103119,2026-05-09 06:00:00,63.63,DMA_141_NEW_ORLEANS
de75679b-2f01-4283-aabb-67a5721786e1,USR_16729,ORD_103120,2026-03-28 00:00:00,107.46,DMA_107_ATLANTA
a076c068-d3db-4722-88e6-953e1af2a1ec,USR_16730,ORD_103121,2026-06-12 02:00:00,117.77,DMA_133_KANSAS_CITY
b909c087-b892-4709-b73a-2437a3528e50,USR_16732,ORD_103122,2026-02-28 23:15:00,78.44,DMA_107_ATLANTA
b6fda0f3-2cf4-4c50-9ccd-121a6be1f62a,USR_16733,ORD_103123,2026-05-13 19:00:00,130.07,DMA_147_GREENVILLE
86bbd6b7-d905-44fc-81f3-bec1919b45e3,USR_16734,ORD_103124,2026-06-13 03:00:00,88.28,DMA_111_PHOENIX
4421bef1-c016-4182-88b9-594fde0e86d3,USR_16736,ORD_103125,2026-06-19 05:00:00,70.8,DMA_132_SAN_ANTONIO
c3b525a0-ea8a-4465-aa48-4e0a096c4115,USR_16737,ORD_103126,2026-03-01 02:34:00,26.64,DMA_112_PHILADELPHIA
174e5026-6c9d-4ef8-a275-d495566b149d,USR_16739,ORD_103127,2026-06-18 05:00:00,75.73,DMA_123_PITTSBURGH
e2bc717a-cfde-4fb5-ba6a-a2f65436a46a,USR_16741,ORD_103128,2026-04-05 22:49:00,71.9,DMA_117_MINNEAPOLIS
e22eb291-d8f3-46c3-9761-e7e310f1c323,USR_16747,ORD_103129,2026-06-24 20:00:00,78.11,DMA_114_SAN_JOSE
b59b3243-9c39-4b19-94f6-89148cafa6f6,USR_16748,ORD_103130,2026-02-11 16:11:00,34.61,DMA_108_BOSTON
f2516087-9f59-46f5-b216-e3ca9501c7ae,USR_16750,ORD_103131,2026-05-24 10:08:00,161.56,DMA_138_MEMPHIS
8fe71835-2fbb-4c27-86be-80a4d79999d9,USR_16753,ORD_103132,2026-05-09 01:35:00,124.49,DMA_108_BOSTON
13bcf1a4-8a07-45f1-9788-de93854f6fbe,USR_16755,ORD_103133,2026-03-06 20:00:00,52.91,DMA_110_MIAMI
24c188dd-b4e7-49d8-a407-e2240b81c41b,USR_16756,ORD_103134,2026-02-23 21:55:00,48.79,DMA_131_INDIANAPOLIS
75346552-37ca-45d6-88a5-5c9bb41e2c37,USR_16757,ORD_103135,2026-03-31 13:00:00,46.49,DMA_103_LOS_ANGELES
cc29b49f-d4dd-4990-b6b7-aed6040c3149,USR_16761,ORD_103136,2026-05-24 09:00:00,139.67,DMA_141_NEW_ORLEANS
25df6512-2e83-4a3e-b84b-bc2459a927df,USR_16762,ORD_103137,2026-02-05 13:00:00,41.36,DMA_149_TUCSON
22e55ef3-cbe0-42a8-8bac-4247eb5f12a8,USR_16764,ORD_103138,2026-06-13 06:00:00,80.92,DMA_141_NEW_ORLEANS
f1ab7b30-50f4-4688-bc1b-5295c97a47d0,USR_16768,ORD_103139,2026-04-04 23:00:00,132.92,DMA_105_SEATTLE
d4db2de2-0516-4944-846a-03f0e0ed5dae,USR_16770,ORD_103140,2026-06-21 07:00:00,59.78,DMA_117_MINNEAPOLIS
fb3ae865-65fe-467c-be8e-af82d90771da,USR_16771,ORD_103141,2026-02-16 14:14:00,84.7,DMA_134_CINCINNATI
7e091729-fb38-4cb1-99c3-b469bf6c0bc4,USR_16772,ORD_103142,2026-06-04 18:00:00,63.67,DMA_122_SACRAMENTO
6a1c1346-204f-4284-98f0-4569072a9974,USR_16779,ORD_103143,2026-06-08 09:28:00,173.53,DMA_100_SAN_FRANCISCO
1ac2cd31-dcd2-4f2a-9bf8-01afb6f11b2e,USR_16782,ORD_103144,2026-05-23 06:00:00,34.38,DMA_126_ST_LOUIS
370172b5-8d49-47bc-a96a-8cd2654b379d,USR_16784,ORD_103145,2026-04-04 04:56:00,45.19,DMA_126_ST_LOUIS
bc6f0299-a27d-4b5c-a7d5-d8432cf9e871,USR_16786,ORD_103146,2026-04-11 10:22:00,122.21,DMA_145_BIRMINGHAM
4b4d1da8-0e90-4ee6-98ab-68a629d06107,USR_16787,ORD_103147,2026-03-24 16:00:00,49.77,DMA_127_CHARLOTTE
7c7001ab-c3c1-4b84-aced-013bcbdef46c,USR_16791,ORD_103148,2026-02-26 23:00:00,140.44,DMA_131_INDIANAPOLIS
b0d4c610-4001-4a75-b054-f6aad8d30429,USR_16796,ORD_103149,2026-06-19 22:00:00,62.57,DMA_120_BALTIMORE
de8459fa-fae1-42ac-a5f0-882d9b4e5922,USR_16797,ORD_103150,2026-05-07 06:42:00,48.64,DMA_112_PHILADELPHIA
212c33e5-6b28-41bb-9131-baecb469db68,USR_16798,ORD_103151,2026-04-21 05:00:00,143.67,DMA_108_BOSTON
2d23fedf-8d18-4fbf-8e95-450f7ec665e2,USR_16799,ORD_103152,2026-05-11 21:00:00,133.7,DMA_125_LAS_VEGAS
c3a2424b-4672-4712-8a57-0e2685289bc6,USR_16805,ORD_103153,2026-06-02 21:22:00,41.94,DMA_149_TUCSON
5fd3e906-aca0-4cd2-b1fd-1657e800447d,USR_16807,ORD_103154,2026-04-08 10:00:00,195.01,DMA_149_TUCSON
450eed62-9752-435b-9508-1f8d42698dd8,USR_16809,ORD_103155,2026-01-29 17:37:00,52.07,DMA_147_GREENVILLE
92c36a34-4237-4ffb-bdb8-dbdb17aed887,USR_16810,ORD_103156,2026-04-26 06:00:00,48.93,DMA_108_BOSTON
a2719796-d0ee-47f1-ac04-17e527ce6f4c,USR_16811,ORD_103157,2026-05-30 02:00:00,74.12,DMA_121_CLEVELAND
6023ca4d-17ee-42c3-8b8f-01a2b5ed73e0,USR_16812,ORD_103158,2026-05-08 22:00:00,102.22,DMA_123_PITTSBURGH
5fa4e86b-4e75-4223-8c27-1af82bc0b7a7,USR_16814,ORD_103159,2026-03-05 03:33:00,58.65,DMA_104_DALLAS
9154d498-0800-4fa1-842d-8aaaf9407359,USR_16815,ORD_103160,2026-03-07 23:00:00,66.45,DMA_109_DENVER
3902346c-8c70-4242-91ca-d9bb800487bb,USR_16820,ORD_103161,2026-02-08 06:41:00,86.46,DMA_132_SAN_ANTONIO
9b45a744-ffc9-4057-86e7-435d5d83dedb,USR_16824,ORD_103162,2026-04-24 10:00:00,149.15,DMA_102_CHICAGO
5431ffe4-5344-4a43-bbb5-8033e16f6f5b,USR_16825,ORD_103163,2026-01-30 07:00:00,59.72,DMA_105_SEATTLE
0061d727-d28f-4479-bbdc-296acbba4113,USR_16827,ORD_103164,2026-05-24 07:44:00,66.38,DMA_136_RALEIGH
0ec4c0d7-c525-4172-a1e9-7fa563454ce2,USR_16830,ORD_103165,2026-04-23 14:43:00,30.67,DMA_105_SEATTLE
413a9ac4-16f4-4f29-b8ff-e0fe880088d7,USR_16831,ORD_103166,2026-05-12 11:07:00,71.49,DMA_105_SEATTLE
31691a96-0d03-4067-887d-7e75b40f3232,USR_16832,ORD_103167,2026-04-07 15:00:00,92.55,DMA_125_LAS_VEGAS
9a55988b-51fa-48c3-9874-b7fcfeef787c,USR_16841,ORD_103168,2026-05-13 19:00:00,32.65,DMA_131_INDIANAPOLIS
db142f4c-1032-4c59-a7f6-7612811bad91,USR_16842,ORD_103169,2026-04-22 09:10:00,76.21,DMA_126_ST_LOUIS
5022f504-da32-4283-8b4e-5647b850dd97,USR_16845,ORD_103170,2026-04-16 03:09:00,114.73,DMA_118_TAMPA
b115ef8c-eca5-4768-b26b-5353c91c1386,USR_16847,ORD_103171,2026-02-17 20:00:00,188.35,DMA_115_HOUSTON
a77933e7-1d54-4ca8-8ea3-e8e46a0d55a4,USR_16848,ORD_103172,2026-03-06 01:00:00,123.53,DMA_131_INDIANAPOLIS
fbd949f4-61ec-4528-b5ee-b8c865eb1504,USR_16851,ORD_103173,2026-04-01 02:18:00,81.87,DMA_142_BUFFALO
e408a606-1769-42df-a6f4-5044c71a5172,USR_16853,ORD_103174,2026-02-27 04:00:00,186.57,DMA_119_ORLANDO
0013b709-16e3-48ca-a3c1-07f37251a09b,USR_16854,ORD_103175,2026-04-06 04:56:00,43.22,DMA_107_ATLANTA
0774e29b-f456-4a1b-af7b-1804605ed534,USR_16856,ORD_103176,2026-03-19 15:20:00,67.14,DMA_130_COLUMBUS
5c5a6e52-e29e-419c-aa54-064e9dfd19df,USR_16859,ORD_103177,2026-04-20 00:00:00,99.92,DMA_145_BIRMINGHAM
b03106cf-9de1-4003-8761-2e3aaf1d9130,USR_16861,ORD_103178,2026-05-19 00:00:00,62.12,DMA_130_COLUMBUS
525047b2-8152-4bc3-b76b-a313f16b940a,USR_16863,ORD_103179,2026-02-03 23:00:00,275.46,DMA_140_LOUISVILLE
ad917161-0090-4139-baea-ec03b197cf1e,USR_16864,ORD_103180,2026-05-21 04:48:00,22.86,DMA_145_BIRMINGHAM
ca4baeca-3ae3-44c0-8dd3-4f19a94aa611,USR_16866,ORD_103181,2026-06-03 14:00:00,80.07,DMA_114_SAN_JOSE
11587bde-e8f5-4d97-a476-28876696ee3f,USR_16870,ORD_103182,2026-05-31 13:20:00,46.38,DMA_117_MINNEAPOLIS
9174a210-34bd-4408-92a0-f8a91ad5efcc,USR_16871,ORD_103183,2026-02-22 12:00:00,69.29,DMA_133_KANSAS_CITY
e1a54ae8-1da3-49be-93cd-5e150c8b9fb4,USR_16873,ORD_103184,2026-05-25 00:33:00,112.62,DMA_112_PHILADELPHIA
dd402460-7fd5-4aed-86a1-7e0b1e31b545,USR_16874,ORD_103185,2026-05-11 14:26:00,54.39,DMA_112_PHILADELPHIA
5780ea41-93f0-4ad0-91e9-74ff45b8f181,USR_16875,ORD_103186,2026-04-05 22:00:00,74.68,DMA_127_CHARLOTTE
bb3424c2-976c-4125-8143-32c5f5b39c10,USR_16881,ORD_103187,2026-01-31 10:00:00,19.98,DMA_108_BOSTON
8709fc62-4804-4866-861a-9cae6c4a85c3,USR_16883,ORD_103188,2026-02-18 06:00:00,56.75,DMA_130_COLUMBUS
942fd99b-5453-485f-940c-dcc03b6c9832,USR_16884,ORD_103189,2026-02-16 10:53:00,37.84,DMA_129_SALT_LAKE_CITY
9b16fd4c-458e-484a-bf7b-5a07d5c0d70d,USR_16887,ORD_103190,2026-01-22 16:31:00,88.96,DMA_103_LOS_ANGELES
930743de-48ac-4802-9a4c-e010ba4491a2,USR_16888,ORD_103191,2026-01-28 12:15:00,228.56,DMA_145_BIRMINGHAM
f223126d-2b14-48f5-be5b-7f22b127a70b,USR_16889,ORD_103192,2026-06-25 15:00:00,84.32,DMA_125_LAS_VEGAS
6164f58a-e1f2-484a-99ff-09fe45db5f0b,USR_16892,ORD_103193,2026-02-14 16:00:00,124.92,DMA_128_NASHVILLE
1b579c79-3502-4c44-a4f0-be2308e07506,USR_16893,ORD_103194,2026-04-11 05:00:00,68.07,DMA_126_ST_LOUIS
6a6d8278-d877-4184-860c-80a30fe87f60,USR_16897,ORD_103195,2026-03-07 00:00:00,132.71,DMA_130_COLUMBUS
ddaa2408-4995-4d79-96cd-8019182da900,USR_16898,ORD_103196,2026-05-26 04:00:00,59.7,DMA_122_SACRAMENTO
6ac40fe3-bdcd-4f0c-8818-b2f2253541f9,USR_16899,ORD_103197,2026-04-30 23:00:00,142.27,DMA_134_CINCINNATI
364281dc-c256-41a2-b3d3-535d1d939c40,USR_16900,ORD_103198,2026-02-20 20:00:00,179.09,DMA_109_DENVER
25277aad-eb50-4a5b-99ad-914b0cc5091b,USR_16901,ORD_103199,2026-04-15 07:00:00,193.41,DMA_131_INDIANAPOLIS
08ff2eb0-3bf5-4760-9e47-f11a995c4976,USR_16902,ORD_103200,2026-05-25 04:21:00,37.8,DMA_106_AUSTIN
9d508d1b-e944-4799-b21e-52749cbf3070,USR_16904,ORD_103201,2026-03-26 03:00:00,58.43,DMA_131_INDIANAPOLIS
77be1c1c-17da-4a6e-a6e7-4446026ab3bb,USR_16905,ORD_103202,2026-01-01 07:43:00,94.97,DMA_115_HOUSTON
d5f1ba1e-5ec2-442e-b1be-a91ab5363dd7,USR_16908,ORD_103203,2026-06-08 10:00:00,121.88,DMA_134_CINCINNATI
2c94aba6-58d6-49ca-8c85-6b335428c927,USR_16910,ORD_103204,2026-04-06 20:00:00,263.72,DMA_115_HOUSTON
6ffb091b-cb7f-4318-b5be-5fea3bf18cbf,USR_16913,ORD_103205,2026-04-27 12:00:00,104.39,DMA_107_ATLANTA
9a5961fe-19ec-4639-9fe5-366bd7926295,USR_16915,ORD_103206,2026-05-06 14:26:00,37.99,DMA_142_BUFFALO
739af000-33aa-4221-a0a6-83b784c1616c,USR_16916,ORD_103207,2026-01-31 19:00:00,184.5,DMA_113_SAN_DIEGO
177a823d-5c9e-4c55-8e91-81640f045856,USR_16917,ORD_103208,2026-03-20 16:00:00,148.88,DMA_121_CLEVELAND
1e6cb6c0-0725-4c9b-815a-7e7290c7ed87,USR_16925,ORD_103209,2026-02-16 16:00:00,49.94,DMA_102_CHICAGO
303c71a6-74e4-472d-b73e-790c69546773,USR_16926,ORD_103210,2026-04-30 04:13:00,47.31,DMA_114_SAN_JOSE
041e5883-c63b-43cd-97fc-4c2a0f5ff1e6,USR_16927,ORD_103211,2026-04-28 05:24:00,80.84,DMA_119_ORLANDO
07c6a983-b193-4a67-a66b-e4163240df24,USR_16933,ORD_103212,2026-03-23 11:00:00,145.35,DMA_102_CHICAGO
f210197b-dbab-4eaf-8782-d91042bb58db,USR_16936,ORD_103213,2026-03-05 02:00:00,193.46,DMA_112_PHILADELPHIA
8b812074-00b2-445f-b92e-245571e7c721,USR_16937,ORD_103214,2026-06-06 21:50:00,229.75,DMA_102_CHICAGO
42b97240-4102-458f-af9c-64000f386f71,USR_16939,ORD_103215,2026-05-30 14:00:00,151.86,DMA_126_ST_LOUIS
8f63c945-16a4-46a1-97b1-ed2ff7e1e0eb,USR_16941,ORD_103216,2026-02-03 07:00:00,109.54,DMA_134_CINCINNATI
746cb0a1-d94b-4c1a-833c-ec0026a1de48,USR_16945,ORD_103217,2026-02-14 18:00:00,122.28,DMA_137_OKLAHOMA_CITY
b4f29c3d-94ee-4a67-8b8e-babf78e9d9d8,USR_16946,ORD_103218,2026-04-10 06:00:00,101.6,DMA_147_GREENVILLE
8da05cfb-c018-4c3b-a3e0-0b39eb68e987,USR_16949,ORD_103219,2026-01-28 13:48:00,65.54,DMA_148_ALBUQUERQUE
66ae6aee-2c60-4dd4-958f-d8a02239c289,USR_16952,ORD_103220,2026-04-27 00:52:00,104.88,DMA_141_NEW_ORLEANS
e140d7bf-5898-4174-8bb0-090d7513248a,USR_16955,ORD_103221,2026-06-01 09:22:00,147.82,DMA_139_RICHMOND
6540cddf-d4e0-4efc-8637-bb3dbc562591,USR_16959,ORD_103222,2026-02-19 11:00:00,63.27,DMA_144_PROVIDENCE
9bd9e342-7a60-47fd-b111-b1ba8cff85e0,USR_16966,ORD_103223,2026-03-15 06:00:00,38.7,DMA_114_SAN_JOSE
709143e8-7f6b-4814-bd15-78beeeb5c07c,USR_16967,ORD_103224,2026-03-27 00:29:00,28.42,DMA_121_CLEVELAND
c3171ac4-91d0-4979-9dec-85178c170fd3,USR_16968,ORD_103225,2026-02-05 16:13:00,80.3,DMA_130_COLUMBUS
37c5c32a-fdf7-4fd1-919c-420dcc43fde5,USR_16971,ORD_103226,2026-02-21 21:00:00,53.07,DMA_145_BIRMINGHAM
3248812e-f680-4207-b59f-1baf62a67174,USR_16974,ORD_103227,2026-02-13 08:54:00,107.87,DMA_131_INDIANAPOLIS
3f429720-9b8e-488d-acba-d3f49f250b0c,USR_16975,ORD_103228,2026-03-22 07:41:00,100.53,DMA_100_SAN_FRANCISCO
e489605d-7a5d-4da4-a9e9-d89fa267cad5,USR_16978,ORD_103229,2026-04-20 09:39:00,70.74,DMA_120_BALTIMORE
e4179b24-cebb-4753-b325-d877c03c3078,USR_16980,ORD_103230,2026-04-16 13:00:00,25.54,DMA_137_OKLAHOMA_CITY
9f518858-52f8-4553-aa63-353a4780b867,USR_16982,ORD_103231,2026-03-26 01:00:00,86.41,DMA_140_LOUISVILLE
76824202-0870-4b0a-b47e-0f3faadedfbf,USR_16984,ORD_103232,2026-04-27 05:00:00,82.01,DMA_103_LOS_ANGELES
0e2cade7-8a07-4f79-9d0e-6554fe3d0b87,USR_16985,ORD_103233,2026-05-23 14:00:00,101.93,DMA_122_SACRAMENTO
5be8e09f-760c-4b7d-9a1a-7bf628d8af7f,USR_16987,ORD_103234,2026-05-09 05:00:00,77.98,DMA_146_ROCHESTER
5ec2bef7-3fde-4c1e-b7c9-083cf16637a0,USR_16988,ORD_103235,2026-01-30 11:00:00,217.74,DMA_139_RICHMOND
423828fa-c1b2-4274-ae2e-21939b0a165a,USR_16989,ORD_103236,2026-06-05 04:00:00,145.08,DMA_145_BIRMINGHAM
15535106-863a-484e-9392-d742fa8e94ec,USR_16996,ORD_103237,2026-04-26 06:06:00,55.73,DMA_144_PROVIDENCE
370faa4c-4a41-4977-8161-0a865095295e,USR_16997,ORD_103238,2026-01-21 08:00:00,26.4,DMA_116_DETROIT
ee8eebc6-3470-4e9e-8dcb-7a5f83db11b5,USR_17002,ORD_103239,2026-05-17 07:00:00,110.0,DMA_122_SACRAMENTO
ba1d6f2f-a0be-4a94-a1ca-62080c247fd8,USR_17003,ORD_103240,2026-05-05 13:00:00,119.34,DMA_147_GREENVILLE
d7663790-1058-4b1a-a5be-f9bc1a43bd5e,USR_17005,ORD_103241,2026-01-13 05:57:00,72.36,DMA_140_LOUISVILLE
4b6076ea-3e13-4ce3-9e5b-ca5478010f92,USR_17006,ORD_103242,2026-01-31 15:00:00,216.38,DMA_144_PROVIDENCE
99f0e01b-bd9d-4418-8ec3-cfb5c3846dc8,USR_17009,ORD_103243,2026-03-22 20:00:00,86.61,DMA_136_RALEIGH
2b6ba03d-dc20-4187-805d-2e5a784bb6c7,USR_17015,ORD_103244,2026-06-12 04:00:00,68.5,DMA_127_CHARLOTTE
c5a08756-37e2-4aa2-ab77-c28cb39750ab,USR_17017,ORD_103245,2026-06-15 19:00:00,212.79,DMA_124_PORTLAND
e45b04ce-c72a-4301-bf56-7b4b4ab9aee6,USR_17018,ORD_103246,2026-03-15 10:10:00,33.49,DMA_144_PROVIDENCE
5219a7e0-673f-436f-8f6f-121999ff48ac,USR_17021,ORD_103247,2026-05-27 09:00:00,180.25,DMA_116_DETROIT
2e4b5d8e-fb32-4006-944c-1f720b3facd9,USR_17023,ORD_103248,2026-05-09 20:00:00,81.22,DMA_147_GREENVILLE
186e264c-baad-474b-a46e-774df7efcdf9,USR_17024,ORD_103249,2026-03-20 03:00:00,133.42,DMA_109_DENVER
c2199b5c-4807-4e44-9442-7ec9fee1b06f,USR_17025,ORD_103250,2026-04-07 21:17:00,168.71,DMA_106_AUSTIN
16d06626-ce27-4ffe-8143-6c24eeaf07d3,USR_17026,ORD_103251,2026-04-06 04:00:00,107.7,DMA_118_TAMPA
eed1ad2d-8162-4366-9e4b-71f68a006aac,USR_17030,ORD_103252,2026-03-14 16:00:00,131.78,DMA_134_CINCINNATI
2b52bb74-269c-4941-ab4f-aa65198b31a8,USR_17032,ORD_103253,2026-03-13 18:38:00,55.58,DMA_106_AUSTIN
e41adf89-d5a1-493c-a8f1-080ee78087bf,USR_17033,ORD_103254,2026-02-04 13:00:00,303.4,DMA_130_COLUMBUS
7f80f84a-b2e5-4048-a112-c309075a237f,USR_17036,ORD_103255,2026-05-22 00:42:00,30.08,DMA_149_TUCSON
0a8e63b9-c208-4bdc-b49e-4b56d83946e8,USR_17037,ORD_103256,2026-03-19 19:00:00,198.67,DMA_124_PORTLAND
37bb89fb-51e2-40d1-a39a-7e05136a6ef2,USR_17039,ORD_103257,2026-02-03 23:00:00,191.28,DMA_111_PHOENIX
afd0d596-6d91-4446-a6cb-163d03324d89,USR_17040,ORD_103258,2026-02-14 17:00:00,183.58,DMA_133_KANSAS_CITY
6a628bb2-c8ee-449f-ac16-dfc8c40e8817,USR_17041,ORD_103259,2026-03-26 22:00:00,121.27,DMA_145_BIRMINGHAM
3c4abe12-0435-4b30-a634-3d16f4d5d488,USR_17042,ORD_103260,2026-01-20 17:00:00,131.77,DMA_128_NASHVILLE
44f223b8-d46c-4cfc-94d2-8be603b4425e,USR_17044,ORD_103261,2026-03-02 21:13:00,64.35,DMA_107_ATLANTA
59adaa98-bebc-4e68-8481-a88de50c55dd,USR_17045,ORD_103262,2026-05-20 16:54:00,32.03,DMA_122_SACRAMENTO
b0641ca8-69ac-42c6-a238-a0cae876b442,USR_17055,ORD_103263,2026-01-28 22:59:00,84.97,DMA_142_BUFFALO
1a14e76a-7e65-4ac9-be94-62a284245046,USR_17060,ORD_103264,2026-04-06 16:44:00,76.23,DMA_137_OKLAHOMA_CITY
ee0aedea-65ff-49de-b4ad-1f2ebbed7c08,USR_17062,ORD_103265,2026-03-21 03:00:00,189.74,DMA_126_ST_LOUIS
a965acbf-a957-4611-9fed-a8c53872070e,USR_17063,ORD_103266,2026-02-23 10:49:00,149.73,DMA_115_HOUSTON
5a36b7f0-b0d4-4d7b-b8d0-e91ca4184734,USR_17064,ORD_103267,2026-04-17 21:00:00,51.16,DMA_116_DETROIT
d629ca70-4a77-4235-87d8-fc2e893d643a,USR_17065,ORD_103268,2026-04-13 14:00:00,108.3,DMA_132_SAN_ANTONIO
dccfd397-ccba-43d1-8726-7eb8b5115e6d,USR_17067,ORD_103269,2026-04-23 23:00:00,137.54,DMA_142_BUFFALO
f458fb9c-9b44-4b46-a1bd-f32e5d9dddf8,USR_17068,ORD_103270,2026-04-30 04:00:00,88.99,DMA_142_BUFFALO
ea66f016-4db4-41b4-9aed-bc5b8d5369c7,USR_17069,ORD_103271,2026-03-23 23:00:00,211.05,DMA_129_SALT_LAKE_CITY
fbee1ec1-281b-48c7-b102-00b207ea7c78,USR_17073,ORD_103272,2026-04-08 19:00:00,128.42,DMA_102_CHICAGO
e841df0e-564a-4542-9166-9118d6c334bc,USR_17074,ORD_103273,2026-03-22 22:42:00,40.21,DMA_143_HARTFORD
a8f8ada3-9c79-4798-96ae-94501da1d4fd,USR_17077,ORD_103274,2026-04-27 18:11:00,56.6,DMA_104_DALLAS
618b8bbc-8ea7-44f1-a24b-3d2b44f1d1b8,USR_17079,ORD_103275,2026-06-13 23:00:00,276.29,DMA_109_DENVER
f14978b8-150f-4692-9ee4-93b2428e9900,USR_17080,ORD_103276,2026-05-27 14:00:00,57.25,DMA_119_ORLANDO
f14512fa-b3ad-47c6-a42f-1ba3e951eab5,USR_17081,ORD_103277,2026-02-14 06:00:00,82.25,DMA_118_TAMPA
3dbe370e-6f1f-40e3-85eb-bf8449d8bac9,USR_17084,ORD_103278,2026-05-29 07:00:00,60.47,DMA_114_SAN_JOSE
043c3178-49e7-4eba-8d3d-2516632823d8,USR_17085,ORD_103279,2026-06-11 20:00:00,107.51,DMA_147_GREENVILLE
11791e86-072e-4500-825f-b9003cc421f0,USR_17086,ORD_103280,2026-06-01 07:00:00,97.64,DMA_140_LOUISVILLE
6409dca8-3b3e-4a30-b8c4-fe7db7954460,USR_17087,ORD_103281,2026-02-20 09:00:00,119.44,DMA_106_AUSTIN
ab033cbd-9110-4085-9020-ae87072ac359,USR_17088,ORD_103282,2026-05-07 03:22:00,125.96,DMA_116_DETROIT
6d39e673-ddcf-4e3b-9ae4-18ce05a70e7f,USR_17090,ORD_103283,2026-04-21 02:24:00,322.09,DMA_131_INDIANAPOLIS
fd1d7c3f-3eaa-4ed8-9a90-5aa41502ade1,USR_17093,ORD_103284,2026-02-01 03:00:00,174.75,DMA_119_ORLANDO
59d49f6f-7130-4d20-acad-3d433a8bef1a,USR_17094,ORD_103285,2026-01-08 04:00:00,85.94,DMA_137_OKLAHOMA_CITY
63776f32-c3d2-47ae-9431-0853fe452fce,USR_17095,ORD_103286,2026-06-14 19:00:00,94.89,DMA_116_DETROIT
3914a088-eb01-4ee2-b674-daa0557c5c52,USR_17096,ORD_103287,2026-02-07 03:24:00,62.04,DMA_137_OKLAHOMA_CITY
f8161be0-7ebd-47c1-b720-bf4ec4ac43b4,USR_17097,ORD_103288,2026-04-15 19:00:00,227.05,DMA_129_SALT_LAKE_CITY
e75807ce-1e63-4b23-b8f0-4988574f4083,USR_17098,ORD_103289,2026-05-31 07:00:00,100.03,DMA_113_SAN_DIEGO
7db75b85-11a6-4eb0-8438-3f3a550d9f05,USR_17102,ORD_103290,2026-01-20 19:00:00,179.56,DMA_139_RICHMOND
538b7a0f-717c-47bf-9efd-59e03cc8621f,USR_17104,ORD_103291,2026-05-06 15:54:00,100.83,DMA_110_MIAMI
7328eda7-4637-4e12-86cb-63ab78dd6556,USR_17105,ORD_103292,2026-02-07 10:00:00,77.14,DMA_122_SACRAMENTO
61af5f7a-8eaa-433c-91ba-251c066ed513,USR_17106,ORD_103293,2026-06-02 04:00:00,152.51,DMA_102_CHICAGO
3d7f5c9f-a055-4f95-9d65-dcb01b7b615a,USR_17107,ORD_103294,2026-02-08 06:00:00,35.64,DMA_140_LOUISVILLE
6e3c6d8d-08a5-4d80-a0c8-3725260b31b0,USR_17111,ORD_103295,2026-06-13 00:00:00,83.94,DMA_107_ATLANTA
b20eb8fd-6040-41db-a952-6544c9f4ceef,USR_17112,ORD_103296,2026-04-01 21:57:00,74.22,DMA_125_LAS_VEGAS
2260a169-589f-4349-90be-0fba9d578162,USR_17113,ORD_103297,2026-03-27 11:16:00,40.92,DMA_129_SALT_LAKE_CITY
8782b545-1478-41d3-b134-9a5f53188744,USR_17114,ORD_103298,2026-03-05 20:52:00,72.25,DMA_139_RICHMOND
51690961-cc6b-4bfc-9a19-f56a70c555ca,USR_17115,ORD_103299,2026-05-21 23:00:00,139.84,DMA_111_PHOENIX
519edda7-bbd7-4b86-bbe2-cf83ad5354e7,USR_17118,ORD_103300,2026-02-01 11:00:00,35.78,DMA_141_NEW_ORLEANS
e88c87b8-2b7e-481f-ab51-077cd6c58891,USR_17119,ORD_103301,2026-02-28 08:00:00,78.74,DMA_134_CINCINNATI
11369493-5927-4d51-be99-fee2bd286e8d,USR_17121,ORD_103302,2026-02-15 11:00:00,106.61,DMA_138_MEMPHIS
b3097081-7138-4115-ad1e-9b5fa42ef7b9,USR_17122,ORD_103303,2026-04-05 10:00:00,136.74,DMA_112_PHILADELPHIA
75f9e7f6-5815-483e-80e3-86269f982ea4,USR_17123,ORD_103304,2026-05-22 07:00:00,241.71,DMA_103_LOS_ANGELES
5049881a-f499-4bdb-ad1d-e1d1bde41e25,USR_17126,ORD_103305,2026-01-22 15:10:00,65.91,DMA_145_BIRMINGHAM
855ec526-4981-469d-b9b7-25e4f5a742c7,USR_17127,ORD_103306,2026-03-18 18:22:00,58.13,DMA_137_OKLAHOMA_CITY
0bd48b4e-5f5c-4597-adb0-468a2d147fa6,USR_17129,ORD_103307,2026-05-24 20:00:00,40.01,DMA_115_HOUSTON
c1c136bc-09ac-4f29-b9c3-5c765b892429,USR_17131,ORD_103308,2026-02-02 12:28:00,57.39,DMA_108_BOSTON
11645e47-e947-4a0c-bfef-97435948c7f5,USR_17132,ORD_103309,2026-01-21 02:23:00,82.99,DMA_130_COLUMBUS
4eb4eb1f-3b4d-4246-9efa-10f64e9bca40,USR_17133,ORD_103310,2026-05-12 15:18:00,45.82,DMA_105_SEATTLE
572d520f-82b8-467e-ad84-f8968af322cc,USR_17134,ORD_103311,2026-05-07 14:34:00,13.86,DMA_118_TAMPA
58a300eb-384b-4bd7-8aee-9b8c4ae3b4a2,USR_17140,ORD_103312,2026-04-22 11:00:00,144.93,DMA_115_HOUSTON
30ce9f7c-063f-4423-b1e4-ee4d414efc53,USR_17144,ORD_103313,2026-01-16 18:00:00,63.88,DMA_144_PROVIDENCE
fba4f737-29ba-4590-ae60-c66927fe4472,USR_17145,ORD_103314,2026-04-22 07:24:00,26.38,DMA_133_KANSAS_CITY
0711134d-5a10-423c-b411-8eae82637989,USR_17147,ORD_103315,2026-05-09 09:57:00,60.37,DMA_137_OKLAHOMA_CITY
ebd4b9d8-904e-4d12-81e4-6e1d5a76d647,USR_17150,ORD_103316,2026-03-16 17:27:00,73.14,DMA_149_TUCSON
3ca711fa-90ac-4a13-ae3c-181ce16fdbcf,USR_17152,ORD_103317,2026-06-28 15:00:00,106.7,DMA_139_RICHMOND
807bfe1e-60d8-40d5-8d0c-8a72cdba62ad,USR_17153,ORD_103318,2026-03-03 21:00:00,77.3,DMA_124_PORTLAND
06dc3f83-f3ad-474c-a156-b9785c6e547f,USR_17154,ORD_103319,2026-05-02 23:00:00,70.87,DMA_142_BUFFALO
65d42d51-24f4-48da-bdb5-6c04641884dd,USR_17156,ORD_103320,2026-05-12 18:00:00,45.83,DMA_139_RICHMOND
cf2a79af-1186-4ff8-8084-3be77a3d0b5b,USR_17159,ORD_103321,2026-02-05 15:32:00,75.82,DMA_108_BOSTON
55e11f82-2967-4336-a8a5-a251acdeadf3,USR_17160,ORD_103322,2026-03-14 03:00:00,78.49,DMA_141_NEW_ORLEANS
e68cd2ec-48bd-4977-9899-b129f6a301fd,USR_17161,ORD_103323,2026-05-11 14:05:00,93.09,DMA_140_LOUISVILLE
5ba8b931-0992-414a-8703-e84d1c53f021,USR_17163,ORD_103324,2026-01-27 19:59:00,30.8,DMA_124_PORTLAND
4bc92b2d-51d5-43a2-a5d1-3b4ec5801a4d,USR_17164,ORD_103325,2026-05-29 15:52:00,71.4,DMA_127_CHARLOTTE
8147c4c6-cffb-4310-bdfb-94da6a3e5aa4,USR_17167,ORD_103326,2026-06-13 11:00:00,103.31,DMA_116_DETROIT
66e2e7f1-37f3-4cd1-8935-d503eb95cce6,USR_17169,ORD_103327,2026-02-07 08:00:00,147.01,DMA_137_OKLAHOMA_CITY
08eb0b6b-bb59-4add-a970-dd45de092d99,USR_17170,ORD_103328,2026-03-19 11:00:00,52.04,DMA_119_ORLANDO
6a849943-8223-41dd-a34f-473fdf784d77,USR_17172,ORD_103329,2026-04-06 10:00:00,140.03,DMA_112_PHILADELPHIA
9ace33e6-3d9e-445e-9c5e-eb8a28c60e06,USR_17173,ORD_103330,2026-02-26 02:00:00,61.41,DMA_132_SAN_ANTONIO
09c51708-4b91-4c1e-aeb3-cd42b0c62548,USR_17178,ORD_103331,2026-06-22 20:00:00,73.71,DMA_105_SEATTLE
e5fb7d85-efd7-4315-b1f6-c80049926f1e,USR_17182,ORD_103332,2026-04-26 21:00:00,40.21,DMA_127_CHARLOTTE
6874cecb-2c2c-4d43-bb9b-77fa7d840c28,USR_17184,ORD_103333,2026-04-08 00:40:00,62.5,DMA_123_PITTSBURGH
76b0f2df-304b-4200-85fc-0cbd4e2fefd0,USR_17185,ORD_103334,2026-01-06 14:44:00,65.87,DMA_101_NEW_YORK
f5690585-b3d4-4bca-87ce-9d6dca5b4bb6,USR_17189,ORD_103335,2026-06-08 14:00:00,142.49,DMA_112_PHILADELPHIA
b281e4cf-dbcd-4ab1-9cf9-36e8d1647e23,USR_17190,ORD_103336,2026-02-18 19:00:00,171.41,DMA_106_AUSTIN
08a73f6b-7d22-4e71-a241-ea5b04bd4b09,USR_17192,ORD_103337,2026-01-22 21:20:00,111.0,DMA_138_MEMPHIS
4e9d6636-4fba-4f29-84a4-4c93b6761efa,USR_17193,ORD_103338,2026-02-16 07:00:00,83.42,DMA_147_GREENVILLE
e07f8868-407c-46e0-acd9-52fa3a854f56,USR_17196,ORD_103339,2026-04-09 22:11:00,73.64,DMA_133_KANSAS_CITY
575d3aab-8c7d-484e-b601-479f16ee99de,USR_17197,ORD_103340,2026-02-05 03:00:00,451.59,DMA_134_CINCINNATI
f2aaad7e-a486-4ba2-9147-b1405cf61c80,USR_17198,ORD_103341,2026-03-27 11:32:00,46.27,DMA_130_COLUMBUS
89febfe3-7389-44aa-8ad7-6bcdf08d40c7,USR_17199,ORD_103342,2026-02-05 10:59:00,62.1,DMA_133_KANSAS_CITY
f3281a62-ab74-4729-9b4b-0ab17879ccb9,USR_17200,ORD_103343,2026-02-21 13:00:00,119.22,DMA_116_DETROIT
32787c48-3937-4dd4-80e5-a577966ff16f,USR_17201,ORD_103344,2026-03-29 00:00:00,79.16,DMA_113_SAN_DIEGO
67f6021e-12c2-4553-a585-b474b932d274,USR_17205,ORD_103345,2026-01-08 23:00:00,92.61,DMA_116_DETROIT
676d11a4-ed6a-40a1-ae15-00822a5e7091,USR_17207,ORD_103346,2026-06-05 08:00:00,136.57,DMA_116_DETROIT
3db9e5db-25c2-4017-b788-b5d3ba8a3b67,USR_17208,ORD_103347,2026-04-04 21:20:00,33.34,DMA_120_BALTIMORE
8411d677-2653-47b4-879a-f37675bc7e90,USR_17218,ORD_103348,2026-04-28 08:00:00,84.19,DMA_143_HARTFORD
79f5a070-cab6-45b9-81b5-f91af204721e,USR_17220,ORD_103349,2026-05-22 05:00:00,55.88,DMA_112_PHILADELPHIA
9b301259-651f-4dad-b458-ab7f8aa18980,USR_17223,ORD_103350,2026-02-13 14:00:00,16.55,DMA_145_BIRMINGHAM
91f0d467-5d38-48df-b1cb-4844d58dc5a5,USR_17224,ORD_103351,2026-02-27 13:06:00,59.77,DMA_129_SALT_LAKE_CITY
6809105f-16f2-443b-974d-7d874f92dda5,USR_17226,ORD_103352,2026-05-24 07:44:00,75.31,DMA_122_SACRAMENTO
faae5890-87dd-4db0-8eb9-7240d538900a,USR_17227,ORD_103353,2026-04-06 09:00:00,31.6,DMA_139_RICHMOND
b7b731f7-ccda-4376-a8a8-e25be22a690d,USR_17230,ORD_103354,2026-04-01 22:00:00,59.49,DMA_141_NEW_ORLEANS
079b6584-3ec8-40d5-8cc6-40ab34c1d249,USR_17231,ORD_103355,2026-06-09 13:45:00,31.78,DMA_105_SEATTLE
9fc07d5b-052d-400b-a76b-ddf3763f1005,USR_17233,ORD_103356,2026-01-18 20:46:00,118.61,DMA_125_LAS_VEGAS
31dbf05e-87bb-466d-abbc-ed0ba4cc98d9,USR_17234,ORD_103357,2026-05-20 07:41:00,39.82,DMA_106_AUSTIN
e95e93a0-0147-41c7-a9a8-142727ddf583,USR_17236,ORD_103358,2026-01-05 16:58:00,93.15,DMA_118_TAMPA
f303ab9e-8111-4daf-92af-c7e3944e958a,USR_17237,ORD_103359,2026-05-22 03:00:00,52.56,DMA_111_PHOENIX
92cb22d5-09ad-483b-ae08-cde4e77d6616,USR_17240,ORD_103360,2026-06-22 21:00:00,126.98,DMA_109_DENVER
869ae0fc-2245-4008-a1aa-19f20462f859,USR_17243,ORD_103361,2026-03-01 12:00:00,308.8,DMA_140_LOUISVILLE
09b1118b-0203-406a-abac-379ffa20d844,USR_17244,ORD_103362,2026-03-10 09:41:00,144.23,DMA_120_BALTIMORE
946d9a70-f67a-4f46-93d3-27a70eaae513,USR_17245,ORD_103363,2026-02-06 02:00:00,47.49,DMA_121_CLEVELAND
1127eaf6-0581-4637-bbeb-54efffe1950c,USR_17249,ORD_103364,2026-05-06 04:00:00,32.78,DMA_126_ST_LOUIS
c7f74b02-d743-4cee-903f-311871b5e69f,USR_17250,ORD_103365,2026-01-22 07:00:00,103.54,DMA_132_SAN_ANTONIO
a74358c3-4b3b-407c-ad3a-671c62f9465c,USR_17252,ORD_103366,2026-05-16 16:32:00,138.01,DMA_104_DALLAS
ccfd1c47-0294-4bf4-9976-e0e59a0b620e,USR_17253,ORD_103367,2026-05-18 11:00:00,136.78,DMA_141_NEW_ORLEANS
f07f976a-181a-4640-88ed-b98e26cb5b03,USR_17255,ORD_103368,2026-04-29 17:00:00,73.07,DMA_139_RICHMOND
16ffbd3c-d10a-4f30-83f6-4d88aa0ff43a,USR_17259,ORD_103369,2026-03-12 05:45:00,35.47,DMA_138_MEMPHIS
8180ca80-b8d0-46c9-91a5-0585b7a85baf,USR_17260,ORD_103370,2026-02-09 16:49:00,36.06,DMA_139_RICHMOND
72c573c1-28af-4f8f-b0a8-0b5fcef24e47,USR_17263,ORD_103371,2026-03-03 17:00:00,139.76,DMA_123_PITTSBURGH
f65ed521-048f-43fe-8b62-3e0d3ca1a703,USR_17264,ORD_103372,2026-04-17 04:00:00,205.8,DMA_100_SAN_FRANCISCO
765b139e-6a20-42ea-89c7-eba30fd41ab6,USR_17265,ORD_103373,2026-04-02 10:56:00,97.46,DMA_113_SAN_DIEGO
4e93fdcb-0b76-44c0-b22f-6615739a15bd,USR_17267,ORD_103374,2026-04-27 16:46:00,83.43,DMA_135_MILWAUKEE
e98d832f-aae1-4373-b635-14e86cd5c7d8,USR_17268,ORD_103375,2026-04-09 17:00:00,96.69,DMA_141_NEW_ORLEANS
8af3a227-ec7e-4bb8-985a-8c0cbf7535ff,USR_17270,ORD_103376,2026-02-02 16:54:00,46.32,DMA_142_BUFFALO
cb84bd9c-bf41-47c2-9a74-8ee0c5163ca3,USR_17275,ORD_103377,2026-02-20 19:34:00,113.42,DMA_116_DETROIT
0812948a-09d9-4e07-a698-e3253cdc0c78,USR_17281,ORD_103378,2026-01-11 02:34:00,56.73,DMA_118_TAMPA
459a5582-0392-43a4-a3a8-7c3a5102abaa,USR_17285,ORD_103379,2026-06-13 07:00:00,135.5,DMA_128_NASHVILLE
851096fc-523d-4428-a654-1d4fa7297635,USR_17288,ORD_103380,2026-05-09 15:40:00,67.16,DMA_121_CLEVELAND
ee095ede-fb64-40f1-a078-01961d4b3ac6,USR_17296,ORD_103381,2026-04-20 19:14:00,58.1,DMA_111_PHOENIX
54525f6a-aa4d-4c12-b1ce-608ace050adc,USR_17297,ORD_103382,2026-03-09 07:00:00,176.01,DMA_113_SAN_DIEGO
cfebe72b-96d2-4832-9598-f91dc372a591,USR_17299,ORD_103383,2026-06-04 09:00:00,62.39,DMA_118_TAMPA
e2434dc0-b712-4b41-a71f-3ab2fefb3643,USR_17300,ORD_103384,2026-04-18 11:08:00,99.3,DMA_126_ST_LOUIS
c07d54f6-11be-4e61-aa44-5ce64496e0fd,USR_17302,ORD_103385,2026-04-11 06:49:00,44.17,DMA_124_PORTLAND
c4ac825b-a55d-4165-b030-f0fe1101cdad,USR_17303,ORD_103386,2026-04-18 21:00:00,157.86,DMA_105_SEATTLE
d51d9db2-30c8-4ee9-967e-a49cc22f6ee1,USR_17304,ORD_103387,2026-05-16 19:36:00,106.68,DMA_128_NASHVILLE
bd53733d-8680-4205-8430-1ec3a579ad59,USR_17305,ORD_103388,2026-01-31 20:29:00,46.71,DMA_126_ST_LOUIS
aa661ee3-421c-4e1b-b69b-074f7f5cd72d,USR_17310,ORD_103389,2026-04-10 00:11:00,83.26,DMA_111_PHOENIX
6933d273-3cea-42cb-a416-445c84dbc830,USR_17314,ORD_103390,2026-03-11 01:00:00,76.07,DMA_125_LAS_VEGAS
3a2afd21-6772-4b6e-901f-332c0850c47e,USR_17315,ORD_103391,2026-02-23 16:40:00,93.27,DMA_142_BUFFALO
9c434168-689d-4d9a-bb9f-0203aff65432,USR_17318,ORD_103392,2026-05-17 10:00:00,170.85,DMA_142_BUFFALO
d4f01feb-f19b-483d-98d0-2ec5c46845c2,USR_17319,ORD_103393,2026-03-23 05:00:00,106.01,DMA_126_ST_LOUIS
660e7ac6-7312-49f3-a061-42387b488c86,USR_17321,ORD_103394,2026-01-14 03:55:00,79.13,DMA_142_BUFFALO
ca272f76-687e-4e93-8162-d5b046d18d70,USR_17322,ORD_103395,2026-06-01 10:00:00,45.06,DMA_134_CINCINNATI
f860e275-e59a-4907-b79a-a6ac031f9a50,USR_17326,ORD_103396,2026-06-06 00:00:00,230.56,DMA_144_PROVIDENCE
124e4c0b-f8a9-46ce-a43b-157599e81be5,USR_17328,ORD_103397,2026-02-12 21:00:00,146.06,DMA_135_MILWAUKEE
637dc315-9e01-44c9-bb86-e7fe1a6d6bb0,USR_17329,ORD_103398,2026-01-31 14:00:00,78.49,DMA_103_LOS_ANGELES
1d0aafd6-c362-43f9-a0dc-791ee9823cf7,USR_17330,ORD_103399,2026-04-15 09:00:00,60.37,DMA_125_LAS_VEGAS
6f5b5b0c-3ce5-4a04-a3fd-8b2edd1dd959,USR_17331,ORD_103400,2026-04-04 22:46:00,113.59,DMA_149_TUCSON
56bc9cdb-8a29-432b-a3a7-919039104554,USR_17333,ORD_103401,2026-05-10 18:18:00,28.37,DMA_137_OKLAHOMA_CITY
4ca1ad30-a796-46de-b3d9-9af998f82b34,USR_17334,ORD_103402,2026-01-11 19:40:00,81.11,DMA_111_PHOENIX
e3a02e39-7d90-4016-9f3a-131944d2a42d,USR_17335,ORD_103403,2026-06-02 07:32:00,63.78,DMA_136_RALEIGH
8cf5fb32-676b-4f6a-8d0c-f848fd199b22,USR_17336,ORD_103404,2026-04-03 08:00:00,236.55,DMA_148_ALBUQUERQUE
6c89ff60-c073-4f39-9675-cb662055989d,USR_17337,ORD_103405,2026-02-21 01:00:00,130.43,DMA_133_KANSAS_CITY
cd0ab5d4-cabb-4a00-8bee-013d7578bb8d,USR_17338,ORD_103406,2026-06-12 02:00:00,110.82,DMA_149_TUCSON
c26c16b3-5723-4068-b841-d71554b0b1e9,USR_17339,ORD_103407,2026-03-22 16:00:00,226.43,DMA_135_MILWAUKEE
28ab8541-8c6e-4368-bb1c-30e4b4e1729d,USR_17341,ORD_103408,2026-03-18 15:00:00,210.29,DMA_126_ST_LOUIS
d61ecb50-74ba-4e6a-9fdc-24f90638baa1,USR_17344,ORD_103409,2026-02-05 16:00:00,51.24,DMA_104_DALLAS
6bdc5d70-5f35-4e7a-8ac1-634be1a073b4,USR_17345,ORD_103410,2026-04-13 17:52:00,105.96,DMA_123_PITTSBURGH
f3911706-25b8-48fe-84b3-6de9d8bd4cd6,USR_17346,ORD_103411,2026-02-19 19:00:00,78.36,DMA_148_ALBUQUERQUE
80688ab5-0f43-470c-9650-1cd43d25eb7b,USR_17348,ORD_103412,2026-02-11 16:00:00,87.55,DMA_111_PHOENIX
0db0c6ba-4544-4279-8c8f-86f213e259a7,USR_17350,ORD_103413,2026-01-06 19:55:00,87.24,DMA_108_BOSTON
1f7fb731-3aa6-4dae-80c8-36f01ac2f07f,USR_17352,ORD_103414,2026-01-28 13:00:00,97.3,DMA_113_SAN_DIEGO
ae89929c-2d9f-4e2a-b2b8-e02a1e2a7b40,USR_17353,ORD_103415,2026-05-02 08:00:00,186.4,DMA_137_OKLAHOMA_CITY
28332d9e-bb09-4558-81fe-828849cfdaa9,USR_17355,ORD_103416,2026-01-29 03:00:00,123.93,DMA_113_SAN_DIEGO
e9208f59-d669-4331-8129-24ef6c731b41,USR_17359,ORD_103417,2026-01-30 17:31:00,42.52,DMA_106_AUSTIN
c0b47e1d-c6e5-4d96-a9d4-154172f7ee5a,USR_17360,ORD_103418,2026-06-08 23:00:00,70.24,DMA_100_SAN_FRANCISCO
30777920-7f92-4e0b-b34d-3e97187cb631,USR_17362,ORD_103419,2026-05-10 11:30:00,46.96,DMA_136_RALEIGH
b825a418-696e-4037-8f4c-00eb06bb219e,USR_17365,ORD_103420,2026-03-28 01:00:00,48.46,DMA_149_TUCSON
fc1ca9dd-1483-4fea-836d-a4d5105af4f3,USR_17366,ORD_103421,2026-04-26 12:18:00,67.2,DMA_107_ATLANTA
8a139961-9d49-4384-9438-3025d29e4ffa,USR_17367,ORD_103422,2026-01-18 13:00:00,34.43,DMA_138_MEMPHIS
a6b9d3b5-6d0d-4d80-8756-2de656da9b5e,USR_17370,ORD_103423,2026-04-03 17:49:00,42.65,DMA_107_ATLANTA
660cd2a9-0e98-46af-906c-3e5032fa0384,USR_17372,ORD_103424,2026-03-13 13:00:00,184.65,DMA_103_LOS_ANGELES
9fde07e5-76bb-49ef-98f4-0aaa296306ed,USR_17376,ORD_103425,2026-05-28 09:00:00,69.11,DMA_116_DETROIT
20abe498-5313-41a1-9d16-024881143642,USR_17379,ORD_103426,2026-06-05 11:31:00,24.09,DMA_126_ST_LOUIS
79308f61-59c3-4621-8571-55fad15ef639,USR_17380,ORD_103427,2026-03-17 22:28:00,40.87,DMA_139_RICHMOND
d45e90f9-fe2f-49a4-ad5f-b1c97deb9cdd,USR_17381,ORD_103428,2026-05-13 05:00:00,89.42,DMA_138_MEMPHIS
a7b8351b-aa28-4d7d-82fe-3ec5e971aab3,USR_17382,ORD_103429,2026-03-28 18:16:00,84.74,DMA_118_TAMPA
c9a9eff3-0ca0-4481-a7a7-0bfb6a5b7906,USR_17384,ORD_103430,2026-03-21 02:00:00,98.2,DMA_111_PHOENIX
e82ea4f7-6000-48e0-b86d-ec8b62cb9ccf,USR_17387,ORD_103431,2026-06-01 12:09:00,44.56,DMA_134_CINCINNATI
b5f587b9-30a3-43a6-ac49-4c109807ecce,USR_17388,ORD_103432,2026-04-07 09:00:00,246.24,DMA_103_LOS_ANGELES
f38b2920-cee2-4444-8871-b69edc1fa948,USR_17389,ORD_103433,2026-02-15 02:00:00,102.66,DMA_142_BUFFALO
502699d5-5abd-4f62-b10d-6513e43cc10f,USR_17390,ORD_103434,2026-05-13 11:00:00,67.68,DMA_133_KANSAS_CITY
9ee371ac-c214-40f3-86b3-7a1d5133ae2f,USR_17391,ORD_103435,2026-02-20 10:00:00,473.91,DMA_111_PHOENIX
e5fab917-0f0c-4735-81c4-f4eb7bed1e9c,USR_17393,ORD_103436,2026-05-04 03:00:00,77.41,DMA_105_SEATTLE
8516ecbd-112e-421f-921a-7c9e7dee2b63,USR_17394,ORD_103437,2026-02-08 01:43:00,50.32,DMA_125_LAS_VEGAS
318a31f5-b219-4875-849a-02c9866753ed,USR_17395,ORD_103438,2026-03-29 20:53:00,80.25,DMA_131_INDIANAPOLIS
854ef027-74b5-4b72-9181-63aa1cd5f5f2,USR_17397,ORD_103439,2026-03-04 12:00:00,77.62,DMA_101_NEW_YORK
e82c2ed8-c0ed-4ab7-bd34-4e71d864a712,USR_17398,ORD_103440,2026-01-30 02:00:00,28.34,DMA_135_MILWAUKEE
d6bb8a7f-6015-49e9-84be-5ffec240ad70,USR_17403,ORD_103441,2026-03-23 01:00:00,60.89,DMA_109_DENVER
4b62f8cc-a59e-4694-86f3-da78cbb4662b,USR_17404,ORD_103442,2026-05-03 10:00:00,29.37,DMA_111_PHOENIX
6655c934-53a2-498d-8afa-5a3db6cacb95,USR_17407,ORD_103443,2026-01-29 08:06:00,52.91,DMA_124_PORTLAND
833891d1-8bb7-41c5-b2ff-653a6bda666e,USR_17411,ORD_103444,2026-02-06 05:00:00,74.87,DMA_116_DETROIT
d957a445-a0f7-4627-92d8-aadc9e97c083,USR_17412,ORD_103445,2026-03-25 20:00:00,206.14,DMA_134_CINCINNATI
02cdadc0-827b-4086-bc59-bf9f744cdd3e,USR_17417,ORD_103446,2026-01-20 06:28:00,67.87,DMA_104_DALLAS
3f40df03-e6a7-4967-a760-9e4fb21669d4,USR_17419,ORD_103447,2026-06-13 09:00:00,290.57,DMA_122_SACRAMENTO
b094a519-5dee-4619-88d0-70c49d39818a,USR_17420,ORD_103448,2026-01-20 21:00:00,49.56,DMA_114_SAN_JOSE
8e932c9c-fe99-4de9-988f-61cd33d92071,USR_17421,ORD_103449,2026-05-22 07:08:00,45.61,DMA_147_GREENVILLE
7c1fb9b2-d2f8-4e9f-8376-ff47cfc35f8e,USR_17423,ORD_103450,2026-06-25 10:00:00,58.79,DMA_124_PORTLAND
7adfb526-d233-47ea-996a-583f4d06eb23,USR_17424,ORD_103451,2026-02-27 19:17:00,117.51,DMA_115_HOUSTON
989405bd-db94-4731-9119-22aeacbb932b,USR_17426,ORD_103452,2026-01-06 23:00:00,98.15,DMA_116_DETROIT
cad38f7b-1293-4188-8413-8e3808928a54,USR_17434,ORD_103453,2026-02-19 21:00:00,174.04,DMA_108_BOSTON
281266ae-9cb2-4a4f-87cc-5dd3255e5bf3,USR_17435,ORD_103454,2026-02-20 00:16:00,85.15,DMA_112_PHILADELPHIA
fc369f73-b994-45d1-82b9-298a4bc9ab32,USR_17437,ORD_103455,2026-04-13 15:28:00,114.33,DMA_146_ROCHESTER
b36cc5e9-952e-47c8-9211-17018b93c332,USR_17438,ORD_103456,2026-04-23 19:00:00,85.48,DMA_147_GREENVILLE
15d33b53-7910-493c-b6b6-cb87cffdfeb0,USR_17440,ORD_103457,2026-06-13 21:15:00,36.9,DMA_108_BOSTON
36ea102f-3d5c-4dd1-959c-5b68bd4631cb,USR_17441,ORD_103458,2026-02-03 04:00:00,71.47,DMA_135_MILWAUKEE
33be777d-cf65-4c28-a999-d7494f3d5378,USR_17442,ORD_103459,2026-06-12 16:00:00,110.39,DMA_104_DALLAS
dd1518cf-833b-4a3c-92d2-c0c1fbfe2bfa,USR_17443,ORD_103460,2026-02-08 13:17:00,49.91,DMA_124_PORTLAND
dd27a619-c4d2-456c-98a6-33911f87771a,USR_17444,ORD_103461,2026-04-10 07:40:00,52.31,DMA_137_OKLAHOMA_CITY
7b56829f-85c4-48f1-9ae5-3c899727d60c,USR_17447,ORD_103462,2026-05-26 16:00:00,61.56,DMA_130_COLUMBUS
5489b507-c659-466b-9a9f-c062704016a2,USR_17449,ORD_103463,2026-05-15 07:00:00,103.04,DMA_132_SAN_ANTONIO
7ec634a1-b32e-4633-bd7d-12c41b9b3111,USR_17450,ORD_103464,2026-04-11 13:00:00,129.55,DMA_125_LAS_VEGAS
0cf29280-b5d1-4bcb-bea5-a0b2cb1cd150,USR_17453,ORD_103465,2026-02-03 21:00:00,122.21,DMA_112_PHILADELPHIA
0a1a67be-538b-4f72-bc6c-b405470451aa,USR_17454,ORD_103466,2026-04-02 15:26:00,60.72,DMA_146_ROCHESTER
dde91135-b7fe-456b-832c-173c450cfe20,USR_17455,ORD_103467,2026-02-16 13:16:00,133.72,DMA_110_MIAMI
feffd3e9-cbe3-4a6d-bd67-4cbc21a0068a,USR_17459,ORD_103468,2026-04-13 07:12:00,59.97,DMA_121_CLEVELAND
a2824ef9-18b0-4079-a587-755ef10617a8,USR_17462,ORD_103469,2026-01-23 01:12:00,106.11,DMA_105_SEATTLE
f2700292-6296-4886-8161-b9ae76fdf780,USR_17465,ORD_103470,2026-05-17 22:56:00,74.62,DMA_132_SAN_ANTONIO
b3347a00-c057-48f4-b95c-ea1af95cd614,USR_17468,ORD_103471,2026-01-27 02:00:00,113.12,DMA_122_SACRAMENTO
9f5a6f2b-c435-482c-92b6-b5f12d96683a,USR_17469,ORD_103472,2026-03-05 19:56:00,144.44,DMA_145_BIRMINGHAM
3791af3b-5866-4998-b4c6-5ab7aff38495,USR_17471,ORD_103473,2026-06-13 00:00:00,133.78,DMA_127_CHARLOTTE
746668a4-322a-41be-bd80-1004b656276f,USR_17473,ORD_103474,2026-03-23 18:00:00,96.91,DMA_134_CINCINNATI
e8f1e7dd-93a1-42fe-83f2-36e91206f026,USR_17477,ORD_103475,2026-01-13 00:57:00,135.91,DMA_127_CHARLOTTE
a750bcb6-6042-48f2-acac-7c16a94dbd6d,USR_17479,ORD_103476,2026-06-24 03:00:00,210.24,DMA_142_BUFFALO
8d751291-bdb9-4bf7-98df-2b8e8e7c502e,USR_17480,ORD_103477,2026-01-26 04:00:00,176.49,DMA_126_ST_LOUIS
ecc699e4-a6d9-44b5-b6b1-a1bbe3a4c515,USR_17483,ORD_103478,2026-02-04 04:00:00,116.43,DMA_149_TUCSON
acd6c59f-2440-4d08-b0a7-b2227442cc1c,USR_17487,ORD_103479,2026-05-15 18:00:00,63.18,DMA_147_GREENVILLE
5cbaef99-b898-44d0-a9c6-a37f8f9a0d92,USR_17488,ORD_103480,2026-06-16 15:00:00,109.8,DMA_142_BUFFALO
87b9a11c-8c0a-4d7d-be6a-30132aaff66f,USR_17489,ORD_103481,2026-02-24 10:00:00,26.08,DMA_136_RALEIGH
c27c4887-8ddb-4b3f-9066-40961a3352cc,USR_17491,ORD_103482,2026-02-26 00:25:00,122.84,DMA_139_RICHMOND
c366d8d6-2401-4246-838e-0fb6d44fc554,USR_17492,ORD_103483,2026-04-22 19:47:00,23.14,DMA_100_SAN_FRANCISCO
e0a03551-9a59-4015-954c-5e4c05f94e08,USR_17493,ORD_103484,2026-05-30 02:00:00,89.47,DMA_137_OKLAHOMA_CITY
9f0abe32-cba2-4eea-98d8-aeb6b67539eb,USR_17494,ORD_103485,2026-01-21 20:23:00,77.97,DMA_100_SAN_FRANCISCO
90334b80-0ecd-4b93-ad9b-fb626314e7db,USR_17495,ORD_103486,2026-03-28 11:09:00,92.06,DMA_104_DALLAS
baa0c4b0-86b4-41d6-a59d-7b12d4878074,USR_17496,ORD_103487,2026-01-12 11:54:00,154.98,DMA_147_GREENVILLE
f8a4c9c7-d4f4-4df9-b0be-363eff4b0ce6,USR_17500,ORD_103488,2026-01-26 04:00:00,59.5,DMA_128_NASHVILLE
0b86ec41-22cb-43a2-ad6d-6100f03bd845,USR_17501,ORD_103489,2026-01-04 06:08:00,72.6,DMA_135_MILWAUKEE
3c4dcad2-e218-4c1c-8573-4fb4eca62385,USR_17502,ORD_103490,2026-02-05 11:00:00,137.15,DMA_130_COLUMBUS
b46be827-8246-40b2-bc6c-a2e898e3558c,USR_17508,ORD_103491,2026-03-20 17:00:00,110.24,DMA_126_ST_LOUIS
9d529c96-85de-4712-9cdf-dedaa26d815e,USR_17509,ORD_103492,2026-06-28 21:00:00,111.58,DMA_112_PHILADELPHIA
624a88ab-8284-494d-a22d-04d09d9bc92f,USR_17510,ORD_103493,2026-02-23 19:29:00,65.74,DMA_122_SACRAMENTO
a444dd56-651e-4922-a1ff-3c87f06f8c8e,USR_17511,ORD_103494,2026-01-25 02:00:00,70.76,DMA_125_LAS_VEGAS
8ade1a11-1ad8-4b55-9d56-28a2d08eafbb,USR_17514,ORD_103495,2026-02-15 10:20:00,55.48,DMA_106_AUSTIN
36bb7a32-99b3-404e-be15-f4846b739163,USR_17515,ORD_103496,2026-01-03 08:21:00,38.31,DMA_117_MINNEAPOLIS
427da360-28b2-41b1-95fe-0f71b4eed7bb,USR_17517,ORD_103497,2026-02-13 20:00:00,88.15,DMA_104_DALLAS
e137d8c5-1255-4a46-8fee-5976a2d8b743,USR_17518,ORD_103498,2026-06-03 15:55:00,42.37,DMA_132_SAN_ANTONIO
5f040372-0c61-4f25-bbec-13c0142520bd,USR_17519,ORD_103499,2026-05-07 23:00:00,88.18,DMA_143_HARTFORD
7faf3894-60aa-46c3-82ce-56127c505934,USR_17522,ORD_103500,2026-01-26 03:00:00,70.61,DMA_117_MINNEAPOLIS
f1997035-e044-4eed-8ae1-e9a5a9bd79e3,USR_17523,ORD_103501,2026-05-06 17:00:00,254.79,DMA_105_SEATTLE
8b355e1c-29d5-440a-a540-42179ebd3d4b,USR_17525,ORD_103502,2026-02-02 05:46:00,80.81,DMA_147_GREENVILLE
c9613269-34d2-4855-8187-0bdae4071c9a,USR_17526,ORD_103503,2026-04-18 13:59:00,103.7,DMA_108_BOSTON
8019d93f-f9e1-4c28-b736-352f883269a5,USR_17534,ORD_103504,2026-05-30 22:00:00,122.72,DMA_148_ALBUQUERQUE
1c9b8476-9d09-40de-b79d-b3fa1e8dba5b,USR_17535,ORD_103505,2026-01-01 10:24:00,24.79,DMA_122_SACRAMENTO
2d38d0a3-fd4a-4dd4-85af-3d66f65cc349,USR_17537,ORD_103506,2026-02-02 06:32:00,183.72,DMA_133_KANSAS_CITY
2a4daa04-724d-4213-acdc-9b4d831b125e,USR_17538,ORD_103507,2026-05-18 12:00:00,72.12,DMA_111_PHOENIX
fd5542cf-50c4-4b59-adf6-5e63caada789,USR_17539,ORD_103508,2026-03-16 06:00:00,103.31,DMA_130_COLUMBUS
dcc124d4-ade6-4d76-bfd0-ce4ca673c932,USR_17540,ORD_103509,2026-05-16 00:00:00,47.53,DMA_138_MEMPHIS
6d686f9b-f1e9-49e8-82ed-263f573fc519,USR_17542,ORD_103510,2026-04-15 22:00:00,113.19,DMA_107_ATLANTA
84b2724e-be41-42f9-a5b0-3eaa21836f29,USR_17545,ORD_103511,2026-01-19 18:00:00,50.23,DMA_139_RICHMOND
b85fcba7-52da-414b-a2de-328bccc998d4,USR_17546,ORD_103512,2026-05-01 16:00:00,94.42,DMA_123_PITTSBURGH
562aa2dc-2807-4f90-93ec-cc1d5740f3a0,USR_17548,ORD_103513,2026-04-10 20:00:00,122.92,DMA_136_RALEIGH
754a3795-5ccf-43ef-94cb-80ea0275bb70,USR_17550,ORD_103514,2026-06-03 09:05:00,49.06,DMA_105_SEATTLE
15866d21-b7dc-4589-a06d-8e6197530a57,USR_17551,ORD_103515,2026-04-17 13:44:00,55.1,DMA_147_GREENVILLE
cdb27235-5923-4a2d-912a-2058ce604c28,USR_17553,ORD_103516,2026-06-12 17:00:00,140.34,DMA_109_DENVER
deb92db0-ae1f-4cc1-bab1-590e3f82f38c,USR_17555,ORD_103517,2026-02-01 22:17:00,98.39,DMA_104_DALLAS
263dbb47-7eaf-44fb-a4bf-307904e74296,USR_17558,ORD_103518,2026-05-03 17:00:00,58.01,DMA_100_SAN_FRANCISCO
1df26621-8fbc-4ece-a35a-863b547a7020,USR_17560,ORD_103519,2026-05-24 19:00:00,141.42,DMA_135_MILWAUKEE
a12eb77b-5c9c-4d4f-9919-8812481a427f,USR_17562,ORD_103520,2026-04-13 14:00:00,73.7,DMA_131_INDIANAPOLIS
99be5251-215e-4cc9-88d7-935630a2fc08,USR_17564,ORD_103521,2026-02-02 10:59:00,55.82,DMA_144_PROVIDENCE
ad7aa7d6-3342-4fbe-b0eb-332426022565,USR_17565,ORD_103522,2026-01-14 10:55:00,80.16,DMA_114_SAN_JOSE
5633e289-25d8-47f3-ac7b-721d6c606b6f,USR_17566,ORD_103523,2026-02-07 16:00:00,174.72,DMA_133_KANSAS_CITY
ad5d7492-9be1-49fd-8b30-2ce5a9e38e60,USR_17568,ORD_103524,2026-05-29 19:00:00,103.93,DMA_106_AUSTIN
b5f89807-478c-4203-86bf-7d50441272e3,USR_17569,ORD_103525,2026-05-07 09:16:00,81.96,DMA_117_MINNEAPOLIS
c6b04053-dcac-447d-a8ca-642726c40bc2,USR_17570,ORD_103526,2026-01-23 05:00:00,231.76,DMA_111_PHOENIX
27d15c7b-1d37-4d7f-a82a-b3d830a115f8,USR_17571,ORD_103527,2026-02-21 04:00:00,25.13,DMA_102_CHICAGO
d18098a3-9b4b-4a0e-9882-3afc3f33f42c,USR_17576,ORD_103528,2026-01-15 20:00:00,91.74,DMA_107_ATLANTA
9fd1d45a-bb31-49d6-b11b-2f035d661eee,USR_17579,ORD_103529,2026-03-11 04:00:00,36.77,DMA_142_BUFFALO
03f456fd-b1a1-42cd-b315-9b94a8855d9e,USR_17583,ORD_103530,2026-04-30 05:51:00,127.43,DMA_149_TUCSON
84814b65-220b-4776-9bc1-1c543d715436,USR_17584,ORD_103531,2026-01-18 11:00:00,66.74,DMA_115_HOUSTON
cfa2ba19-356f-47b0-8519-bae4c2a4aefd,USR_17585,ORD_103532,2026-04-05 00:00:00,56.95,DMA_101_NEW_YORK
9bff6e1f-9020-4379-9a5e-e7699658652e,USR_17591,ORD_103533,2026-03-13 20:00:00,100.02,DMA_133_KANSAS_CITY
3d58c11c-2bf8-4ac1-a044-f989b7e9689b,USR_17597,ORD_103534,2026-04-12 04:00:00,48.67,DMA_146_ROCHESTER
b808fc41-f2c7-45b8-8763-8a95458cc638,USR_17598,ORD_103535,2026-06-12 04:00:00,70.61,DMA_117_MINNEAPOLIS
0e39f597-24fd-4250-aba2-f87ef183b6fa,USR_17599,ORD_103536,2026-04-01 10:00:00,27.49,DMA_129_SALT_LAKE_CITY
35111d6a-2067-4269-a6d7-58395dea8d0c,USR_17600,ORD_103537,2026-06-06 05:33:00,63.25,DMA_119_ORLANDO
4b0a071f-72f9-4324-84ca-99707650fd7f,USR_17602,ORD_103538,2026-02-07 16:44:00,85.88,DMA_119_ORLANDO
88dda28d-561c-4a36-9506-9a936ce09d59,USR_17604,ORD_103539,2026-04-30 19:32:00,83.55,DMA_139_RICHMOND
5ff942ee-eb32-4952-bac7-b89516a4cd90,USR_17606,ORD_103540,2026-01-02 00:53:00,139.26,DMA_142_BUFFALO
1e4bf441-853c-4f04-8202-976975a6a12a,USR_17607,ORD_103541,2026-01-29 01:00:00,79.81,DMA_147_GREENVILLE
378a50ef-53ee-4d6b-98a4-945ef85f3a47,USR_17612,ORD_103542,2026-05-31 10:00:00,70.61,DMA_103_LOS_ANGELES
304cd581-e6ca-414d-bea7-7377317bf221,USR_17613,ORD_103543,2026-06-14 20:00:00,44.11,DMA_126_ST_LOUIS
11b8e8d2-8a51-4d4d-8614-21843ecfc446,USR_17614,ORD_103544,2026-04-10 02:20:00,83.17,DMA_103_LOS_ANGELES
f9b05b16-a433-4330-a80e-f97105f6ee19,USR_17618,ORD_103545,2026-05-30 15:00:00,61.19,DMA_110_MIAMI
72d2a07e-f849-4b58-b150-34d44cdd4763,USR_17621,ORD_103546,2026-05-29 14:00:00,160.58,DMA_143_HARTFORD
6bc4dbe4-16e3-4bcc-898d-5a9dd9fa7ddf,USR_17622,ORD_103547,2026-01-10 03:00:00,88.87,DMA_122_SACRAMENTO
3bdbbde9-46c2-4244-99c1-27792e05cd53,USR_17624,ORD_103548,2026-04-18 16:00:00,89.09,DMA_127_CHARLOTTE
bcd007cd-f0d1-494c-9a5a-4780e9b9df9a,USR_17627,ORD_103549,2026-01-20 02:22:00,134.87,DMA_116_DETROIT
951ca147-168b-4a02-8ec2-dc8a2763fe5c,USR_17630,ORD_103550,2026-02-06 03:00:00,83.48,DMA_106_AUSTIN
0ff76d8d-b749-4461-b503-d5a7a1063493,USR_17634,ORD_103551,2026-04-04 21:00:00,80.62,DMA_147_GREENVILLE
c618eac0-638b-4214-9852-27309f553998,USR_17639,ORD_103552,2026-06-13 05:00:00,110.19,DMA_109_DENVER
ca8bdc67-ecd3-4ebd-8490-a0cf6f89160f,USR_17640,ORD_103553,2026-03-20 17:00:00,187.33,DMA_115_HOUSTON
32847735-fe94-40f4-9aaf-0b2e1e7d6e89,USR_17642,ORD_103554,2026-01-03 14:09:00,46.81,DMA_139_RICHMOND
7c1f8924-9c89-43d1-b8e9-b75d74753b8f,USR_17647,ORD_103555,2026-04-08 06:11:00,196.01,DMA_110_MIAMI
50ac2e8a-3d2e-4b57-b62b-5963f4997c9b,USR_17648,ORD_103556,2026-03-27 20:11:00,55.13,DMA_111_PHOENIX
a0e9851c-6b9a-42ec-96ed-d1cf5496a276,USR_17649,ORD_103557,2026-04-30 14:32:00,55.26,DMA_149_TUCSON
66faa376-bbae-4226-9ed1-497ee4b85002,USR_17650,ORD_103558,2026-05-28 21:00:00,64.29,DMA_138_MEMPHIS
79fa64de-bfaa-4660-8003-5ed5471e9f0e,USR_17652,ORD_103559,2026-02-08 01:42:00,106.31,DMA_123_PITTSBURGH
19287828-954a-4389-bfd6-5e00c6c7f69c,USR_17653,ORD_103560,2026-02-03 21:00:00,247.0,DMA_133_KANSAS_CITY
28f3f97e-0190-459f-87a0-be4bbad7a03e,USR_17654,ORD_103561,2026-05-27 07:26:00,60.83,DMA_149_TUCSON
7643ef85-8d90-4cac-9c21-5232c40fd65a,USR_17655,ORD_103562,2026-02-01 00:34:00,46.6,DMA_116_DETROIT
65cc2cf9-ac21-444f-828c-0d3d0c0a36c7,USR_17656,ORD_103563,2026-05-04 11:00:00,144.41,DMA_114_SAN_JOSE
0d68eef7-cdb9-4ced-905c-fa3cac303b3e,USR_17657,ORD_103564,2026-03-31 16:00:00,324.59,DMA_116_DETROIT
b01034e7-9783-49f5-9f13-70df80912865,USR_17658,ORD_103565,2026-03-20 08:00:00,164.66,DMA_118_TAMPA
f7cddfb3-e8af-426c-97f6-4d336c899a31,USR_17661,ORD_103566,2026-03-19 20:00:00,108.94,DMA_133_KANSAS_CITY
efdeaf03-66de-4ecc-9879-46626399df31,USR_17662,ORD_103567,2026-01-13 12:00:00,81.69,DMA_138_MEMPHIS
28ba0b39-da8e-4fba-baf8-cd4852dfcf43,USR_17665,ORD_103568,2026-05-18 17:24:00,68.83,DMA_103_LOS_ANGELES
5e9e9884-204a-45ab-bbb4-621506dfc6b2,USR_17666,ORD_103569,2026-03-09 01:00:00,96.99,DMA_101_NEW_YORK
bde4c672-243a-42d6-bcae-e5bf7cfe3064,USR_17667,ORD_103570,2026-04-16 19:00:00,161.18,DMA_134_CINCINNATI
746b57e9-b7d6-4838-a4aa-e00309c34ac6,USR_17668,ORD_103571,2026-01-01 11:28:00,109.91,DMA_107_ATLANTA
359c2f62-789f-4751-8a94-2e5c9336813c,USR_17671,ORD_103572,2026-05-03 15:00:00,169.51,DMA_108_BOSTON
12846368-eb0a-41fb-b5e9-81b4d681529d,USR_17673,ORD_103573,2026-03-01 09:00:00,97.2,DMA_149_TUCSON
769111c5-af34-4073-8554-b3edd5d797e4,USR_17674,ORD_103574,2026-04-15 21:00:00,131.82,DMA_138_MEMPHIS
97c38bb0-8cac-445d-ad3a-8b4e7ddbf3cc,USR_17675,ORD_103575,2026-05-02 19:00:00,68.7,DMA_129_SALT_LAKE_CITY
deb0d62f-4c91-49eb-bbc5-106ab372f926,USR_17676,ORD_103576,2026-02-04 18:00:00,114.91,DMA_133_KANSAS_CITY
9c6324a3-a71a-47da-836a-57bb1dceac15,USR_17678,ORD_103577,2026-02-09 01:00:00,71.61,DMA_145_BIRMINGHAM
aea3147b-a3db-48c8-a141-9a36d51626a3,USR_17680,ORD_103578,2026-02-16 23:14:00,77.55,DMA_122_SACRAMENTO
979da22e-ae7b-4fca-b957-9ca71aaacea7,USR_17681,ORD_103579,2026-03-31 12:27:00,73.05,DMA_112_PHILADELPHIA
358cbd24-69cc-4dff-853d-bdee8addcb4b,USR_17682,ORD_103580,2026-02-01 08:00:00,153.72,DMA_122_SACRAMENTO
728223fb-494f-415f-a315-4e92fcce0456,USR_17683,ORD_103581,2026-04-19 12:00:00,100.58,DMA_148_ALBUQUERQUE
141ccc10-0a3c-4e7e-b6c8-14cb310aae56,USR_17687,ORD_103582,2026-06-07 08:00:00,380.3,DMA_146_ROCHESTER
6430a837-c785-49a7-adb8-30d5341fcd12,USR_17690,ORD_103583,2026-01-26 05:12:00,50.69,DMA_145_BIRMINGHAM
3cb4588b-f0ed-4fd6-8622-45ca1329c389,USR_17691,ORD_103584,2026-02-09 05:47:00,59.69,DMA_141_NEW_ORLEANS
ae3841e8-f7f9-478e-8f9e-d944a6b205b1,USR_17692,ORD_103585,2026-01-02 03:11:00,140.95,DMA_131_INDIANAPOLIS
5dccc017-970e-4bb7-b462-c8780ca47b31,USR_17694,ORD_103586,2026-01-17 23:00:00,85.93,DMA_143_HARTFORD
310816ba-8d7c-4ce5-a930-22c55a2b77da,USR_17695,ORD_103587,2026-01-06 11:00:00,28.49,DMA_109_DENVER
636b6d3a-7c70-46f8-8022-85dd200998dd,USR_17698,ORD_103588,2026-03-07 06:00:00,80.4,DMA_129_SALT_LAKE_CITY
1a8f86e4-151c-4873-bc4e-d1105a6abcd4,USR_17699,ORD_103589,2026-05-18 19:00:00,121.65,DMA_104_DALLAS
6ec4cfab-3085-4f51-88ca-c86a3c2f6cfe,USR_17702,ORD_103590,2026-03-22 04:00:00,88.47,DMA_105_SEATTLE
0ec4c17a-bfea-48a4-a77e-5581af811ad6,USR_17704,ORD_103591,2026-04-25 04:55:00,61.51,DMA_131_INDIANAPOLIS
0997b1c2-d378-4f9e-b9f0-2ababe32b670,USR_17712,ORD_103592,2026-02-10 06:00:00,78.88,DMA_149_TUCSON
0610cf79-e49d-418d-a298-42f820f5f490,USR_17717,ORD_103593,2026-04-18 04:00:00,73.19,DMA_125_LAS_VEGAS
62d29625-2052-4e2d-ac6e-cc4f51d5d849,USR_17719,ORD_103594,2026-06-09 01:00:00,103.15,DMA_130_COLUMBUS
8e4bc341-c915-4645-9a61-caff8046a70a,USR_17720,ORD_103595,2026-06-13 02:23:00,126.83,DMA_108_BOSTON
2003c86d-e14e-4261-b9ad-68bbca746de7,USR_17721,ORD_103596,2026-06-08 18:11:00,30.13,DMA_103_LOS_ANGELES
60db6468-ad67-44ca-9fa9-63a8b2553167,USR_17723,ORD_103597,2026-03-14 01:15:00,73.23,DMA_120_BALTIMORE
7434d07b-54be-4629-a162-a58a4e23fc59,USR_17724,ORD_103598,2026-03-18 21:00:00,113.64,DMA_109_DENVER
19c334c5-31b6-46b1-be00-acdfb94faf4f,USR_17725,ORD_103599,2026-06-07 23:00:00,131.02,DMA_113_SAN_DIEGO
709e595b-f219-4977-9fa6-8c17f51337f6,USR_17727,ORD_103600,2026-01-27 13:00:00,219.38,DMA_105_SEATTLE
adf3e62a-f1b7-41ed-881d-5978d7553301,USR_17730,ORD_103601,2026-02-27 16:00:00,33.09,DMA_126_ST_LOUIS
85182d18-3626-4df9-8d35-bdeaf0c20933,USR_17733,ORD_103602,2026-02-22 01:00:00,60.65,DMA_143_HARTFORD
91aaedbb-2b00-4fd3-9545-b7446e8de052,USR_17734,ORD_103603,2026-05-25 15:08:00,65.61,DMA_129_SALT_LAKE_CITY
d1da3863-5f7d-44bf-9835-7c7e3978f28d,USR_17735,ORD_103604,2026-06-15 20:00:00,78.95,DMA_148_ALBUQUERQUE
89f0b3ca-7723-4736-b083-cde530a5e6ca,USR_17738,ORD_103605,2026-05-18 05:00:00,88.8,DMA_108_BOSTON
b7d702f7-b0ec-451e-9e6b-0031d304fee9,USR_17740,ORD_103606,2026-05-23 02:31:00,109.39,DMA_148_ALBUQUERQUE
e6138cdb-6ec3-4c95-97ac-63e29f8c3e90,USR_17741,ORD_103607,2026-06-14 14:00:00,96.96,DMA_141_NEW_ORLEANS
71984179-7916-44eb-9f39-98d3d5e199e3,USR_17742,ORD_103608,2026-04-02 09:00:00,130.19,DMA_137_OKLAHOMA_CITY
8d230b79-3dc2-48fe-8026-4a9dafc52a61,USR_17745,ORD_103609,2026-05-21 02:00:00,128.03,DMA_131_INDIANAPOLIS
72f42af2-8bc6-42fe-9798-30fc50d663bb,USR_17746,ORD_103610,2026-03-18 18:57:00,66.91,DMA_108_BOSTON
dac9f036-3069-4380-b524-b8c2497797ac,USR_17750,ORD_103611,2026-02-02 08:00:00,177.48,DMA_114_SAN_JOSE
18bb8935-ed33-4b79-8819-0358248b3ad8,USR_17751,ORD_103612,2026-03-10 19:00:00,45.34,DMA_105_SEATTLE
9bc40dd8-4e1b-4c12-828d-50b40aca8dc8,USR_17752,ORD_103613,2026-06-17 01:00:00,86.57,DMA_131_INDIANAPOLIS
12536d4b-d0ac-43f6-827b-7f7c33a708ba,USR_17754,ORD_103614,2026-01-03 21:57:00,83.44,DMA_132_SAN_ANTONIO
98578c86-3f4b-4d69-9fa5-b9d1e68f0f5b,USR_17756,ORD_103615,2026-01-31 03:00:00,132.09,DMA_120_BALTIMORE
3bfc02f2-b1c2-44df-b7d7-544d7c6c4098,USR_17757,ORD_103616,2026-06-09 07:25:00,92.46,DMA_127_CHARLOTTE
64f3bebe-0661-41ed-84a1-a69062d7cdfc,USR_17759,ORD_103617,2026-05-12 13:48:00,70.21,DMA_126_ST_LOUIS
a66ec624-508f-40b0-b77a-42965daa0a68,USR_17762,ORD_103618,2026-04-26 07:00:00,91.32,DMA_106_AUSTIN
9531f4fc-3ac5-4715-a3ba-160c62311615,USR_17763,ORD_103619,2026-04-13 15:49:00,66.76,DMA_117_MINNEAPOLIS
6b9dd3ee-5bb7-400c-b5d6-d487e401c4a1,USR_17765,ORD_103620,2026-01-14 14:10:00,33.53,DMA_135_MILWAUKEE
cd7054c0-eb4f-474b-93ec-25e3c3792fb3,USR_17767,ORD_103621,2026-04-18 11:00:00,192.82,DMA_137_OKLAHOMA_CITY
e2e27c85-de96-4685-9888-761631f6017b,USR_17770,ORD_103622,2026-04-14 02:50:00,35.78,DMA_119_ORLANDO
3958c314-3aed-49ff-b905-0e29a551e3f4,USR_17772,ORD_103623,2026-04-06 12:07:00,88.11,DMA_111_PHOENIX
ccbda9b0-1506-48cc-86ea-801fc88194f4,USR_17774,ORD_103624,2026-02-02 15:00:00,46.76,DMA_127_CHARLOTTE
43e93a3c-68fe-41b0-a4d5-a17733e38b3a,USR_17775,ORD_103625,2026-05-10 21:00:00,37.48,DMA_110_MIAMI
1545c1d9-ed81-4587-ab00-f48610e6002f,USR_17778,ORD_103626,2026-04-17 11:20:00,73.26,DMA_142_BUFFALO
5003d7d3-edeb-4345-8756-bdbf04f945e1,USR_17781,ORD_103627,2026-02-26 22:00:00,67.3,DMA_129_SALT_LAKE_CITY
ccf8a7e4-c150-4e3d-8bec-6a503d47853c,USR_17783,ORD_103628,2026-04-10 14:39:00,71.64,DMA_132_SAN_ANTONIO
8c1eb412-a2c5-4f0e-ac9c-af6f6c8a36ef,USR_17785,ORD_103629,2026-06-14 07:00:00,143.18,DMA_118_TAMPA
8a7d8c2e-47a7-4fd0-8170-4b01fc17cfa9,USR_17786,ORD_103630,2026-03-25 18:28:00,52.05,DMA_136_RALEIGH
91399fa5-0028-4608-9fa9-94232d562cb8,USR_17787,ORD_103631,2026-06-11 16:00:00,38.41,DMA_106_AUSTIN
baca70c3-442d-44a5-a19f-92cbcef296e7,USR_17790,ORD_103632,2026-02-18 03:45:00,43.44,DMA_148_ALBUQUERQUE
3c790921-c977-4ac5-95b2-fad665ea3b3f,USR_17794,ORD_103633,2026-02-06 22:00:00,91.55,DMA_147_GREENVILLE
4608354d-cc69-4ec3-91e6-ced069a665f6,USR_17797,ORD_103634,2026-02-24 13:00:00,472.3,DMA_123_PITTSBURGH
1884f9d8-c5ac-420d-a241-11bd72273c3f,USR_17801,ORD_103635,2026-01-20 23:00:00,114.43,DMA_136_RALEIGH
b4a3efa7-56df-4dfd-bfa5-60889097f04e,USR_17805,ORD_103636,2026-05-04 23:00:00,99.44,DMA_115_HOUSTON
7055f3dc-dee6-4ffa-b11b-71409c6ebae2,USR_17807,ORD_103637,2026-04-12 15:29:00,30.76,DMA_104_DALLAS
e8732350-fd27-432a-aad5-eefb7bf09f7a,USR_17810,ORD_103638,2026-06-20 06:00:00,101.73,DMA_144_PROVIDENCE
ae812f87-e771-4b0c-a89a-ea97d448cc49,USR_17811,ORD_103639,2026-01-12 07:00:00,147.47,DMA_138_MEMPHIS
82d76965-69d0-49d4-88dd-a3e77336ed05,USR_17812,ORD_103640,2026-02-24 17:00:00,110.08,DMA_118_TAMPA
1dac4457-b7fa-4f6c-b133-a8da25cc3bed,USR_17814,ORD_103641,2026-04-11 19:47:00,136.12,DMA_123_PITTSBURGH
06f5d4a3-b9ed-40f4-8edf-0930dcc0b3cc,USR_17815,ORD_103642,2026-06-14 09:00:00,112.49,DMA_114_SAN_JOSE
04a48ccc-b1a2-4a35-a57c-a831138d1622,USR_17817,ORD_103643,2026-04-21 20:00:00,84.01,DMA_110_MIAMI
f389bac4-d8e7-4f41-9995-c1e9927fc4e9,USR_17822,ORD_103644,2026-05-18 09:00:00,44.26,DMA_125_LAS_VEGAS
efa18006-7814-476e-84aa-a650ecc71ea6,USR_17825,ORD_103645,2026-05-10 14:50:00,72.14,DMA_135_MILWAUKEE
b50461f7-4e2c-4f3d-b887-7439082949c6,USR_17826,ORD_103646,2026-03-06 19:00:00,161.73,DMA_103_LOS_ANGELES
348de48f-11c3-48e3-97c7-73709ee68073,USR_17829,ORD_103647,2026-03-25 08:00:00,64.2,DMA_108_BOSTON
1aa0742e-ecc6-46d4-8f5b-c3f4a46d02d0,USR_17833,ORD_103648,2026-04-23 15:00:00,59.08,DMA_105_SEATTLE
5a5987a8-c426-4862-a9bc-046f2cfd48b9,USR_17834,ORD_103649,2026-01-27 23:52:00,66.8,DMA_136_RALEIGH
298132a2-c1e4-470f-82cf-b3e65f932f3b,USR_17837,ORD_103650,2026-06-02 00:00:00,78.88,DMA_105_SEATTLE
1630847a-a915-4d40-8e3a-04af4ab131f7,USR_17840,ORD_103651,2026-04-13 07:43:00,50.07,DMA_119_ORLANDO
6399708a-c19c-4392-99be-425d0cbf29e4,USR_17841,ORD_103652,2026-01-08 19:05:00,105.12,DMA_130_COLUMBUS
c9dc62f6-5d39-435e-8032-26e48ee68a19,USR_17842,ORD_103653,2026-04-06 10:00:00,20.26,DMA_112_PHILADELPHIA
a24fe955-e637-4d56-a89a-7eaebecd2ad7,USR_17843,ORD_103654,2026-03-29 12:00:00,48.25,DMA_138_MEMPHIS
460bc902-3a44-4c54-a8e7-dd6e68ba18ba,USR_17844,ORD_103655,2026-01-13 18:25:00,46.48,DMA_106_AUSTIN
400f3bd8-0046-4b7d-9927-02c4b46b9dcb,USR_17845,ORD_103656,2026-05-09 15:00:00,162.36,DMA_139_RICHMOND
a9fb2bf2-f517-411e-a652-515deb41e60e,USR_17846,ORD_103657,2026-03-06 16:00:00,98.83,DMA_141_NEW_ORLEANS
048e9ef7-0954-4a90-9d12-6ff72d1b41fa,USR_17850,ORD_103658,2026-02-27 01:00:00,46.48,DMA_145_BIRMINGHAM
916980ed-1673-44bb-b064-8dec50192851,USR_17851,ORD_103659,2026-06-21 05:00:00,46.33,DMA_103_LOS_ANGELES
2c891797-be0b-4e68-96ab-fe1cccf3b570,USR_17852,ORD_103660,2026-04-27 19:00:00,200.48,DMA_111_PHOENIX
896309a1-16ae-4448-b733-1b0a465d6972,USR_17853,ORD_103661,2026-03-04 14:00:00,69.51,DMA_137_OKLAHOMA_CITY
56895924-407c-4146-897d-e6393a038500,USR_17856,ORD_103662,2026-06-06 06:00:00,78.01,DMA_108_BOSTON
02926124-6426-47e7-90be-287a42a228e6,USR_17857,ORD_103663,2026-01-19 18:38:00,44.08,DMA_125_LAS_VEGAS
b17b95e2-bdde-433a-885a-23dd1b62edc4,USR_17858,ORD_103664,2026-03-12 22:00:00,135.83,DMA_118_TAMPA
22190b71-2665-4247-af5d-714a3ad2c8a8,USR_17859,ORD_103665,2026-03-23 02:58:00,94.01,DMA_143_HARTFORD
26261fce-604d-4619-aecd-8a9e62566d92,USR_17861,ORD_103666,2026-03-10 21:00:00,61.25,DMA_113_SAN_DIEGO
b7fb6958-0428-41eb-9183-3cfef8d56bcb,USR_17862,ORD_103667,2026-05-16 06:00:00,228.99,DMA_131_INDIANAPOLIS
b93d5627-59d1-41e9-9c3d-f21b1f50dad5,USR_17865,ORD_103668,2026-02-28 08:14:00,75.44,DMA_108_BOSTON
e312d5a1-4c83-43cb-9ea5-a43d6f1e32f9,USR_17866,ORD_103669,2026-06-12 19:15:00,36.55,DMA_139_RICHMOND
93ace5d0-5d03-46e1-b331-d72e2db7f58b,USR_17870,ORD_103670,2026-01-28 21:00:00,221.31,DMA_108_BOSTON
c62227fd-5a4d-42cd-9bc9-182f6ce00dbb,USR_17872,ORD_103671,2026-01-19 09:00:00,215.95,DMA_121_CLEVELAND
b5f37f02-8e3e-4b7c-9c1b-8ee41a0cc9b2,USR_17873,ORD_103672,2026-04-09 14:00:00,94.52,DMA_111_PHOENIX
c9c3ed19-5e19-487a-82fb-efc37f55ea15,USR_17876,ORD_103673,2026-01-16 08:00:00,63.53,DMA_118_TAMPA
9eece3c6-c132-4076-8985-3574e141674c,USR_17879,ORD_103674,2026-04-14 02:00:00,97.65,DMA_120_BALTIMORE
67eaef9b-5773-493d-bfe9-bc6655a17e56,USR_17880,ORD_103675,2026-05-28 17:52:00,60.99,DMA_120_BALTIMORE
4863ee74-e71c-491d-ad32-a613e07efcea,USR_17881,ORD_103676,2026-04-08 16:11:00,67.82,DMA_111_PHOENIX
abe6d835-d52e-4670-883c-ca37ba60c9c2,USR_17883,ORD_103677,2026-03-23 03:52:00,87.55,DMA_126_ST_LOUIS
654140c8-a686-413a-9157-a75a1c52951d,USR_17884,ORD_103678,2026-02-28 10:46:00,38.58,DMA_124_PORTLAND
be9c9eb9-d29d-4a8f-b6cc-ef7bf3796587,USR_17885,ORD_103679,2026-05-10 17:00:00,104.96,DMA_113_SAN_DIEGO
7255ff8c-ed31-4d66-b317-cbab5a76fa62,USR_17888,ORD_103680,2026-05-18 11:00:00,45.99,DMA_120_BALTIMORE
704da4dc-f69a-4a97-99e7-f48a776911b3,USR_17889,ORD_103681,2026-03-28 05:31:00,62.29,DMA_136_RALEIGH
2758065a-34a6-41e3-855d-05e858bdf404,USR_17891,ORD_103682,2026-01-09 18:00:00,56.43,DMA_132_SAN_ANTONIO
a0bfba2a-2a9d-4170-85b5-fb117b8b6720,USR_17892,ORD_103683,2026-04-12 18:00:00,102.96,DMA_112_PHILADELPHIA
7d99b586-a391-4db8-80ee-2b194b76dba9,USR_17897,ORD_103684,2026-03-05 21:15:00,43.68,DMA_132_SAN_ANTONIO
3b4f3df1-6165-419c-b06f-05a72199fd53,USR_17898,ORD_103685,2026-02-16 00:00:00,174.19,DMA_127_CHARLOTTE
5b184a59-23ca-4760-8ffd-ad3d5a3663aa,USR_17905,ORD_103686,2026-04-15 03:00:00,232.27,DMA_125_LAS_VEGAS
3b77ae18-3f3a-43ea-9c74-2361c2056b86,USR_17908,ORD_103687,2026-03-03 05:00:00,138.99,DMA_134_CINCINNATI
9c67411d-59d5-4f8f-b986-970566efedec,USR_17909,ORD_103688,2026-05-30 17:21:00,104.53,DMA_113_SAN_DIEGO
012d70a3-4764-4795-86fc-984e4ea7f59c,USR_17911,ORD_103689,2026-05-22 20:28:00,28.23,DMA_111_PHOENIX
ec85be69-023e-43d0-b335-95e461979b78,USR_17912,ORD_103690,2026-02-13 14:43:00,112.56,DMA_123_PITTSBURGH
1d5975a0-daa6-447f-adbf-a768d9330e01,USR_17914,ORD_103691,2026-01-24 06:00:00,99.33,DMA_144_PROVIDENCE
4c3d6c00-e0e5-4447-baf5-3e7522c2c752,USR_17916,ORD_103692,2026-03-19 11:00:00,105.55,DMA_142_BUFFALO
e4c7eda0-0ede-4768-9ccf-ab491bf64a92,USR_17917,ORD_103693,2026-02-27 10:00:00,133.51,DMA_112_PHILADELPHIA
900b5958-34dd-4fa4-a521-a59c92348593,USR_17922,ORD_103694,2026-06-17 11:00:00,58.36,DMA_109_DENVER
ca4f4f0d-bb48-4ba0-85ce-861e8f5131f9,USR_17923,ORD_103695,2026-04-06 04:00:00,64.04,DMA_128_NASHVILLE
96261603-00c8-4c0e-b5db-cedb4c37b65b,USR_17926,ORD_103696,2026-05-29 20:00:00,265.31,DMA_123_PITTSBURGH
95251e6c-90e8-4cc2-a1f1-68cee2a88f36,USR_17929,ORD_103697,2026-05-26 20:00:00,79.93,DMA_113_SAN_DIEGO
d11df6a8-7095-4a14-8b9b-1688891e8848,USR_17934,ORD_103698,2026-03-31 16:00:00,196.44,DMA_114_SAN_JOSE
d2b93e54-fc6b-4a9e-8f5a-b81819c9d065,USR_17935,ORD_103699,2026-01-14 23:33:00,42.74,DMA_142_BUFFALO
4471f011-7a10-4c76-97e9-5a3336acfbeb,USR_17938,ORD_103700,2026-03-16 07:55:00,41.25,DMA_125_LAS_VEGAS
60835d67-80a6-4071-90b2-f0d65e7e52c0,USR_17939,ORD_103701,2026-01-08 20:35:00,81.12,DMA_120_BALTIMORE
e493b27d-4955-41d2-9f8c-1fea548deeae,USR_17943,ORD_103702,2026-04-26 04:00:00,48.39,DMA_121_CLEVELAND
7220c5bf-07e8-4f9a-8d06-64769ea4a14e,USR_17944,ORD_103703,2026-04-14 10:00:00,59.4,DMA_120_BALTIMORE
7a966e17-36be-42af-ab09-1829ed9233f3,USR_17949,ORD_103704,2026-05-17 17:07:00,35.27,DMA_105_SEATTLE
68817764-2a3d-4809-9231-52bfd223354c,USR_17950,ORD_103705,2026-06-07 20:55:00,162.02,DMA_103_LOS_ANGELES
bb7a8778-414c-4d5a-88f3-0c0584caf0be,USR_17951,ORD_103706,2026-05-08 17:00:00,108.27,DMA_143_HARTFORD
0bb4ee9c-34b7-4ec8-9353-9a9e5fa74510,USR_17954,ORD_103707,2026-02-23 00:00:00,63.59,DMA_106_AUSTIN
e6873ab7-2e6b-4494-9c0f-afcbfb33cfb2,USR_17958,ORD_103708,2026-04-11 23:00:00,219.74,DMA_138_MEMPHIS
8bc46bf9-a40f-40a0-b571-7405bc995fcd,USR_17959,ORD_103709,2026-03-07 02:00:00,68.89,DMA_128_NASHVILLE
7b76f712-7cde-43d1-be1e-c4e431639384,USR_17962,ORD_103710,2026-02-19 19:00:00,66.54,DMA_130_COLUMBUS
26ffc4ad-f6b4-471f-a560-de96055f3ac0,USR_17963,ORD_103711,2026-05-22 06:12:00,55.38,DMA_117_MINNEAPOLIS
91944fc4-6342-42e4-8e37-7859b5a523cb,USR_17964,ORD_103712,2026-03-06 09:00:00,31.01,DMA_111_PHOENIX
c2ebf3c6-cade-4761-88fc-62be96558c5b,USR_17965,ORD_103713,2026-05-22 11:00:00,212.76,DMA_121_CLEVELAND
119af82c-87b5-4a5f-8162-091bb4b0bc85,USR_17966,ORD_103714,2026-01-11 11:00:00,100.97,DMA_119_ORLANDO
815a72ed-307c-4032-9126-d6016a8418cc,USR_17970,ORD_103715,2026-05-19 11:00:00,164.16,DMA_102_CHICAGO
b9e6e6dc-400f-400f-b1ae-87119536893b,USR_17972,ORD_103716,2026-06-02 05:00:00,68.41,DMA_118_TAMPA
0c9283bb-b033-4551-97e4-af6903474b6a,USR_17973,ORD_103717,2026-03-16 19:22:00,49.47,DMA_116_DETROIT
e7d0b2ed-c034-459b-8a73-d5ca3d71e543,USR_17974,ORD_103718,2026-02-16 06:00:00,96.18,DMA_102_CHICAGO
5c03d7b9-f93b-436b-a0f4-76ceb60bba5e,USR_17976,ORD_103719,2026-05-07 13:00:00,143.89,DMA_145_BIRMINGHAM
6fd29fba-5f0c-431f-b450-13f3c276d780,USR_17977,ORD_103720,2026-02-18 10:00:00,148.88,DMA_144_PROVIDENCE
86b3c3de-aa04-44fa-a22f-55246d31e49c,USR_17980,ORD_103721,2026-05-12 16:00:00,96.04,DMA_112_PHILADELPHIA
9977548f-f621-420c-a16f-1e96d1cfb5d1,USR_17983,ORD_103722,2026-03-18 05:46:00,31.97,DMA_128_NASHVILLE
dd195365-fc5a-4197-9dbb-38722237dafb,USR_17985,ORD_103723,2026-05-05 02:00:00,227.44,DMA_108_BOSTON
077d80fe-6e89-4a82-b103-45947200ec1d,USR_17990,ORD_103724,2026-02-05 12:19:00,90.2,DMA_124_PORTLAND
68f185cb-faf3-4b1a-9299-e8f994adab30,USR_17993,ORD_103725,2026-05-11 02:06:00,28.44,DMA_136_RALEIGH
3317af62-a7b8-402f-a6fd-242555b5bd38,USR_17996,ORD_103726,2026-05-31 15:52:00,63.97,DMA_106_AUSTIN
44cc2875-5ed8-4d71-beb0-7ab17861cf78,USR_17998,ORD_103727,2026-05-07 13:46:00,60.2,DMA_118_TAMPA
06173c20-f27e-4be2-8c7e-9ffe4a22e386,USR_17999,ORD_103728,2026-03-25 14:00:00,210.15,DMA_132_SAN_ANTONIO
b3bad299-113d-4ab0-8c71-7ce70c987cda,USR_18000,ORD_103729,2026-02-06 04:07:00,84.82,DMA_108_BOSTON
ce5d2e3b-2927-4cf7-a86c-2684e0125656,USR_18002,ORD_103730,2026-01-25 04:13:00,40.69,DMA_124_PORTLAND
db3cdfd7-3d91-4851-9951-1af8c3961b80,USR_18003,ORD_103731,2026-05-29 03:37:00,70.94,DMA_115_HOUSTON
a7d68d9d-d10b-4b2f-a57f-a7731297c0bb,USR_18005,ORD_103732,2026-01-11 05:44:00,59.84,DMA_118_TAMPA
3518dc8b-4653-4706-82fd-a9f7b32f3bc6,USR_18007,ORD_103733,2026-02-18 15:53:00,83.55,DMA_119_ORLANDO
9ef6b948-287f-45af-8fe8-36764f075689,USR_18011,ORD_103734,2026-06-16 08:00:00,102.09,DMA_129_SALT_LAKE_CITY
e6c0aea4-5d25-4c4a-ae83-ff29bae37541,USR_18012,ORD_103735,2026-03-22 10:00:00,173.68,DMA_126_ST_LOUIS
25e0855f-a9a2-411f-95d6-fb133d5362a0,USR_18013,ORD_103736,2026-03-06 00:55:00,31.93,DMA_147_GREENVILLE
a0fc6bb9-6af2-4b86-8aee-55d0a494a1b9,USR_18014,ORD_103737,2026-02-27 04:00:00,35.22,DMA_109_DENVER
6811cd6e-7eb6-4318-90b7-42c95e878b56,USR_18021,ORD_103738,2026-03-15 22:22:00,60.73,DMA_108_BOSTON
e5e46856-012f-4514-b1fc-5be65e09882b,USR_18023,ORD_103739,2026-03-03 08:00:00,102.45,DMA_140_LOUISVILLE
0da3dfc5-1b76-4188-9ea0-9e6367e91dbe,USR_18024,ORD_103740,2026-03-07 04:52:00,55.91,DMA_113_SAN_DIEGO
41239597-9809-4279-a126-4c574896f6fc,USR_18025,ORD_103741,2026-03-02 13:00:00,162.83,DMA_110_MIAMI
cec07a26-999b-46a1-8a68-a14af5131452,USR_18026,ORD_103742,2026-01-13 15:00:00,118.57,DMA_100_SAN_FRANCISCO
8697ed25-ec96-4fcc-bb52-76a58f651f8d,USR_18028,ORD_103743,2026-05-18 03:00:00,52.79,DMA_116_DETROIT
f423888f-63e9-40f4-9c72-9b0ab4e460dd,USR_18030,ORD_103744,2026-05-08 17:00:00,68.94,DMA_144_PROVIDENCE
3d347539-78a2-4212-b1de-3a69d0beb6f3,USR_18036,ORD_103745,2026-02-24 08:00:00,203.66,DMA_105_SEATTLE
268e6a46-0428-4fdf-8aac-46b31252e17f,USR_18038,ORD_103746,2026-04-02 04:20:00,42.94,DMA_104_DALLAS
844a33e1-b66e-409c-b3d9-8ebfd39a39cf,USR_18039,ORD_103747,2026-05-20 09:00:00,20.6,DMA_122_SACRAMENTO
08cd332c-efdc-4d6e-a35b-89d552344f6c,USR_18040,ORD_103748,2026-06-05 04:42:00,40.84,DMA_105_SEATTLE
8e03cd79-feb0-4ace-b49f-b219111338aa,USR_18046,ORD_103749,2026-04-05 23:06:00,76.64,DMA_133_KANSAS_CITY
4b6fb654-58d0-4d8a-bfba-df653a8c5d21,USR_18048,ORD_103750,2026-06-12 02:28:00,29.58,DMA_114_SAN_JOSE
b2e50291-43ab-47de-b3e8-c72ec4aac2a1,USR_18051,ORD_103751,2026-02-25 21:00:00,53.79,DMA_110_MIAMI
ac3ce45b-a104-4d65-9322-004ab64ab6d1,USR_18054,ORD_103752,2026-06-28 04:00:00,64.86,DMA_142_BUFFALO
1e8e731c-b8fa-4d95-879b-df857a4710ad,USR_18059,ORD_103753,2026-02-20 09:00:00,60.17,DMA_143_HARTFORD
2c380427-ff61-48f3-a35d-c9ede9ad4982,USR_18061,ORD_103754,2026-02-25 09:18:00,69.73,DMA_144_PROVIDENCE
1a3f4fbb-cecf-464b-bd62-5c86477783e7,USR_18064,ORD_103755,2026-04-16 18:00:00,79.14,DMA_103_LOS_ANGELES
2ccc487b-2f2c-4d6b-b07a-e10ecd4da84a,USR_18066,ORD_103756,2026-05-08 07:00:00,26.71,DMA_125_LAS_VEGAS
d8643374-1f5b-4b08-be1e-eb1415460cd1,USR_18068,ORD_103757,2026-05-22 20:00:00,97.01,DMA_116_DETROIT
85a42e94-1df7-4e1c-921e-d2eb228216b5,USR_18070,ORD_103758,2026-01-22 16:00:00,81.27,DMA_120_BALTIMORE
18bb550f-5a39-4d69-97d1-8e4364c03759,USR_18072,ORD_103759,2026-05-08 20:05:00,37.72,DMA_104_DALLAS
a1729679-d86c-4b65-ad81-d90343fb514a,USR_18075,ORD_103760,2026-01-02 09:06:00,72.37,DMA_103_LOS_ANGELES
c5a6bfbe-9cad-4fee-b964-ea2f2874cea7,USR_18077,ORD_103761,2026-03-22 04:43:00,43.48,DMA_107_ATLANTA
93c6ec2c-d05f-4d16-b0df-6d3158fdb78e,USR_18078,ORD_103762,2026-02-25 08:00:00,76.39,DMA_136_RALEIGH
1d915391-268b-47a2-8b1e-b06acc74bc32,USR_18079,ORD_103763,2026-02-07 18:40:00,36.72,DMA_115_HOUSTON
49644bca-0823-4ffd-8681-79adf950f102,USR_18080,ORD_103764,2026-03-07 11:00:00,29.97,DMA_127_CHARLOTTE
92680b71-c4f9-4ec0-97c4-878acf14030e,USR_18083,ORD_103765,2026-05-26 07:00:00,62.24,DMA_129_SALT_LAKE_CITY
4613b7c2-7aef-41bd-97aa-f7b3238a0058,USR_18087,ORD_103766,2026-01-30 23:40:00,44.14,DMA_116_DETROIT
1d5f5f9e-ee45-4e80-98dd-31d6fbe8e2d2,USR_18088,ORD_103767,2026-04-23 16:00:00,99.76,DMA_143_HARTFORD
dfa84223-a19f-4927-8a2c-5bbecabb6ecb,USR_18090,ORD_103768,2026-05-21 16:19:00,63.89,DMA_132_SAN_ANTONIO
b447b8a1-c842-445e-b063-694aef407864,USR_18092,ORD_103769,2026-04-06 14:00:00,162.43,DMA_136_RALEIGH
e6bc0044-4e6f-4f6b-8502-e9372cdb875e,USR_18094,ORD_103770,2026-06-17 13:00:00,78.28,DMA_104_DALLAS
9b5b85ad-7ccc-49cd-8237-c5f32f9b06c2,USR_18095,ORD_103771,2026-03-29 05:00:00,121.7,DMA_104_DALLAS
84e7f82b-4b83-4b01-b7db-be40ad1b6c7c,USR_18097,ORD_103772,2026-02-05 19:00:00,186.28,DMA_116_DETROIT
a4cc9c57-ba6c-4a1f-b62e-88b37fea4ba6,USR_18098,ORD_103773,2026-05-22 14:00:00,91.38,DMA_141_NEW_ORLEANS
412f466b-d035-4f8c-aabc-01ed03137c90,USR_18099,ORD_103774,2026-06-04 11:00:00,127.09,DMA_125_LAS_VEGAS
fe34bc68-17e0-4341-b3b7-a8d1b21810dd,USR_18102,ORD_103775,2026-03-22 15:00:00,109.51,DMA_121_CLEVELAND
783828f9-00e3-4855-ac18-b966a1a8ab24,USR_18106,ORD_103776,2026-05-29 11:00:00,42.89,DMA_146_ROCHESTER
4ea2f5ef-bb19-4fd0-b4b0-1de140bbf39b,USR_18107,ORD_103777,2026-01-21 19:53:00,64.14,DMA_126_ST_LOUIS
02650bf3-06dd-420b-b5d6-d06b8426c1f6,USR_18111,ORD_103778,2026-06-09 08:00:00,125.18,DMA_141_NEW_ORLEANS
46b57b74-e22e-493c-83e8-1bc394727298,USR_18116,ORD_103779,2026-01-26 09:15:00,59.04,DMA_138_MEMPHIS
8922012b-25d0-4519-8374-284e8aebc478,USR_18117,ORD_103780,2026-03-11 01:00:00,61.63,DMA_111_PHOENIX
8099df1b-5caa-4984-9b46-e98fe891d787,USR_18122,ORD_103781,2026-05-11 15:53:00,64.94,DMA_142_BUFFALO
02c687ca-908d-4f95-a801-79ef19c684e3,USR_18123,ORD_103782,2026-03-19 23:42:00,73.83,DMA_142_BUFFALO
9babfdb0-9cd3-4838-9f6a-8fbe21b66aea,USR_18127,ORD_103783,2026-04-01 20:40:00,56.41,DMA_135_MILWAUKEE
42875856-1826-4f58-9909-cf137d6a16f5,USR_18128,ORD_103784,2026-02-17 02:07:00,88.48,DMA_143_HARTFORD
b614a5fa-9e86-4340-bb81-fe00531bb6d9,USR_18139,ORD_103785,2026-01-18 04:00:00,66.67,DMA_129_SALT_LAKE_CITY
21c44eeb-e9c5-4215-840e-bb130448e41b,USR_18140,ORD_103786,2026-06-14 08:00:00,184.56,DMA_127_CHARLOTTE
340b4b67-09de-41e9-b514-06ee627c9a87,USR_18142,ORD_103787,2026-03-29 16:45:00,115.16,DMA_148_ALBUQUERQUE
c05f22a3-140d-4b92-a267-af064abb32b2,USR_18143,ORD_103788,2026-04-07 02:00:00,91.05,DMA_123_PITTSBURGH
3aee538b-e7b2-44df-ab84-2668c02ae729,USR_18144,ORD_103789,2026-03-06 19:00:00,84.3,DMA_138_MEMPHIS
36893c3a-cb33-44a2-bd7c-f1b03f1397c1,USR_18145,ORD_103790,2026-05-02 13:00:00,134.74,DMA_121_CLEVELAND
ba0cd452-e40a-4c6b-9149-0b41054937d4,USR_18146,ORD_103791,2026-03-29 12:00:00,352.32,DMA_120_BALTIMORE
03fa7676-1a46-4a19-896f-00fc2f9f9be6,USR_18151,ORD_103792,2026-06-04 17:00:00,110.07,DMA_136_RALEIGH
856f7b95-fe69-4f40-a14f-1fa3bb49c880,USR_18155,ORD_103793,2026-02-04 06:29:00,51.09,DMA_129_SALT_LAKE_CITY
51b1d265-660a-418e-859d-1d9d99d387c2,USR_18156,ORD_103794,2026-03-29 12:00:00,55.06,DMA_140_LOUISVILLE
9a8fe52b-70f5-4eb7-b069-5d1b43670a0e,USR_18158,ORD_103795,2026-05-09 17:14:00,44.32,DMA_130_COLUMBUS
2775a668-5605-4c34-8bf0-de3f175d7768,USR_18159,ORD_103796,2026-04-09 06:00:00,153.58,DMA_115_HOUSTON
6bf0dccc-11c5-4164-96f9-741c91b1f8c4,USR_18161,ORD_103797,2026-03-12 07:00:00,180.71,DMA_132_SAN_ANTONIO
3cd2f5a4-388f-43f7-bb41-d440968660ea,USR_18163,ORD_103798,2026-03-30 09:00:00,80.57,DMA_126_ST_LOUIS
dd028030-179a-4df6-9345-ab48fbea1355,USR_18164,ORD_103799,2026-06-16 03:00:00,75.05,DMA_121_CLEVELAND
88c50f37-5130-432c-ac96-787e96332bd8,USR_18166,ORD_103800,2026-02-16 00:30:00,97.33,DMA_108_BOSTON
fdd9aff8-a520-4f94-9a2e-8d8716a64cf0,USR_18167,ORD_103801,2026-05-17 14:08:00,52.5,DMA_112_PHILADELPHIA
3c4fa554-fac6-416f-9f92-feebcc26c931,USR_18168,ORD_103802,2026-05-18 02:27:00,86.3,DMA_128_NASHVILLE
31a8b4bb-db0e-471e-8802-f021266f5f47,USR_18169,ORD_103803,2026-02-23 19:00:00,238.2,DMA_138_MEMPHIS
ff348ff3-5b7b-4efb-860b-84682a8b166e,USR_18171,ORD_103804,2026-05-08 01:00:00,65.9,DMA_105_SEATTLE
5e99c1bf-9133-422b-9dbf-290b20eb42fa,USR_18175,ORD_103805,2026-05-06 04:00:00,123.57,DMA_103_LOS_ANGELES
71c34f59-ad3d-400f-a1bf-6e733151dd0b,USR_18176,ORD_103806,2026-05-23 12:50:00,45.41,DMA_107_ATLANTA
79a99eac-02a7-48e3-ad46-928ef9c7d6f6,USR_18178,ORD_103807,2026-02-22 22:58:00,59.49,DMA_122_SACRAMENTO
1308396c-6c65-498c-856a-aaa949e41d8d,USR_18181,ORD_103808,2026-03-16 00:37:00,90.73,DMA_142_BUFFALO
ebf253b5-c5cf-484b-a98c-20065b225123,USR_18183,ORD_103809,2026-03-06 09:57:00,68.04,DMA_120_BALTIMORE
94e56187-2ba4-41cb-af82-15850a2af5ea,USR_18184,ORD_103810,2026-01-18 23:24:00,104.32,DMA_101_NEW_YORK
200ed861-91c6-4605-be36-a756c19f9c43,USR_18185,ORD_103811,2026-01-27 10:13:00,89.62,DMA_100_SAN_FRANCISCO
b3765a1d-e4a6-4456-a3cb-b6ec53282ba7,USR_18188,ORD_103812,2026-01-19 08:00:00,81.95,DMA_134_CINCINNATI
9971db3d-25b8-4e22-9810-f869371d8ab7,USR_18189,ORD_103813,2026-01-22 02:23:00,61.92,DMA_146_ROCHESTER
91649f75-5c55-4424-af7c-1bb06d8cb52f,USR_18190,ORD_103814,2026-01-03 03:43:00,85.85,DMA_146_ROCHESTER
4de4f283-5d36-4a84-af13-11ee7bfd62a6,USR_18194,ORD_103815,2026-06-11 04:51:00,76.1,DMA_102_CHICAGO
7393166f-c74c-47c1-a180-a6ac1c0c32ae,USR_18197,ORD_103816,2026-03-09 18:49:00,35.1,DMA_140_LOUISVILLE
646515ac-0df5-41fc-8f96-ced98ed9a155,USR_18202,ORD_103817,2026-04-24 05:00:00,93.36,DMA_129_SALT_LAKE_CITY
289da695-4556-4fa8-888d-8cdaa62faaa0,USR_18207,ORD_103818,2026-01-18 09:57:00,79.57,DMA_122_SACRAMENTO
e66b9646-4a54-4364-a83d-d2db09be8c26,USR_18208,ORD_103819,2026-04-14 19:28:00,50.75,DMA_143_HARTFORD
ef9c17da-d3b5-41bf-9095-0e2c7d803bd4,USR_18209,ORD_103820,2026-04-21 18:00:00,65.87,DMA_117_MINNEAPOLIS
92b93e4a-e4f4-4349-97e5-43c692e3f9e9,USR_18210,ORD_103821,2026-04-17 12:00:00,47.9,DMA_149_TUCSON
c7d8969d-600d-40d5-b2db-0c06b795460e,USR_18211,ORD_103822,2026-05-08 07:53:00,26.42,DMA_143_HARTFORD
1d865704-9231-493c-b746-15bacf67d1aa,USR_18212,ORD_103823,2026-05-19 02:39:00,82.54,DMA_145_BIRMINGHAM
3e971fff-0e4f-420d-acc2-72f8ccd04729,USR_18213,ORD_103824,2026-04-09 10:00:00,296.69,DMA_123_PITTSBURGH
35d5d91f-397c-4d5b-a3e3-a61e6088b0cb,USR_18216,ORD_103825,2026-01-13 06:00:00,116.68,DMA_105_SEATTLE
49ce8d5a-d43a-4bdc-a1cb-d81bf9c35a7c,USR_18218,ORD_103826,2026-03-27 16:00:00,97.58,DMA_126_ST_LOUIS
99ddc257-69f0-4821-b9a6-0ed4a6a54f8a,USR_18220,ORD_103827,2026-02-26 16:28:00,79.24,DMA_148_ALBUQUERQUE
167706a2-c490-474b-8b10-8b595e288349,USR_18223,ORD_103828,2026-02-11 16:00:00,92.39,DMA_112_PHILADELPHIA
1e5e85ae-ded7-4399-8184-6b1942522e95,USR_18226,ORD_103829,2026-03-07 19:33:00,30.08,DMA_138_MEMPHIS
fa792aa3-0f67-4c7a-b9ac-0be6b7ec2045,USR_18227,ORD_103830,2026-04-11 18:52:00,90.59,DMA_117_MINNEAPOLIS
555daffd-b235-458c-8725-1457d2977aa7,USR_18229,ORD_103831,2026-03-02 17:00:00,60.81,DMA_114_SAN_JOSE
1b39ac78-a019-4ee1-b20c-ceccc992593e,USR_18230,ORD_103832,2026-01-24 04:57:00,105.39,DMA_120_BALTIMORE
74768414-afd9-44bf-b301-245dbc55b3e0,USR_18232,ORD_103833,2026-06-05 10:00:00,237.29,DMA_127_CHARLOTTE
c5ce8a9b-ab37-4b6a-ae7c-2ca48233a406,USR_18236,ORD_103834,2026-02-25 05:00:00,219.96,DMA_134_CINCINNATI
ba0a5c2a-d0f8-460f-b0a1-ddb180050cf5,USR_18238,ORD_103835,2026-04-11 10:15:00,91.26,DMA_102_CHICAGO
86c85f00-8296-4f57-9a0e-78a75ac3014e,USR_18244,ORD_103836,2026-01-26 00:00:00,93.41,DMA_125_LAS_VEGAS
40fbccc3-5252-45fe-a103-a5cb205ecfeb,USR_18245,ORD_103837,2026-04-14 02:41:00,172.04,DMA_122_SACRAMENTO
3f52435d-dd64-4967-8b4c-7705bb99ea47,USR_18246,ORD_103838,2026-05-07 08:00:00,82.25,DMA_120_BALTIMORE
8b115cbe-f37e-40ea-9eb3-5357dd04dbc8,USR_18247,ORD_103839,2026-03-13 07:38:00,73.7,DMA_120_BALTIMORE
4dd0e091-f80a-4721-a8dd-b4ed92313be1,USR_18249,ORD_103840,2026-05-14 07:00:00,86.47,DMA_126_ST_LOUIS
37cb4ad1-5f5f-4765-87af-72b4812adbf6,USR_18250,ORD_103841,2026-04-28 23:14:00,39.45,DMA_141_NEW_ORLEANS
c8784093-34fe-4e11-b75b-6c0eb4aeeed2,USR_18251,ORD_103842,2026-03-03 11:39:00,53.04,DMA_131_INDIANAPOLIS
6df0970c-846d-4406-aec8-192a625caf42,USR_18254,ORD_103843,2026-05-17 07:36:00,61.71,DMA_110_MIAMI
9fa50f24-b99a-4a15-ba61-d5c009cbe0f3,USR_18256,ORD_103844,2026-03-07 01:00:00,70.55,DMA_127_CHARLOTTE
956eb1ba-682b-44e6-a67f-7d7aaceaebed,USR_18257,ORD_103845,2026-02-20 22:00:00,130.38,DMA_136_RALEIGH
6215b573-131c-4862-97c5-8a2648fbba01,USR_18260,ORD_103846,2026-05-03 00:00:00,60.1,DMA_127_CHARLOTTE
33b8a60b-0ff9-4fb1-9fce-aaaca6c5b7a0,USR_18263,ORD_103847,2026-03-10 00:30:00,71.56,DMA_105_SEATTLE
21e81e7a-0eb7-49e7-8bbf-9b7b6c5d6cbf,USR_18264,ORD_103848,2026-02-13 09:58:00,31.11,DMA_138_MEMPHIS
c849c142-402a-4973-b02d-baa20b4b6435,USR_18265,ORD_103849,2026-02-10 01:00:00,136.54,DMA_131_INDIANAPOLIS
499465a7-1bdc-4aa6-bb17-af125f83c418,USR_18266,ORD_103850,2026-01-31 11:00:00,421.43,DMA_112_PHILADELPHIA
7bc6e2f4-681c-4c77-8d8b-66c1da2e1a05,USR_18269,ORD_103851,2026-04-28 23:00:00,72.48,DMA_141_NEW_ORLEANS
4d9e17d8-7c25-4a53-819b-f4b1046e09b9,USR_18270,ORD_103852,2026-05-15 20:32:00,70.9,DMA_101_NEW_YORK
d9283d54-27ff-48ad-97cf-d2fba0b3630f,USR_18272,ORD_103853,2026-02-10 11:49:00,160.62,DMA_102_CHICAGO
a1404c01-5d4f-4291-a9af-07c00b0143aa,USR_18273,ORD_103854,2026-03-02 22:00:00,126.02,DMA_120_BALTIMORE
ea42af87-37e0-47b8-a6a9-f3fe091e4195,USR_18275,ORD_103855,2026-02-17 00:43:00,33.62,DMA_112_PHILADELPHIA
73690d16-991b-4b06-903e-0b00fd5942df,USR_18279,ORD_103856,2026-05-23 17:53:00,161.16,DMA_107_ATLANTA
df1feba6-2d73-4c66-ada1-ff91253eb3ec,USR_18281,ORD_103857,2026-04-16 03:52:00,45.28,DMA_138_MEMPHIS
719da406-3b5a-434f-8cc2-7cabc9c01515,USR_18282,ORD_103858,2026-01-10 03:31:00,59.63,DMA_139_RICHMOND
f3b147c3-9cc2-4960-8b65-db319c8dc2ef,USR_18288,ORD_103859,2026-03-28 14:00:00,42.69,DMA_148_ALBUQUERQUE
106a3662-5c86-4d5c-9240-b913f39f1378,USR_18289,ORD_103860,2026-01-13 18:37:00,46.56,DMA_114_SAN_JOSE
c7a8cc80-0715-4997-a689-2e12190f878c,USR_18290,ORD_103861,2026-04-22 13:46:00,70.76,DMA_114_SAN_JOSE
0fa6c625-a1f7-45ae-abc7-5c05d0b05e59,USR_18293,ORD_103862,2026-03-10 23:47:00,37.87,DMA_104_DALLAS
a293f295-78e3-454e-9504-3f2f483fe273,USR_18294,ORD_103863,2026-02-04 21:00:00,83.28,DMA_137_OKLAHOMA_CITY
2abf97ce-f0c7-4e85-bdff-f56b2c23a3a6,USR_18295,ORD_103864,2026-04-29 13:41:00,50.47,DMA_107_ATLANTA
8a4589ce-af86-4eca-b12f-abfbfb73fd29,USR_18299,ORD_103865,2026-02-24 20:00:00,173.08,DMA_133_KANSAS_CITY
c7e97107-6a8e-494f-a90e-034d00e0f20e,USR_18300,ORD_103866,2026-06-12 03:00:00,72.56,DMA_138_MEMPHIS
93cbf4da-358d-459e-9cc4-14b928c12420,USR_18303,ORD_103867,2026-03-18 23:00:00,76.47,DMA_131_INDIANAPOLIS
65b18104-5560-4421-a124-3dec19790ec8,USR_18304,ORD_103868,2026-04-09 02:43:00,26.18,DMA_137_OKLAHOMA_CITY
63f07f05-2941-4d3e-8d88-b2662a147a21,USR_18305,ORD_103869,2026-01-26 05:17:00,64.61,DMA_140_LOUISVILLE
33896fc7-4a3d-495c-a6c6-865e641d7df2,USR_18308,ORD_103870,2026-01-26 11:00:00,85.87,DMA_139_RICHMOND
b5657abc-8513-43c3-887c-f98443685c3c,USR_18313,ORD_103871,2026-03-08 15:00:00,96.78,DMA_146_ROCHESTER
b120e272-c2fb-4c95-b2b9-075813a8532b,USR_18318,ORD_103872,2026-02-12 20:00:00,57.4,DMA_108_BOSTON
88056d05-b60b-4e6b-933b-e28a025463e3,USR_18319,ORD_103873,2026-04-27 20:23:00,66.81,DMA_120_BALTIMORE
76a39e42-4a33-432a-a96e-5854e0ce0ee6,USR_18326,ORD_103874,2026-03-14 14:26:00,60.5,DMA_134_CINCINNATI
afe3a38c-070f-494d-9f98-5059f5f5d57e,USR_18329,ORD_103875,2026-03-30 04:34:00,65.36,DMA_135_MILWAUKEE
e8ef4b7b-d9c4-4388-9f47-052c17ade044,USR_18330,ORD_103876,2026-02-04 23:00:00,66.61,DMA_131_INDIANAPOLIS
09adb6c4-c6a4-4658-a807-94e2114aa9dd,USR_18333,ORD_103877,2026-02-25 19:00:00,108.78,DMA_103_LOS_ANGELES
eb34e738-8747-4558-b059-0fb4554a8ca2,USR_18336,ORD_103878,2026-02-24 05:00:00,87.47,DMA_133_KANSAS_CITY
fc1da373-dc13-446b-b20a-2e6dcf9e94e1,USR_18337,ORD_103879,2026-05-16 23:00:00,237.44,DMA_135_MILWAUKEE
063d7524-6427-4969-86e6-8764cb7e06d1,USR_18338,ORD_103880,2026-02-25 01:06:00,47.96,DMA_140_LOUISVILLE
b9d7d5b4-6bbb-400c-9da4-7e6e986e72ec,USR_18339,ORD_103881,2026-02-13 01:00:00,85.44,DMA_111_PHOENIX
50700336-193d-46ec-95cc-ad332c9eaadd,USR_18341,ORD_103882,2026-06-01 10:35:00,49.82,DMA_138_MEMPHIS
17844293-2778-4167-af9e-f3b5145042a6,USR_18344,ORD_103883,2026-05-22 07:00:00,169.51,DMA_108_BOSTON
88ed9c54-66a2-49a2-8641-d83a2399a70d,USR_18346,ORD_103884,2026-05-06 22:00:00,158.61,DMA_148_ALBUQUERQUE
539fb30b-6238-4c59-9ea1-36bbaafe7fde,USR_18347,ORD_103885,2026-04-07 05:59:00,51.11,DMA_136_RALEIGH
010804e2-68f4-476a-b4e9-4d8ea2488834,USR_18349,ORD_103886,2026-03-31 19:00:00,436.78,DMA_122_SACRAMENTO
507db5f2-6bbc-47c9-a7bf-602f94d14b36,USR_18350,ORD_103887,2026-06-08 12:00:00,50.83,DMA_124_PORTLAND
64f2a766-85fa-4261-a9df-6585436a72d1,USR_18351,ORD_103888,2026-01-29 09:00:00,59.8,DMA_109_DENVER
265dc833-1491-420a-b36a-f457136fd298,USR_18352,ORD_103889,2026-06-11 12:57:00,57.54,DMA_142_BUFFALO
f2a58718-e056-45ba-8588-6d0dca9b52eb,USR_18353,ORD_103890,2026-06-02 17:53:00,63.51,DMA_144_PROVIDENCE
9005f803-24f4-470d-bbdb-c72b06f582d3,USR_18355,ORD_103891,2026-02-09 09:00:00,187.59,DMA_104_DALLAS
1ea97ccd-058c-4c8a-b8da-3250eb902bb1,USR_18358,ORD_103892,2026-01-29 19:16:00,107.19,DMA_118_TAMPA
2c7b1c4c-a4e3-496e-8511-33633747bc97,USR_18362,ORD_103893,2026-05-01 01:17:00,41.1,DMA_111_PHOENIX
676414c2-f665-43ec-ac52-da3f3baece1f,USR_18365,ORD_103894,2026-06-12 23:00:00,66.22,DMA_145_BIRMINGHAM
3a570bdf-a801-48be-b5fb-46a3acdd5795,USR_18368,ORD_103895,2026-05-04 02:00:00,115.18,DMA_147_GREENVILLE
b81b170d-b6c4-40ac-ac1e-eacfef01ba3e,USR_18369,ORD_103896,2026-03-22 02:52:00,87.16,DMA_112_PHILADELPHIA
29b51dd6-fdfe-472c-9753-5c75dd49359d,USR_18371,ORD_103897,2026-04-10 03:00:00,126.67,DMA_131_INDIANAPOLIS
cf72a4c7-451b-4281-b2b3-2973afe3e5f8,USR_18373,ORD_103898,2026-02-09 11:00:00,93.97,DMA_109_DENVER
4b2a08ef-078b-46a5-a2ea-a4f97dc6549e,USR_18374,ORD_103899,2026-03-03 17:00:00,101.02,DMA_131_INDIANAPOLIS
98744756-a9e3-49d8-badd-897464cc88b3,USR_18375,ORD_103900,2026-01-11 12:06:00,30.42,DMA_105_SEATTLE
07d6f910-a5fb-47db-a3d9-64375f85e3d4,USR_18377,ORD_103901,2026-01-09 10:38:00,38.71,DMA_134_CINCINNATI
676a520b-1b00-4f83-be95-9cdc0d182f58,USR_18380,ORD_103902,2026-06-24 21:00:00,59.71,DMA_122_SACRAMENTO
4a7d4b7e-7d48-47c2-8d2d-0073b8079f91,USR_18381,ORD_103903,2026-06-15 20:50:00,31.7,DMA_127_CHARLOTTE
222ec5e6-6b9e-4514-93a0-124e5adce473,USR_18390,ORD_103904,2026-04-21 01:00:00,94.85,DMA_124_PORTLAND
04a53b4b-ef3a-41a5-872b-798c3a736a4a,USR_18392,ORD_103905,2026-02-24 22:54:00,66.74,DMA_128_NASHVILLE
e029dbb0-cd92-462f-ae6e-c717e00fd5c3,USR_18393,ORD_103906,2026-06-15 08:10:00,208.5,DMA_133_KANSAS_CITY
99eb3d4f-e135-4217-a72c-0614335ef127,USR_18394,ORD_103907,2026-05-06 11:06:00,110.23,DMA_141_NEW_ORLEANS
153f4733-c49a-4a84-9833-aea900e31d11,USR_18397,ORD_103908,2026-05-03 03:00:00,87.21,DMA_101_NEW_YORK
61f2965e-7fa6-4732-b33c-71abc4d238f2,USR_18399,ORD_103909,2026-04-29 15:00:00,70.33,DMA_143_HARTFORD
47329b72-e65e-4f5b-9772-c432ee7fe5fc,USR_18401,ORD_103910,2026-04-17 11:00:00,98.24,DMA_105_SEATTLE
2bfad1c8-3ea1-469d-85a7-91619965127f,USR_18402,ORD_103911,2026-06-02 20:00:00,95.77,DMA_120_BALTIMORE
a42f587c-e1ed-4fc5-9439-53d93e172992,USR_18404,ORD_103912,2026-05-23 08:00:00,27.61,DMA_114_SAN_JOSE
ca5b1463-84ff-4052-a3c1-43362f63b1f7,USR_18407,ORD_103913,2026-04-23 06:00:00,34.0,DMA_146_ROCHESTER
15d286b7-7fb0-48dc-9cf3-2df921e96937,USR_18409,ORD_103914,2026-01-23 14:43:00,36.35,DMA_101_NEW_YORK
d6c8f980-10ec-4821-96e0-afb4a0e4f4b2,USR_18410,ORD_103915,2026-04-12 14:00:00,134.75,DMA_145_BIRMINGHAM
f94b8510-fe89-4206-8af0-1111872082df,USR_18411,ORD_103916,2026-02-10 12:00:00,272.05,DMA_116_DETROIT
55609ee3-722c-4e71-9801-4fc11762aad9,USR_18413,ORD_103917,2026-02-16 12:09:00,69.03,DMA_115_HOUSTON
a7fefc0b-278c-424a-b401-75841ac7e570,USR_18415,ORD_103918,2026-02-18 12:00:00,16.67,DMA_144_PROVIDENCE
03d40538-99ce-45bb-b368-19d159e74bf4,USR_18418,ORD_103919,2026-04-17 17:07:00,39.66,DMA_120_BALTIMORE
1c95d0a7-96c8-465d-8d6d-0b74d6d06ba4,USR_18419,ORD_103920,2026-02-17 13:00:00,53.47,DMA_118_TAMPA
794d27df-3156-4e2b-bac5-2d882da4b0ec,USR_18420,ORD_103921,2026-05-21 11:00:00,37.17,DMA_106_AUSTIN
c2821805-b21e-4f77-bb08-d1ba61c9fef9,USR_18422,ORD_103922,2026-04-30 12:11:00,39.73,DMA_148_ALBUQUERQUE
574d65c7-b06e-47f7-a177-5c57edeb91ad,USR_18427,ORD_103923,2026-05-30 02:00:00,92.07,DMA_116_DETROIT
e9d3a3b1-0202-4ec0-9ddd-d9ae435af78a,USR_18434,ORD_103924,2026-03-21 14:34:00,61.81,DMA_114_SAN_JOSE
3ebea9eb-0f87-43ae-b379-c9c8434d6408,USR_18435,ORD_103925,2026-01-13 08:35:00,52.47,DMA_144_PROVIDENCE
07c7c78b-8e3d-455d-ab70-28b8f8bfbcc2,USR_18436,ORD_103926,2026-02-10 05:00:00,239.27,DMA_146_ROCHESTER
ed4027fa-b0ad-43ad-8b6c-1b2fc59d8a64,USR_18437,ORD_103927,2026-01-20 18:00:00,43.59,DMA_106_AUSTIN
d78d2cf8-1a2d-49bf-af75-71c9f09dc9ca,USR_18439,ORD_103928,2026-02-10 11:24:00,81.94,DMA_116_DETROIT
db6a3915-bad0-433f-a686-4f57925207fd,USR_18440,ORD_103929,2026-04-09 21:59:00,37.75,DMA_149_TUCSON
4dc3e6ee-3488-451f-b74a-ed13238746b7,USR_18442,ORD_103930,2026-04-10 12:11:00,46.57,DMA_149_TUCSON
3de3121c-0c3b-4562-96ac-e52e3b562e0e,USR_18443,ORD_103931,2026-03-15 12:43:00,38.69,DMA_145_BIRMINGHAM
40f78fce-42cb-4fa1-9f0e-778680ef9d8e,USR_18444,ORD_103932,2026-04-11 03:21:00,270.61,DMA_122_SACRAMENTO
ef263af9-54bd-412a-9c66-f55539d0d387,USR_18445,ORD_103933,2026-04-11 13:46:00,52.27,DMA_110_MIAMI
cf9b006f-9b82-45e9-8e8d-db5022ea9460,USR_18446,ORD_103934,2026-06-17 05:00:00,23.79,DMA_146_ROCHESTER
89d6094e-2c20-412f-b4fe-0088b7ede11a,USR_18447,ORD_103935,2026-06-09 11:00:00,147.77,DMA_134_CINCINNATI
dccd6a53-21af-4920-85b6-47655b3dc42d,USR_18448,ORD_103936,2026-05-06 04:16:00,78.32,DMA_103_LOS_ANGELES
edddb6c4-1f3d-4af8-90a6-b70c22ad49a7,USR_18450,ORD_103937,2026-05-13 20:53:00,44.55,DMA_133_KANSAS_CITY
6a6aabbe-9fb4-4f32-b52a-e999a95f7c93,USR_18455,ORD_103938,2026-06-20 02:00:00,85.93,DMA_103_LOS_ANGELES
592df0d3-7336-46e0-bed1-d8b697408b44,USR_18460,ORD_103939,2026-04-27 16:00:00,57.71,DMA_148_ALBUQUERQUE
b3c9d1f1-4f97-45c9-a99b-bc6cfa4fab5c,USR_18461,ORD_103940,2026-02-15 02:00:00,150.44,DMA_107_ATLANTA
81ec0a7e-d938-4864-b804-3f1968162369,USR_18462,ORD_103941,2026-01-04 07:49:00,61.48,DMA_100_SAN_FRANCISCO
7cf8b2e1-a7ac-4f65-a78e-0f9f95265ac6,USR_18464,ORD_103942,2026-03-12 00:00:00,110.29,DMA_101_NEW_YORK
bd7d1b56-b62e-4cdb-95a9-0a322bf384d5,USR_18466,ORD_103943,2026-01-16 05:00:00,121.69,DMA_107_ATLANTA
4361815a-2fc3-42eb-b684-f7ae7ad685ab,USR_18467,ORD_103944,2026-02-02 23:00:00,114.01,DMA_137_OKLAHOMA_CITY
7380b05b-db6f-4d36-bd52-e3396c47c1aa,USR_18468,ORD_103945,2026-03-08 19:00:00,109.91,DMA_109_DENVER
1497a6e1-191c-42cb-8009-aba1995dcd58,USR_18470,ORD_103946,2026-03-12 14:00:00,101.48,DMA_137_OKLAHOMA_CITY
ecdbbd63-70bd-4b84-bd42-6e7065986277,USR_18472,ORD_103947,2026-03-07 20:00:00,186.05,DMA_124_PORTLAND
857ba44c-4e02-4025-9dfd-77dbdfcb3644,USR_18473,ORD_103948,2026-05-22 01:44:00,76.64,DMA_121_CLEVELAND
43bb12bc-2cfb-43a5-88c2-d6d3b724c7a4,USR_18477,ORD_103949,2026-04-18 14:40:00,121.4,DMA_104_DALLAS
83bef96d-a079-4a43-b12d-da4172a8d8f3,USR_18478,ORD_103950,2026-04-23 06:43:00,57.81,DMA_101_NEW_YORK
b072abd5-9934-462d-ac33-75c2c286efbf,USR_18479,ORD_103951,2026-04-13 20:53:00,127.73,DMA_121_CLEVELAND
03c4c195-dab8-4c8f-8cd2-975ba190c3a3,USR_18484,ORD_103952,2026-01-30 03:00:00,58.65,DMA_104_DALLAS
238b5b34-9848-4e6f-a927-36876801a263,USR_18485,ORD_103953,2026-06-13 02:00:00,108.45,DMA_137_OKLAHOMA_CITY
bcacd122-0114-46c9-9f58-6b28e0ab332f,USR_18486,ORD_103954,2026-05-05 04:00:00,46.1,DMA_105_SEATTLE
1a54281a-c182-4135-9f0b-1a12cb1b1c47,USR_18487,ORD_103955,2026-06-03 21:00:00,68.29,DMA_107_ATLANTA
4a918c75-13a3-4d92-940e-585022346bc0,USR_18488,ORD_103956,2026-05-21 08:50:00,65.76,DMA_103_LOS_ANGELES
add8c812-35b1-45d4-a790-3b00eb9ab2d1,USR_18490,ORD_103957,2026-02-18 04:00:00,115.15,DMA_142_BUFFALO
fbdc461f-ebbd-49f5-9bed-707dc7034763,USR_18491,ORD_103958,2026-01-29 11:07:00,97.96,DMA_118_TAMPA
6f73a014-0694-4da5-98c5-1c2630768cdc,USR_18493,ORD_103959,2026-02-27 10:37:00,178.0,DMA_106_AUSTIN
9a87dca7-9691-4a32-a4c5-402b97a7e9df,USR_18494,ORD_103960,2026-03-26 17:00:00,110.07,DMA_113_SAN_DIEGO
afb1bd1f-62b6-4b98-a831-35600ef2e7f6,USR_18495,ORD_103961,2026-06-09 22:00:00,78.91,DMA_129_SALT_LAKE_CITY
6c520ca2-636a-40aa-92d7-0128b48e5f40,USR_18496,ORD_103962,2026-04-05 19:00:00,103.64,DMA_138_MEMPHIS
d218b823-0563-4ed8-9b27-c0859bafcaa9,USR_18497,ORD_103963,2026-06-16 12:00:00,54.04,DMA_130_COLUMBUS
82710683-5e39-4235-a040-1954935d44c9,USR_18499,ORD_103964,2026-02-27 07:55:00,138.0,DMA_127_CHARLOTTE
6080b3a5-4389-4467-b57c-da4fff65a958,USR_18500,ORD_103965,2026-01-19 04:00:00,50.29,DMA_142_BUFFALO
eab11fce-be3c-4f21-a902-8f5a993b1345,USR_18502,ORD_103966,2026-02-16 17:05:00,96.54,DMA_133_KANSAS_CITY
a10b0b73-fb97-47ef-ac64-03285007d3fe,USR_18503,ORD_103967,2026-05-24 02:29:00,134.58,DMA_143_HARTFORD
76889fb8-8672-4e2e-b6b8-5f1f84faaaf7,USR_18504,ORD_103968,2026-02-02 15:00:00,104.29,DMA_111_PHOENIX
b641b7af-bd4d-4ba7-a84c-5f1bb9fb4ff8,USR_18510,ORD_103969,2026-01-31 16:05:00,29.75,DMA_102_CHICAGO
c83f6ad5-ebbf-4b7f-82b1-81901e487b31,USR_18512,ORD_103970,2026-03-12 21:00:00,386.59,DMA_136_RALEIGH
deb018ed-6c6b-4cbd-a4f6-73000f7148b9,USR_18513,ORD_103971,2026-02-27 16:00:00,37.1,DMA_105_SEATTLE
bbd416fa-a0d5-47ae-b273-834d4d6b1fdf,USR_18514,ORD_103972,2026-02-24 21:38:00,51.67,DMA_149_TUCSON
eed5ac89-aa91-4aca-858b-05b94baeef27,USR_18519,ORD_103973,2026-01-30 12:00:00,54.63,DMA_131_INDIANAPOLIS
21191ad4-b4cf-4512-9349-db0f627b5eea,USR_18521,ORD_103974,2026-05-26 15:00:00,95.32,DMA_109_DENVER
8a7dab51-6cd4-4b9c-b004-1df56e001a77,USR_18522,ORD_103975,2026-03-30 10:00:00,71.95,DMA_102_CHICAGO
ff95d1ab-b329-4da6-ac62-b5373c0faa26,USR_18523,ORD_103976,2026-06-09 02:00:00,29.28,DMA_100_SAN_FRANCISCO
92fc9688-773b-406a-b623-ec5c20521018,USR_18524,ORD_103977,2026-03-19 20:00:00,120.62,DMA_121_CLEVELAND
b2444fdb-7fbf-4ab2-8bbb-d4f97756b094,USR_18525,ORD_103978,2026-03-13 08:00:00,117.05,DMA_117_MINNEAPOLIS
10457010-68a3-4d9a-8e7b-749dfe03ce73,USR_18528,ORD_103979,2026-05-26 05:26:00,59.23,DMA_133_KANSAS_CITY
71ae55ef-cf67-44d9-ace9-26163eee84e8,USR_18533,ORD_103980,2026-01-01 05:24:00,78.6,DMA_145_BIRMINGHAM
fa94cb75-4851-433a-9826-f854baf76a81,USR_18534,ORD_103981,2026-01-16 04:00:00,203.04,DMA_109_DENVER
5124cee5-0757-4117-ae9b-db59e0718ac8,USR_18535,ORD_103982,2026-05-01 16:00:00,99.48,DMA_113_SAN_DIEGO
424de633-fcef-4320-9d5c-014624aeaf3f,USR_18537,ORD_103983,2026-06-04 01:00:00,128.11,DMA_117_MINNEAPOLIS
a0c9b5f0-97e0-4d85-ae7e-902e8147a4df,USR_18538,ORD_103984,2026-01-24 15:57:00,46.84,DMA_147_GREENVILLE
a6aee0dd-8423-4094-8964-0e46f420a6ff,USR_18540,ORD_103985,2026-05-09 21:28:00,120.16,DMA_149_TUCSON
e4da6b08-b6fb-4dff-aab0-0f34b5d627e2,USR_18542,ORD_103986,2026-01-22 13:00:00,32.99,DMA_133_KANSAS_CITY
2a588e96-fe38-476b-ad0e-1c37a933d1a5,USR_18543,ORD_103987,2026-06-02 12:00:00,77.7,DMA_130_COLUMBUS
74178dc9-31c0-4fa1-b573-abfcc9f1ab39,USR_18546,ORD_103988,2026-02-10 09:09:00,31.21,DMA_136_RALEIGH
6c7f3b13-46ff-47e9-b6fc-adf9abe6a0e7,USR_18547,ORD_103989,2026-02-11 20:28:00,68.25,DMA_147_GREENVILLE
66f17a68-876d-4eac-96de-69fcf5701916,USR_18550,ORD_103990,2026-05-16 23:00:00,141.08,DMA_134_CINCINNATI
b0897b60-6958-4435-ab1d-ccd9dedb9c22,USR_18554,ORD_103991,2026-02-23 16:54:00,57.22,DMA_111_PHOENIX
5113833e-ab2a-450e-87b2-bf2fa1b4e4a0,USR_18556,ORD_103992,2026-06-13 22:00:00,71.68,DMA_102_CHICAGO
c09267cd-4d51-4036-a259-a0cf9208d5e5,USR_18557,ORD_103993,2026-06-12 13:51:00,53.65,DMA_111_PHOENIX
c4398df1-e594-4d61-b9ea-3e5b32c9062e,USR_18561,ORD_103994,2026-04-06 15:00:00,37.08,DMA_104_DALLAS
4b876b02-8636-4c66-8007-1853078c5129,USR_18563,ORD_103995,2026-02-04 05:00:00,65.96,DMA_126_ST_LOUIS
96f5fd14-0fbc-40b3-a55c-19ebe7faf329,USR_18566,ORD_103996,2026-01-20 10:36:00,50.95,DMA_118_TAMPA
9ef1dfe7-cd36-4ba0-ae86-f1835ac8d062,USR_18567,ORD_103997,2026-03-29 00:00:00,141.76,DMA_130_COLUMBUS
4773de7f-0eb5-42ff-9d19-68b7825f53b0,USR_18568,ORD_103998,2026-02-09 19:00:00,49.39,DMA_100_SAN_FRANCISCO
cc5a4f0e-e8ec-4f6d-8ac1-c9d576f38f9c,USR_18569,ORD_103999,2026-05-01 08:00:00,161.28,DMA_109_DENVER
3289b4eb-2a76-481d-bdc2-f7f601e76446,USR_18570,ORD_104000,2026-06-06 13:00:00,98.11,DMA_147_GREENVILLE
39b43ba3-960a-44ee-a770-667fbe6b660c,USR_18571,ORD_104001,2026-06-03 09:31:00,154.33,DMA_130_COLUMBUS
43606f7f-5d8a-4267-b25d-df0634ce6bab,USR_18572,ORD_104002,2026-02-24 06:09:00,64.3,DMA_128_NASHVILLE
8abe2e76-759d-4a24-8426-fb2b2aafb0a0,USR_18573,ORD_104003,2026-05-14 04:00:00,28.88,DMA_124_PORTLAND
071b5a38-221f-45a7-9a88-a26842a52dab,USR_18577,ORD_104004,2026-03-04 17:00:00,81.78,DMA_112_PHILADELPHIA
3b5eacb4-4c7f-48a9-afb2-f27a26fa8d32,USR_18579,ORD_104005,2026-03-01 03:32:00,62.02,DMA_119_ORLANDO
2b961fcf-17c3-47c0-a26e-d15b10c2284e,USR_18580,ORD_104006,2026-01-30 22:35:00,62.75,DMA_138_MEMPHIS
8cc304f1-ee5a-41c9-b938-6878a53b299c,USR_18585,ORD_104007,2026-03-11 06:00:00,229.03,DMA_123_PITTSBURGH
5a552c59-6df1-4201-8e0c-61d56b2b370b,USR_18596,ORD_104008,2026-02-03 22:00:00,157.55,DMA_144_PROVIDENCE
1ddd7834-d648-4714-af93-030996c94bd5,USR_18597,ORD_104009,2026-06-19 09:00:00,113.75,DMA_143_HARTFORD
460804c1-d043-4552-ac68-8febba28c35a,USR_18598,ORD_104010,2026-02-28 03:00:00,94.15,DMA_128_NASHVILLE
a87db83c-24ad-4812-bb80-fc735d7a6886,USR_18599,ORD_104011,2026-02-05 11:00:00,57.7,DMA_135_MILWAUKEE
799c1ec0-54d2-4ed5-8a24-ab1cc7c81694,USR_18604,ORD_104012,2026-02-21 10:00:00,146.15,DMA_140_LOUISVILLE
5357088e-21e4-465f-84c4-01239b034153,USR_18605,ORD_104013,2026-04-25 09:00:00,77.07,DMA_132_SAN_ANTONIO
ab051e7b-ff07-43a0-9744-c3931382bba4,USR_18608,ORD_104014,2026-02-14 17:00:00,66.8,DMA_119_ORLANDO
f00cf8d8-a09c-44bf-8aab-3eb073d341b0,USR_18611,ORD_104015,2026-04-10 02:00:00,92.41,DMA_129_SALT_LAKE_CITY
2d1f35bd-c7d8-475f-a7df-cc06253c8a92,USR_18613,ORD_104016,2026-05-24 22:56:00,122.9,DMA_132_SAN_ANTONIO
84f8dd56-c94d-4df6-a9c9-c4ac9d219b0f,USR_18616,ORD_104017,2026-05-06 21:00:00,87.51,DMA_124_PORTLAND
82835799-bca6-4e30-a590-e2c7fd2fd288,USR_18617,ORD_104018,2026-03-31 20:35:00,137.99,DMA_126_ST_LOUIS
76218774-9e32-4be0-9aa4-daee39e1c47a,USR_18619,ORD_104019,2026-03-12 17:15:00,46.68,DMA_130_COLUMBUS
80957e01-1782-4e46-bc3e-cec21973f348,USR_18621,ORD_104020,2026-06-21 00:00:00,103.11,DMA_133_KANSAS_CITY
485b5780-3eeb-4328-99c3-0da37ce74e86,USR_18622,ORD_104021,2026-02-14 17:00:00,163.99,DMA_113_SAN_DIEGO
7c3ce6ef-85e5-4efb-800b-c37637c4c677,USR_18625,ORD_104022,2026-03-28 07:44:00,103.37,DMA_139_RICHMOND
ddb12e78-2eaa-49f5-a5ee-dd8bdcd37e6e,USR_18627,ORD_104023,2026-01-29 16:00:00,46.1,DMA_139_RICHMOND
c89dcc08-4bbb-4b14-9d22-765dcab37414,USR_18629,ORD_104024,2026-03-31 05:36:00,58.02,DMA_149_TUCSON
9e44b4d4-dc27-4711-b645-50f620af5936,USR_18630,ORD_104025,2026-05-02 13:22:00,76.78,DMA_142_BUFFALO
e6c4f752-fd01-4efc-aca7-4ba3ea6c8747,USR_18632,ORD_104026,2026-03-14 23:00:00,38.17,DMA_115_HOUSTON
f2fa0733-e31e-4745-98f3-9ea2f1f0787f,USR_18633,ORD_104027,2026-06-10 17:38:00,151.82,DMA_110_MIAMI
52a9157e-7bd7-4016-8ba1-92f677eeb19c,USR_18634,ORD_104028,2026-04-30 05:00:00,78.17,DMA_127_CHARLOTTE
5d49067f-e99e-43a3-ab28-e7f61252d437,USR_18635,ORD_104029,2026-03-18 16:00:00,64.75,DMA_111_PHOENIX
c025ba79-2646-435e-92f5-a342d37b3064,USR_18636,ORD_104030,2026-03-29 09:00:00,63.01,DMA_114_SAN_JOSE
1ba4729e-61b8-4d19-a962-34cb5171ce94,USR_18637,ORD_104031,2026-06-24 19:00:00,54.73,DMA_149_TUCSON
b71829d4-85e6-4f35-b994-384320ea04f4,USR_18640,ORD_104032,2026-06-10 10:43:00,89.64,DMA_113_SAN_DIEGO
c34c3317-b40a-4d49-a377-e9f53430d44c,USR_18642,ORD_104033,2026-02-02 11:00:00,103.55,DMA_145_BIRMINGHAM
25b7ec43-0eec-4e21-917e-ea96fa3d1768,USR_18644,ORD_104034,2026-04-24 10:32:00,48.82,DMA_124_PORTLAND
c9bb7087-d304-4b0a-82ac-a3c1b13a7c3a,USR_18645,ORD_104035,2026-03-27 17:00:00,53.59,DMA_106_AUSTIN
6aead426-00ae-404c-919c-64529b19a3bf,USR_18646,ORD_104036,2026-03-10 00:08:00,94.29,DMA_122_SACRAMENTO
fb9e71c4-ee0a-4ab0-9941-635799a20a69,USR_18647,ORD_104037,2026-02-18 18:00:00,55.25,DMA_127_CHARLOTTE
4be794bd-bc70-4545-ae07-81331cf26eda,USR_18648,ORD_104038,2026-01-29 12:20:00,45.38,DMA_103_LOS_ANGELES
e31df22d-2175-4525-bc4a-a5db10197819,USR_18650,ORD_104039,2026-06-03 12:00:00,68.48,DMA_101_NEW_YORK
a55e22b3-2ed2-426c-9f98-97f606781ecf,USR_18652,ORD_104040,2026-05-19 22:00:00,84.02,DMA_127_CHARLOTTE
abb5cf7c-5a4a-4cd8-88e4-18e341ee2f20,USR_18654,ORD_104041,2026-03-12 04:54:00,43.14,DMA_121_CLEVELAND
9db06790-02e7-4685-878b-f338517b1204,USR_18657,ORD_104042,2026-01-24 13:56:00,66.0,DMA_113_SAN_DIEGO
75b87b2c-02d0-4cd9-98ea-3e117198af6b,USR_18664,ORD_104043,2026-04-12 14:00:00,208.14,DMA_139_RICHMOND
d87eb195-68d5-46ef-bb58-1d5305b465ce,USR_18667,ORD_104044,2026-02-09 03:40:00,78.67,DMA_142_BUFFALO
c761ae0a-65a5-4e23-a38c-7e90fad58189,USR_18668,ORD_104045,2026-06-16 14:00:00,50.25,DMA_104_DALLAS
3296c9ed-c010-4169-88eb-4dfba7b7904b,USR_18669,ORD_104046,2026-04-25 07:00:00,52.61,DMA_147_GREENVILLE
42796010-0c9d-4256-8ac6-7e86fa8810ad,USR_18671,ORD_104047,2026-01-01 14:54:00,102.81,DMA_148_ALBUQUERQUE
2d8794b0-e133-4901-868f-a8b2278c61ea,USR_18672,ORD_104048,2026-04-11 08:00:00,172.22,DMA_147_GREENVILLE
66a162fb-4e79-4cf7-aed4-f52b21e8ea3f,USR_18673,ORD_104049,2026-03-08 17:00:00,198.24,DMA_124_PORTLAND
6df13150-f807-4afd-8685-87ef48d24eef,USR_18681,ORD_104050,2026-04-08 22:11:00,92.15,DMA_119_ORLANDO
273ef6fb-c9c4-47a5-8374-107603b2afd1,USR_18685,ORD_104051,2026-03-16 06:17:00,31.33,DMA_145_BIRMINGHAM
eaa8624c-be8f-410b-a313-99bb4cb6a130,USR_18686,ORD_104052,2026-05-09 10:00:00,59.58,DMA_137_OKLAHOMA_CITY
dcbd0ee6-3884-4f6a-8ee2-06e07398a006,USR_18687,ORD_104053,2026-05-06 18:47:00,41.96,DMA_105_SEATTLE
5f8e46eb-ba74-47c4-8326-582dd0ad2bd6,USR_18689,ORD_104054,2026-05-23 07:00:00,65.36,DMA_146_ROCHESTER
9239976f-b42d-42c0-9646-7cef7b95f765,USR_18690,ORD_104055,2026-05-25 12:00:00,330.82,DMA_143_HARTFORD
65fcb42c-ed6b-4ece-944f-88dd9bcaaca5,USR_18691,ORD_104056,2026-05-27 23:18:00,61.38,DMA_122_SACRAMENTO
631d796c-5274-4396-88ec-facc29170fef,USR_18692,ORD_104057,2026-01-13 13:55:00,144.95,DMA_103_LOS_ANGELES
90faa967-f849-4d03-8537-4a0265a7eb50,USR_18693,ORD_104058,2026-05-26 09:00:00,34.19,DMA_138_MEMPHIS
8715c6c7-e907-4246-a94b-dcefb27bb3e8,USR_18695,ORD_104059,2026-03-30 23:32:00,65.52,DMA_106_AUSTIN
e4ba914c-c52a-4826-8851-af90b6695d44,USR_18696,ORD_104060,2026-03-11 14:00:00,65.61,DMA_109_DENVER
f0da3dce-726d-43ad-ba17-9f820967903a,USR_18697,ORD_104061,2026-05-24 00:42:00,150.3,DMA_110_MIAMI
30be9528-9bb1-4624-aec6-61b89f96c1bf,USR_18702,ORD_104062,2026-03-09 02:13:00,33.76,DMA_144_PROVIDENCE
9fe0b81a-b696-4406-ac36-4aaa47dc05f8,USR_18704,ORD_104063,2026-05-31 17:00:00,77.14,DMA_136_RALEIGH
a45d8a84-3b32-460b-9f88-f5d80fbcc86a,USR_18705,ORD_104064,2026-01-29 18:58:00,36.92,DMA_143_HARTFORD
cd6bad75-0fb0-41d0-bf9c-1eca5b25cd86,USR_18709,ORD_104065,2026-01-15 16:00:00,75.48,DMA_131_INDIANAPOLIS
2abb580c-84bd-4421-9e99-0ef6f0a69384,USR_18711,ORD_104066,2026-01-15 02:16:00,39.05,DMA_118_TAMPA
bc4145c0-671d-4dfe-9a5e-b10a0414945c,USR_18712,ORD_104067,2026-01-25 22:00:00,93.8,DMA_142_BUFFALO
c67b2358-aa5c-4076-8cc4-b3d4fae18e0c,USR_18713,ORD_104068,2026-01-29 04:00:00,170.26,DMA_110_MIAMI
d2fa6b93-3d53-48be-aa76-14ed70bef4c3,USR_18714,ORD_104069,2026-04-17 03:00:00,47.93,DMA_118_TAMPA
bb2da42e-a01f-4cb7-b39e-28c8722a71a0,USR_18719,ORD_104070,2026-04-18 05:00:00,46.6,DMA_127_CHARLOTTE
2639c6b4-6067-4f95-9f5f-bdb50ff2a7c0,USR_18723,ORD_104071,2026-03-28 21:00:00,149.35,DMA_111_PHOENIX
19af607e-7f6c-46b2-bc70-52dfab811d98,USR_18724,ORD_104072,2026-02-03 10:00:00,108.82,DMA_106_AUSTIN
267d89f4-6f24-434f-aa82-c477c634adab,USR_18725,ORD_104073,2026-01-23 13:39:00,22.72,DMA_137_OKLAHOMA_CITY
40db3c7e-015e-4416-bd33-bb59b521f0a3,USR_18731,ORD_104074,2026-05-09 14:29:00,74.61,DMA_125_LAS_VEGAS
ce5f72a6-939e-4683-96a0-3571da4dd5e6,USR_18732,ORD_104075,2026-06-23 16:00:00,103.86,DMA_101_NEW_YORK
d65933ea-c1a0-4d77-bcbc-57b668b4cb45,USR_18733,ORD_104076,2026-01-11 23:35:00,89.48,DMA_100_SAN_FRANCISCO
081eeebf-da5d-4879-a6ef-1eea479bbdd5,USR_18734,ORD_104077,2026-01-30 02:00:00,173.47,DMA_107_ATLANTA
bc30fb1d-c206-47ab-bb4a-1932551dd27e,USR_18736,ORD_104078,2026-06-13 20:00:00,141.69,DMA_129_SALT_LAKE_CITY
557fb1f5-ab05-4b53-896d-6d3209f0b798,USR_18741,ORD_104079,2026-04-17 14:31:00,97.15,DMA_112_PHILADELPHIA
0662f0f7-b533-49c4-bc7a-8bc9ea0be47d,USR_18745,ORD_104080,2026-01-23 06:00:00,63.25,DMA_141_NEW_ORLEANS
043bf651-8836-4a1b-ad96-3488e901368c,USR_18747,ORD_104081,2026-02-10 19:54:00,54.43,DMA_146_ROCHESTER
bd0ebe86-a443-4cb9-a8e0-f9321003e83d,USR_18749,ORD_104082,2026-06-03 07:29:00,87.23,DMA_114_SAN_JOSE
2d9ce395-23ce-4753-aeb5-03411cba16ee,USR_18757,ORD_104083,2026-06-26 11:00:00,63.0,DMA_137_OKLAHOMA_CITY
73629784-d96e-46b4-8319-a384e1ae2593,USR_18759,ORD_104084,2026-03-12 15:11:00,53.99,DMA_109_DENVER
91c03398-0704-4437-9cf6-b43b07bf8f92,USR_18760,ORD_104085,2026-04-12 00:51:00,27.77,DMA_137_OKLAHOMA_CITY
281d1cfe-926f-4106-b3da-cf5555305cd7,USR_18762,ORD_104086,2026-04-17 19:53:00,117.26,DMA_101_NEW_YORK
a6c39727-9f0c-4d62-b4f8-005157211896,USR_18765,ORD_104087,2026-04-30 16:30:00,116.21,DMA_133_KANSAS_CITY
d96755ca-a02a-4aa4-87b1-e6549443560f,USR_18766,ORD_104088,2026-03-26 18:00:00,141.61,DMA_143_HARTFORD
cf382a5c-4bb3-4e7f-83b5-c0f9950919fe,USR_18768,ORD_104089,2026-02-27 09:10:00,52.23,DMA_136_RALEIGH
d288a294-3546-498d-b3f1-16a2b2a8cd7a,USR_18769,ORD_104090,2026-03-23 01:00:00,76.74,DMA_131_INDIANAPOLIS
1dfd2582-9587-4a4e-a9ba-0c56a8a55ccc,USR_18770,ORD_104091,2026-05-14 22:00:00,174.74,DMA_118_TAMPA
f3b68d45-41e1-4a3b-8126-6125b9ac44a2,USR_18778,ORD_104092,2026-02-23 08:41:00,19.33,DMA_126_ST_LOUIS
32143cb2-492d-4f9a-b0e4-d0b82dd7903f,USR_18779,ORD_104093,2026-04-03 07:00:00,40.48,DMA_129_SALT_LAKE_CITY
dab85bde-c5a0-40d1-b6ec-e13fe3b44fa4,USR_18780,ORD_104094,2026-06-14 10:00:00,197.31,DMA_121_CLEVELAND
0e356799-5fd6-415e-b1b5-fc2a7bae8fef,USR_18783,ORD_104095,2026-05-06 16:56:00,97.67,DMA_148_ALBUQUERQUE
64bb0793-9cfb-4916-8621-b587dfa2f0c1,USR_18788,ORD_104096,2026-05-12 02:00:00,156.57,DMA_126_ST_LOUIS
768669f3-7598-4d61-b6d1-7db177b710b8,USR_18793,ORD_104097,2026-03-10 08:08:00,28.97,DMA_136_RALEIGH
5bd5997a-2106-453b-8e5a-10b3ef419c64,USR_18794,ORD_104098,2026-02-19 06:20:00,109.43,DMA_144_PROVIDENCE
a8aba31b-5ef3-4c6c-ad22-8a1641f3af8c,USR_18795,ORD_104099,2026-05-06 20:00:00,53.15,DMA_126_ST_LOUIS
b6d6c8ba-1927-4885-b5eb-4a544e2e6e23,USR_18797,ORD_104100,2026-03-08 23:00:00,49.85,DMA_101_NEW_YORK
537a48e3-4781-47a4-9d35-cbeaa9b39aa6,USR_18798,ORD_104101,2026-04-26 12:30:00,48.57,DMA_127_CHARLOTTE
2af838db-a8ec-479a-8e67-3a7068c41795,USR_18799,ORD_104102,2026-03-18 18:45:00,55.7,DMA_131_INDIANAPOLIS
dafeb9e3-eaa4-4e25-8b35-d9c314b409b9,USR_18800,ORD_104103,2026-01-29 06:22:00,35.51,DMA_121_CLEVELAND
fc6cc595-21d2-40e6-ad56-adbe447edda2,USR_18801,ORD_104104,2026-06-21 15:00:00,112.95,DMA_147_GREENVILLE
8c8b78f1-88c5-49b9-bc70-17dbf6636857,USR_18803,ORD_104105,2026-03-31 11:00:00,89.79,DMA_130_COLUMBUS
14daf9db-dc5e-4c5f-b805-360e59baf18a,USR_18804,ORD_104106,2026-05-12 15:00:00,150.75,DMA_131_INDIANAPOLIS
2195df14-5855-4cac-ba3d-14311d1c07ac,USR_18806,ORD_104107,2026-06-04 18:09:00,75.69,DMA_149_TUCSON
395a17be-9431-4b08-bc94-8b4958cbd9a3,USR_18810,ORD_104108,2026-06-21 16:00:00,59.72,DMA_100_SAN_FRANCISCO
928ca165-4c98-49ff-b7a6-b68d11ba9f8b,USR_18816,ORD_104109,2026-03-04 01:00:00,57.43,DMA_130_COLUMBUS
5e525920-544b-42d9-96c5-c41903984878,USR_18817,ORD_104110,2026-01-25 04:00:00,151.76,DMA_145_BIRMINGHAM
c5fb2275-dda1-45cc-9436-4b25ffa3b9ab,USR_18819,ORD_104111,2026-01-05 07:10:00,50.1,DMA_102_CHICAGO
ad81a6f3-0795-4b7b-93ec-37a33e6be4be,USR_18820,ORD_104112,2026-01-14 09:00:00,146.82,DMA_121_CLEVELAND
9e8accd1-c2ec-4c10-bd64-db8008f63e24,USR_18821,ORD_104113,2026-02-27 02:00:00,30.77,DMA_102_CHICAGO
855914d7-d6f6-41e1-b7cb-a629eb4fb2e6,USR_18823,ORD_104114,2026-03-07 02:50:00,110.34,DMA_120_BALTIMORE
2a0b5e77-19e9-4797-a024-e1b6a0c600b5,USR_18824,ORD_104115,2026-01-21 06:56:00,61.0,DMA_138_MEMPHIS
d9c3646d-8310-4940-bc4a-9544b01d02a2,USR_18827,ORD_104116,2026-03-26 19:00:00,53.04,DMA_107_ATLANTA
23126b60-b76f-4cf5-80e1-1ed56676b1f4,USR_18830,ORD_104117,2026-06-14 05:00:00,133.64,DMA_101_NEW_YORK
274b5710-0465-47ac-8b88-7ad4b64a6761,USR_18831,ORD_104118,2026-04-20 03:07:00,19.11,DMA_134_CINCINNATI
0ca885e5-4136-4260-a8e2-788b4c390568,USR_18832,ORD_104119,2026-03-06 18:27:00,80.53,DMA_126_ST_LOUIS
7916ebc9-5ff3-4765-b6f6-d89ea08e4c6b,USR_18833,ORD_104120,2026-03-11 02:32:00,39.8,DMA_119_ORLANDO
9800156a-649a-4d4c-a7d4-89b315299669,USR_18834,ORD_104121,2026-02-17 06:47:00,49.6,DMA_136_RALEIGH
72c0836f-30f6-4179-95b5-f7c2d55a6853,USR_18835,ORD_104122,2026-01-18 04:43:00,59.52,DMA_133_KANSAS_CITY
eb8d4f74-2a7b-4129-8538-32b42e4a2366,USR_18837,ORD_104123,2026-05-15 00:11:00,37.02,DMA_103_LOS_ANGELES
8b2df828-c65d-4794-a1e3-227f8cb13ac5,USR_18840,ORD_104124,2026-05-27 02:00:00,229.85,DMA_143_HARTFORD
3b6646ca-c048-49ce-9e5d-cdae09e48c33,USR_18844,ORD_104125,2026-05-07 08:00:00,90.9,DMA_104_DALLAS
e669e98b-0ad4-44ac-9098-ee1f3a27b0a9,USR_18849,ORD_104126,2026-06-01 10:00:00,123.65,DMA_127_CHARLOTTE
9ca69976-a990-4ce3-b0dd-d7fda21fb9c5,USR_18851,ORD_104127,2026-01-08 08:00:00,41.09,DMA_101_NEW_YORK
168a8387-336b-4f9a-a91c-1c074297e296,USR_18852,ORD_104128,2026-04-06 23:00:00,100.65,DMA_144_PROVIDENCE
c535e432-c5f7-4417-a736-0337cc9bfc9c,USR_18854,ORD_104129,2026-01-27 09:22:00,122.78,DMA_104_DALLAS
d2bcd6d0-5d96-46b3-9dff-10877d655569,USR_18855,ORD_104130,2026-01-14 21:35:00,159.08,DMA_141_NEW_ORLEANS
1b1cbc2f-c4ac-462e-b620-cc18181753f2,USR_18856,ORD_104131,2026-01-17 01:00:00,40.92,DMA_119_ORLANDO
355dd477-2e5e-49dd-ad05-80c8a7dca79d,USR_18859,ORD_104132,2026-05-13 19:00:00,105.5,DMA_126_ST_LOUIS
1a750bc2-79ab-4406-aa7b-9f737a455047,USR_18860,ORD_104133,2026-03-13 15:10:00,150.63,DMA_111_PHOENIX
dc17484a-d8f5-45f8-9eb9-9929ee459f21,USR_18861,ORD_104134,2026-03-11 12:00:00,75.35,DMA_128_NASHVILLE
66850fe7-dc35-4dfe-bd0d-44d0afd13459,USR_18862,ORD_104135,2026-02-22 10:16:00,89.42,DMA_114_SAN_JOSE
9e8c0f7c-00f4-4232-9cda-88c1e56988bc,USR_18863,ORD_104136,2026-01-20 04:00:00,92.92,DMA_133_KANSAS_CITY
82b07e2d-f9be-4272-8397-5743b794afc5,USR_18864,ORD_104137,2026-06-03 19:00:00,120.6,DMA_125_LAS_VEGAS
34cb0b8e-7a31-40ca-8168-d76b8c887bd2,USR_18870,ORD_104138,2026-02-04 22:00:00,250.25,DMA_113_SAN_DIEGO
dbc58815-ca45-4cb0-be2f-010b82f2ecc9,USR_18871,ORD_104139,2026-03-11 11:00:00,59.1,DMA_106_AUSTIN
2a5bec0c-a186-4971-aecd-ce427293f46d,USR_18873,ORD_104140,2026-04-07 05:00:00,161.69,DMA_101_NEW_YORK
74a87116-ad87-4035-8bfc-c704ed7dcd75,USR_18875,ORD_104141,2026-02-24 00:59:00,79.94,DMA_134_CINCINNATI
8052fae1-6ea2-4901-983b-66a0eddf0ac8,USR_18876,ORD_104142,2026-04-29 11:49:00,119.26,DMA_146_ROCHESTER
24af6339-15e5-4d43-a6f7-b34d15afc0f8,USR_18878,ORD_104143,2026-01-10 16:00:00,45.63,DMA_129_SALT_LAKE_CITY
0c81dbd5-d5bf-4032-8b2d-523ce46534d6,USR_18879,ORD_104144,2026-06-10 13:59:00,34.02,DMA_146_ROCHESTER
d86ae808-a533-46b1-ae93-76d8206634fa,USR_18881,ORD_104145,2026-03-01 18:49:00,37.24,DMA_149_TUCSON
cb67696e-163d-44f2-8d29-1ae2f8fd377b,USR_18883,ORD_104146,2026-04-18 22:00:00,217.54,DMA_118_TAMPA
07c145ad-2174-431c-8d07-17a23420f6b3,USR_18887,ORD_104147,2026-05-30 03:22:00,35.21,DMA_100_SAN_FRANCISCO
df4b304b-32ab-4d71-8b1c-265a45a2d1db,USR_18888,ORD_104148,2026-01-19 12:50:00,105.16,DMA_138_MEMPHIS
32c6e2cf-fac7-47ff-b775-b262c50b13cf,USR_18889,ORD_104149,2026-06-02 02:00:00,43.2,DMA_141_NEW_ORLEANS
f3aa52eb-4236-4590-b55e-151081fee714,USR_18891,ORD_104150,2026-06-03 17:00:00,20.36,DMA_138_MEMPHIS
a0a817b8-d09e-4a7e-b8ea-32af13b2d758,USR_18892,ORD_104151,2026-02-27 04:00:00,99.56,DMA_135_MILWAUKEE
9c65401b-ae71-461a-87a2-d5ff4e4bc307,USR_18894,ORD_104152,2026-06-07 04:00:00,71.03,DMA_122_SACRAMENTO
1065fd84-748a-4653-8480-c2f290d1dc0a,USR_18901,ORD_104153,2026-02-06 18:00:00,84.37,DMA_137_OKLAHOMA_CITY
f54f92d1-3394-4ffa-85a7-d80ca219b986,USR_18904,ORD_104154,2026-01-23 17:00:00,84.12,DMA_125_LAS_VEGAS
8f7cde55-2d91-4be9-b67f-8783b47898ab,USR_18905,ORD_104155,2026-03-10 20:52:00,92.81,DMA_133_KANSAS_CITY
15f87029-650e-49ea-8f84-d43c88cf339e,USR_18909,ORD_104156,2026-04-03 08:06:00,86.07,DMA_104_DALLAS
137542c1-2fc3-4f9f-8b20-4cdd3e6de451,USR_18910,ORD_104157,2026-03-03 10:32:00,76.28,DMA_135_MILWAUKEE
186eb93b-36a4-45e0-b660-3c9f02fcca9c,USR_18911,ORD_104158,2026-01-12 23:12:00,51.55,DMA_113_SAN_DIEGO
c856068d-d177-4646-be06-bad6f77fd9c1,USR_18914,ORD_104159,2026-06-09 17:00:00,83.66,DMA_123_PITTSBURGH
ded7c344-befa-425b-96b1-e1f3754b8caa,USR_18915,ORD_104160,2026-05-25 21:00:00,97.75,DMA_134_CINCINNATI
39be768a-d651-44f9-88ea-c6d83fb9537d,USR_18917,ORD_104161,2026-01-16 16:11:00,110.13,DMA_106_AUSTIN
a7ec1b2b-6059-4341-844b-079d5d4e02cd,USR_18920,ORD_104162,2026-05-19 11:00:00,125.1,DMA_117_MINNEAPOLIS
df994757-9b09-458b-bc9e-8172f71c311a,USR_18922,ORD_104163,2026-04-17 23:25:00,54.37,DMA_114_SAN_JOSE
b2e9a8bc-c719-4950-a517-bf1b8b3cd7d8,USR_18923,ORD_104164,2026-05-08 12:00:00,77.78,DMA_132_SAN_ANTONIO
ccd6ab3d-886f-4c15-acf0-20de78ea0357,USR_18925,ORD_104165,2026-06-11 05:00:00,28.57,DMA_100_SAN_FRANCISCO
c6174e1c-49b8-4b72-b1b2-6a46c7dcf41d,USR_18928,ORD_104166,2026-03-09 07:00:00,261.48,DMA_114_SAN_JOSE
837037e5-1b25-4530-a4da-d9561cc2bad2,USR_18930,ORD_104167,2026-06-20 20:00:00,89.07,DMA_116_DETROIT
c60ffb99-0a25-4fa3-ab0f-299322c89b98,USR_18932,ORD_104168,2026-03-16 17:32:00,46.5,DMA_149_TUCSON
089b113e-d6c6-4c32-8d8f-17425eea9c4d,USR_18933,ORD_104169,2026-06-06 02:40:00,83.52,DMA_129_SALT_LAKE_CITY
312b58f1-b090-4f72-9102-22b593217c93,USR_18945,ORD_104170,2026-01-01 21:36:00,49.66,DMA_134_CINCINNATI
9f37b717-ba9d-4443-8ace-38a44ff6123c,USR_18946,ORD_104171,2026-01-03 03:57:00,57.82,DMA_106_AUSTIN
04ccf7d1-277d-4921-b5a9-d6efb377be65,USR_18947,ORD_104172,2026-06-05 10:25:00,107.64,DMA_122_SACRAMENTO
1676bba6-9476-4795-8dc0-176f446202b2,USR_18948,ORD_104173,2026-01-26 18:40:00,52.59,DMA_139_RICHMOND
fc9f5922-8aff-4885-9c8b-1282caabeade,USR_18952,ORD_104174,2026-03-04 07:00:00,60.86,DMA_107_ATLANTA
1e76efd9-2332-45fe-bfe0-ad04f760c4bb,USR_18957,ORD_104175,2026-04-27 05:10:00,77.59,DMA_144_PROVIDENCE
b8759299-717f-494d-a5e0-950b898039d1,USR_18958,ORD_104176,2026-01-27 01:00:00,63.21,DMA_109_DENVER
bc3f8fc9-67e9-4b81-9def-cc5b8a01b992,USR_18963,ORD_104177,2026-02-19 23:00:00,40.93,DMA_147_GREENVILLE
fcb5ee0c-21e9-4899-9938-c10004e9268a,USR_18967,ORD_104178,2026-05-25 16:00:00,92.18,DMA_112_PHILADELPHIA
53e449a6-669f-4a15-86ba-8efa5fb4b9f1,USR_18969,ORD_104179,2026-06-03 05:12:00,127.57,DMA_134_CINCINNATI
d04d7f02-a0b0-4bf6-8f6f-b1edc2acdd9a,USR_18972,ORD_104180,2026-03-23 12:00:00,85.83,DMA_101_NEW_YORK
35a8e35f-55d3-4362-9aa2-e237d9db39ba,USR_18974,ORD_104181,2026-04-29 10:06:00,62.44,DMA_127_CHARLOTTE
610ddf2d-3676-41cf-834a-fc360216875b,USR_18979,ORD_104182,2026-01-30 14:00:00,55.57,DMA_149_TUCSON
5e49017e-3ff2-42f9-a74d-06bd32133c6e,USR_18981,ORD_104183,2026-02-12 16:27:00,57.26,DMA_124_PORTLAND
a9652c42-713f-429e-a6cd-46d1519fca01,USR_18983,ORD_104184,2026-02-23 07:00:00,130.62,DMA_105_SEATTLE
e490382d-39a7-4a37-9dbf-56901359768e,USR_18984,ORD_104185,2026-06-05 06:13:00,37.81,DMA_123_PITTSBURGH
ac508f19-706c-431d-99c7-78e1f5611083,USR_18985,ORD_104186,2026-02-06 06:00:00,65.72,DMA_135_MILWAUKEE
9a23fb60-6507-4264-9138-d9c0c46984e2,USR_18986,ORD_104187,2026-04-05 03:50:00,136.81,DMA_138_MEMPHIS
f4e96491-6dfa-40d1-993d-4c81c282fa98,USR_18992,ORD_104188,2026-04-04 02:00:00,87.2,DMA_108_BOSTON
0a936c13-15ab-4500-9278-74480328709f,USR_18994,ORD_104189,2026-03-12 20:20:00,80.52,DMA_104_DALLAS
0e1d5468-bf42-450d-a21e-7a3f095b1f81,USR_18995,ORD_104190,2026-05-06 01:00:00,120.67,DMA_145_BIRMINGHAM
785578a1-1043-407f-a0de-b8374636678f,USR_18997,ORD_104191,2026-04-02 23:13:00,95.02,DMA_145_BIRMINGHAM
fc2df667-9eaf-47af-9958-ee6a7b5bd642,USR_18999,ORD_104192,2026-06-09 09:21:00,98.28,DMA_128_NASHVILLE
317e8c93-feab-4765-934e-a5e5e4f0869e,USR_19002,ORD_104193,2026-02-23 23:14:00,47.93,DMA_134_CINCINNATI
fc33f1b8-6879-4112-8972-bd2033cc7e77,USR_19003,ORD_104194,2026-01-03 14:45:00,75.11,DMA_108_BOSTON
bb60fba5-9e89-4b6c-9ecc-0251d842c44f,USR_19006,ORD_104195,2026-04-23 16:26:00,51.31,DMA_133_KANSAS_CITY
17414d03-6ce2-40d2-9574-cb6267557d4b,USR_19007,ORD_104196,2026-06-10 19:00:00,64.39,DMA_112_PHILADELPHIA
8a298bc6-fd3a-49c2-8797-f00f53dd35bb,USR_19008,ORD_104197,2026-02-15 13:00:00,241.19,DMA_138_MEMPHIS
748f04f0-6413-4f4e-aab9-a563a08b73a6,USR_19009,ORD_104198,2026-01-15 10:00:00,45.97,DMA_137_OKLAHOMA_CITY
39faaefc-78d0-4128-9abd-9ab75de3f360,USR_19012,ORD_104199,2026-05-06 03:50:00,68.48,DMA_144_PROVIDENCE
018d6f43-e676-48d3-891b-0835910bc37f,USR_19016,ORD_104200,2026-03-18 11:00:00,79.96,DMA_117_MINNEAPOLIS
08e6703a-1bbe-4a97-8cb5-9bc5bf728485,USR_19017,ORD_104201,2026-01-23 09:00:00,55.58,DMA_149_TUCSON
a112faff-2122-4ad7-adba-091410aea700,USR_19018,ORD_104202,2026-04-28 02:33:00,52.73,DMA_146_ROCHESTER
3ce4d7d6-38e3-4c83-830d-fe3edffd1d04,USR_19019,ORD_104203,2026-03-19 08:14:00,57.38,DMA_110_MIAMI
54943692-9d96-4ad6-a4c5-566ed5d6b510,USR_19020,ORD_104204,2026-03-10 14:00:00,68.84,DMA_108_BOSTON
d5fa45e7-8019-4f8d-935f-2305bfbb511e,USR_19024,ORD_104205,2026-03-17 00:00:00,27.73,DMA_102_CHICAGO
a1e98d48-90fc-4b1e-8b08-9aceddd07251,USR_19025,ORD_104206,2026-04-22 04:29:00,52.61,DMA_125_LAS_VEGAS
890c461c-dff2-46ba-baf8-0878f4fbe2f2,USR_19026,ORD_104207,2026-06-02 01:35:00,35.07,DMA_140_LOUISVILLE
ad37e6ae-cd28-4b82-aab9-d2ae669535f6,USR_19027,ORD_104208,2026-04-14 10:00:00,74.59,DMA_110_MIAMI
d1b652a7-030e-43e5-a240-f560e043b281,USR_19028,ORD_104209,2026-02-06 20:45:00,28.22,DMA_142_BUFFALO
6323b7a9-d88e-490a-a6d9-6db838487559,USR_19029,ORD_104210,2026-03-06 07:00:00,73.96,DMA_149_TUCSON
0c3f7638-fbe0-4a16-8a26-539257e10c2c,USR_19030,ORD_104211,2026-04-25 02:23:00,77.51,DMA_102_CHICAGO
930c2d35-e935-4660-a957-53882966cf8d,USR_19031,ORD_104212,2026-03-28 07:00:00,87.63,DMA_109_DENVER
f4a9aca8-563d-415a-819c-ab08842800b9,USR_19038,ORD_104213,2026-01-18 09:28:00,76.47,DMA_122_SACRAMENTO
5da8b120-abe6-4996-aeeb-85d575d1c015,USR_19050,ORD_104214,2026-04-07 08:00:00,88.9,DMA_114_SAN_JOSE
14e6425f-8d44-4b5b-9cd9-75038688069c,USR_19051,ORD_104215,2026-04-28 19:43:00,71.29,DMA_118_TAMPA
b4cb7fb1-0f61-4345-8926-5dd50a88a21e,USR_19052,ORD_104216,2026-05-17 21:00:00,135.02,DMA_106_AUSTIN
43f00153-844c-4f65-8159-e4fa6cbb5077,USR_19053,ORD_104217,2026-06-14 11:40:00,79.41,DMA_132_SAN_ANTONIO
1d12f801-5165-4e0f-8b6c-9ed34008cf36,USR_19056,ORD_104218,2026-06-07 13:00:00,110.53,DMA_122_SACRAMENTO
69683871-9f0e-4ba7-84c2-74b89ed18849,USR_19057,ORD_104219,2026-05-13 11:00:00,103.31,DMA_110_MIAMI
7f065b6f-be79-4433-a4fa-fbe883334d7b,USR_19061,ORD_104220,2026-04-19 15:21:00,46.42,DMA_118_TAMPA
edc496b6-468d-4fb3-8b4a-dadeda83bb19,USR_19063,ORD_104221,2026-06-08 09:11:00,64.13,DMA_132_SAN_ANTONIO
b56bc8b4-cf96-4a87-8730-2eaebc360cca,USR_19064,ORD_104222,2026-05-26 11:36:00,51.54,DMA_130_COLUMBUS
66f3012c-7eba-4d47-99cb-a14085190878,USR_19067,ORD_104223,2026-03-25 02:22:00,70.53,DMA_109_DENVER
10ea9019-70ec-4b77-8abd-7dc145a6d852,USR_19069,ORD_104224,2026-03-16 22:00:00,68.44,DMA_127_CHARLOTTE
a85f758e-f1b1-4725-8022-4a343f305042,USR_19073,ORD_104225,2026-02-14 20:00:00,228.74,DMA_141_NEW_ORLEANS
b4227503-116a-41c2-a24d-9f2d19e9fd60,USR_19077,ORD_104226,2026-05-29 14:55:00,132.28,DMA_117_MINNEAPOLIS
de5f6856-b771-4bd7-a529-cd0172183d92,USR_19081,ORD_104227,2026-06-03 10:41:00,129.64,DMA_112_PHILADELPHIA
48112c15-8ee6-4aa2-a003-1f9f2a035555,USR_19083,ORD_104228,2026-01-06 22:13:00,49.66,DMA_107_ATLANTA
7440ea52-1714-4690-8238-209fb9feb78f,USR_19085,ORD_104229,2026-01-11 23:13:00,59.54,DMA_138_MEMPHIS
b6ef1d17-d8ce-4321-9c22-2f33808df392,USR_19087,ORD_104230,2026-05-30 01:00:00,132.89,DMA_127_CHARLOTTE
e1430432-7b6b-4ae6-a3eb-929f181aeb5c,USR_19089,ORD_104231,2026-04-17 04:00:00,56.89,DMA_112_PHILADELPHIA
7952257d-726d-4923-b8cb-d48b1eced0fd,USR_19090,ORD_104232,2026-03-31 05:38:00,27.17,DMA_145_BIRMINGHAM
4e3bad90-c6e8-4851-a304-df854a87cb69,USR_19092,ORD_104233,2026-03-26 18:00:00,152.82,DMA_129_SALT_LAKE_CITY
4531d592-9824-407e-a6db-dcc0b03004b9,USR_19097,ORD_104234,2026-01-30 04:29:00,59.64,DMA_137_OKLAHOMA_CITY
7d1f1a26-8207-4ee4-ac5e-97b6d648fdb3,USR_19100,ORD_104235,2026-04-30 21:00:00,44.23,DMA_130_COLUMBUS
20ba8177-2147-41bb-b5e8-ef94c83729c1,USR_19101,ORD_104236,2026-01-12 14:06:00,51.97,DMA_122_SACRAMENTO
18d93cbd-af49-47d1-9e38-daea209f23ad,USR_19106,ORD_104237,2026-03-19 23:00:00,41.71,DMA_130_COLUMBUS
0ed0a165-b667-4354-a920-5304a3eed918,USR_19109,ORD_104238,2026-03-24 03:00:00,46.86,DMA_116_DETROIT
aa90c6c9-6ef8-4a80-aa26-fc5ce7bd5eae,USR_19112,ORD_104239,2026-05-22 07:17:00,57.24,DMA_144_PROVIDENCE
8f344557-ea90-47d4-93f8-cbd2d6767538,USR_19116,ORD_104240,2026-01-17 13:00:00,165.05,DMA_124_PORTLAND
6f1428ef-4d91-4c4c-925a-d880fadec100,USR_19117,ORD_104241,2026-05-04 03:00:00,96.64,DMA_120_BALTIMORE
b0b0c78b-d2da-46ed-a36c-24d3eeb9dcf5,USR_19118,ORD_104242,2026-05-18 16:05:00,44.63,DMA_136_RALEIGH
c5a14127-2d24-4b3b-afaa-6cb96e79de88,USR_19119,ORD_104243,2026-03-15 02:00:00,81.82,DMA_145_BIRMINGHAM
ad6f4457-e3ee-4303-bd43-69426c464d95,USR_19120,ORD_104244,2026-05-28 14:27:00,46.61,DMA_103_LOS_ANGELES
d72b5a38-ea46-42df-ac57-563df29dca1e,USR_19122,ORD_104245,2026-04-06 12:00:00,147.09,DMA_118_TAMPA
67c7a406-e524-4fd4-8115-d115959afa63,USR_19124,ORD_104246,2026-03-17 16:00:00,71.68,DMA_139_RICHMOND
a5cad5ef-c1d7-468a-a4d0-de6df9d13540,USR_19125,ORD_104247,2026-04-30 11:46:00,45.36,DMA_125_LAS_VEGAS
5ccd9128-8f26-450b-adea-fbcc3bf98c2c,USR_19127,ORD_104248,2026-05-17 21:00:00,224.17,DMA_101_NEW_YORK
80483bb6-4722-460d-997b-adcdb2f8158a,USR_19128,ORD_104249,2026-06-19 20:00:00,237.7,DMA_101_NEW_YORK
088075ad-a24a-4a4c-9c24-2b9ba0747fd3,USR_19130,ORD_104250,2026-05-29 17:35:00,56.89,DMA_124_PORTLAND
c2259161-247f-4ebc-9c65-44db967c7f74,USR_19132,ORD_104251,2026-01-18 09:37:00,110.56,DMA_102_CHICAGO
bbd6a393-ed5b-4bf1-93c0-fae8336af86e,USR_19133,ORD_104252,2026-06-22 00:00:00,85.65,DMA_139_RICHMOND
05079311-e970-4fdf-a810-c066ab68b5bd,USR_19138,ORD_104253,2026-01-26 04:43:00,50.84,DMA_134_CINCINNATI
ac247781-b55c-4ed0-9512-a583ce579ca0,USR_19139,ORD_104254,2026-03-22 12:13:00,33.48,DMA_134_CINCINNATI
e535fa23-c7bd-4a75-8e42-e17b68c7d419,USR_19143,ORD_104255,2026-02-06 18:00:00,76.62,DMA_131_INDIANAPOLIS
8b01c573-88ad-4827-b75e-823f995d770b,USR_19145,ORD_104256,2026-02-04 17:00:00,110.9,DMA_133_KANSAS_CITY
9f5dcea8-0a58-4bce-95bc-9d39205f6016,USR_19146,ORD_104257,2026-06-06 07:00:00,171.83,DMA_114_SAN_JOSE
540fb96b-0c7a-4489-8fc7-d3525d53ce02,USR_19150,ORD_104258,2026-02-19 00:39:00,53.0,DMA_127_CHARLOTTE
fa9bba50-c8b9-4a96-8c6d-d4a2c787f686,USR_19153,ORD_104259,2026-01-26 19:05:00,33.36,DMA_145_BIRMINGHAM
98e4cd8e-c22f-4a95-a46c-9f3cd3a26946,USR_19155,ORD_104260,2026-04-08 08:00:00,128.49,DMA_144_PROVIDENCE
5139c77b-d720-461c-80d8-5c6613085b0d,USR_19156,ORD_104261,2026-06-27 01:00:00,43.15,DMA_104_DALLAS
ec41ffbb-297c-40c3-a7a0-588a947c0e83,USR_19157,ORD_104262,2026-02-18 01:00:00,113.09,DMA_114_SAN_JOSE
456b4551-14ed-40c0-ba33-711d2e0dd917,USR_19158,ORD_104263,2026-05-29 04:00:00,112.35,DMA_107_ATLANTA
12f1d829-d15c-42e6-ba55-4045d2998bc5,USR_19162,ORD_104264,2026-03-15 11:00:00,24.44,DMA_124_PORTLAND
ceea1d60-2284-4a0f-8025-93dc414cb2d0,USR_19163,ORD_104265,2026-04-15 11:55:00,89.5,DMA_143_HARTFORD
33c7d4c2-1d0b-4b55-a7d6-14b3d5a9261b,USR_19164,ORD_104266,2026-03-28 08:00:00,117.04,DMA_130_COLUMBUS
18a2aa18-142c-4a13-80fa-f96aa2031312,USR_19165,ORD_104267,2026-03-18 20:00:00,647.2,DMA_138_MEMPHIS
9d9eba5f-1c95-4135-9e11-24847f85ff77,USR_19167,ORD_104268,2026-02-11 07:05:00,62.14,DMA_114_SAN_JOSE
31d09260-fda9-43d2-9061-ac3cd1ce37fa,USR_19169,ORD_104269,2026-02-17 20:17:00,126.91,DMA_137_OKLAHOMA_CITY
a1606250-c724-4987-b9e7-f52e05ed8748,USR_19171,ORD_104270,2026-05-21 03:30:00,62.66,DMA_123_PITTSBURGH
e35fd4e6-d32b-497f-83b7-02f174834901,USR_19175,ORD_104271,2026-02-24 20:00:00,181.76,DMA_110_MIAMI
3eaa3b25-9542-4546-bfa0-2232b96e354d,USR_19176,ORD_104272,2026-05-14 10:00:00,96.02,DMA_108_BOSTON
2a37e218-94e6-48f4-8db6-6f8a4ce2f545,USR_19177,ORD_104273,2026-04-02 01:00:00,90.84,DMA_118_TAMPA
99a74163-8db5-4141-a7b6-e19c2587679d,USR_19178,ORD_104274,2026-04-08 02:32:00,78.9,DMA_103_LOS_ANGELES
79b75fe6-6425-43cf-b511-72a8a4fcbe86,USR_19179,ORD_104275,2026-06-01 11:00:00,63.07,DMA_119_ORLANDO
2b13c54f-9473-4fbe-b04b-5bc4b646d7ea,USR_19181,ORD_104276,2026-03-26 09:00:00,88.76,DMA_108_BOSTON
b7fd2a13-c513-4695-ab91-151fbdb5ddbd,USR_19183,ORD_104277,2026-04-22 12:00:00,55.24,DMA_131_INDIANAPOLIS
4d2959b0-098b-44fd-9db0-4600865a607c,USR_19192,ORD_104278,2026-03-04 03:00:00,100.31,DMA_125_LAS_VEGAS
ac6ec2a1-f6fb-48b8-ab52-2fb9ab5e320f,USR_19194,ORD_104279,2026-04-02 07:27:00,55.88,DMA_135_MILWAUKEE
6835981d-1762-49d6-8563-c0a50a444153,USR_19195,ORD_104280,2026-04-22 02:00:00,79.27,DMA_140_LOUISVILLE
d67177c5-2ca8-41a4-b9cc-263ccefbbc4c,USR_19202,ORD_104281,2026-04-21 18:00:00,119.5,DMA_115_HOUSTON
a3a89825-faa1-4859-91cc-10470025a3fa,USR_19206,ORD_104282,2026-04-13 17:00:00,155.35,DMA_100_SAN_FRANCISCO
54ad19d2-83c2-46f1-b391-ddce493ae6a6,USR_19207,ORD_104283,2026-05-09 23:00:00,87.88,DMA_113_SAN_DIEGO
235922bc-b8cc-43da-b853-cd08f961e75c,USR_19209,ORD_104284,2026-04-19 16:00:00,225.84,DMA_130_COLUMBUS
80d53e45-267f-4acf-8801-af968f53ecc1,USR_19210,ORD_104285,2026-03-14 14:00:00,85.24,DMA_117_MINNEAPOLIS
31a3e30c-c31e-426b-b4df-27f2f4846fe0,USR_19212,ORD_104286,2026-02-24 17:00:00,163.13,DMA_124_PORTLAND
294a9242-af68-49b6-9c42-a0246dae11fe,USR_19213,ORD_104287,2026-06-21 16:00:00,55.05,DMA_134_CINCINNATI
69dd53c4-06ac-40bc-b85f-877dabfd5bb9,USR_19216,ORD_104288,2026-05-08 21:39:00,78.9,DMA_149_TUCSON
43b86477-5949-4609-b9bc-dca6f20eed6b,USR_19219,ORD_104289,2026-04-17 13:54:00,48.66,DMA_127_CHARLOTTE
3de58c87-b282-44b0-9124-47c1ca713893,USR_19227,ORD_104290,2026-05-27 11:00:00,35.08,DMA_145_BIRMINGHAM
ef194d56-ef34-4f72-bd83-f132c984ecb6,USR_19232,ORD_104291,2026-02-26 20:00:00,24.49,DMA_106_AUSTIN
b92338b4-50ee-4d2f-923b-aded1379b735,USR_19238,ORD_104292,2026-05-08 13:00:00,138.15,DMA_138_MEMPHIS
016fdf4a-26e2-4fa2-a27b-373614cffa6d,USR_19242,ORD_104293,2026-02-09 22:00:00,46.02,DMA_147_GREENVILLE
b5f5a78c-b52e-4df6-ab77-8ed2f4d69dd1,USR_19244,ORD_104294,2026-02-17 22:41:00,70.45,DMA_131_INDIANAPOLIS
281c1fa1-2891-48ed-b115-1050a980ad60,USR_19247,ORD_104295,2026-06-06 18:00:00,171.0,DMA_102_CHICAGO
8ffab5ec-9e1b-4c4a-ad4e-140a2f83ed4f,USR_19248,ORD_104296,2026-03-27 15:57:00,66.55,DMA_133_KANSAS_CITY
23054a84-87b8-480e-9e4b-e1b6d044ca1e,USR_19250,ORD_104297,2026-02-24 06:46:00,51.65,DMA_102_CHICAGO
5cf76cb8-4f81-4670-9169-d48988497aa7,USR_19253,ORD_104298,2026-06-07 02:12:00,136.13,DMA_131_INDIANAPOLIS
565e22bf-0f7d-4a12-9ecb-ac356c67da58,USR_19255,ORD_104299,2026-04-30 19:50:00,50.97,DMA_139_RICHMOND
b3654a24-1c03-4297-aecc-3758b4c19286,USR_19256,ORD_104300,2026-05-15 21:00:00,119.24,DMA_106_AUSTIN
819167c9-6803-4e34-88bf-516712a8eec3,USR_19259,ORD_104301,2026-04-07 12:00:00,69.3,DMA_130_COLUMBUS
c631481f-08ae-4157-9945-29c70d7b2b6b,USR_19262,ORD_104302,2026-05-10 05:00:00,84.11,DMA_132_SAN_ANTONIO
1179eeea-ed5e-4690-b843-970faecaecef,USR_19263,ORD_104303,2026-05-14 20:00:00,74.85,DMA_137_OKLAHOMA_CITY
013eb4dc-68e2-4e5e-9897-ca3ca7f740a7,USR_19264,ORD_104304,2026-02-20 09:00:00,50.37,DMA_135_MILWAUKEE
8a0884c6-3866-46fe-a025-e06eec51827f,USR_19267,ORD_104305,2026-05-26 04:52:00,214.11,DMA_116_DETROIT
5f65e902-32d1-45a4-83bb-f8198de4a53d,USR_19272,ORD_104306,2026-02-24 00:00:00,195.89,DMA_124_PORTLAND
afcd5d4d-5d32-4f64-ad1e-727c43897198,USR_19273,ORD_104307,2026-01-05 00:17:00,49.64,DMA_101_NEW_YORK
605dd1b6-530d-4482-8875-51440fc85b23,USR_19275,ORD_104308,2026-06-13 07:00:00,83.74,DMA_105_SEATTLE
58a27d2a-921a-45a4-984f-ea644a6e3c3c,USR_19277,ORD_104309,2026-05-12 23:32:00,50.8,DMA_109_DENVER
4e376b21-7bba-48cc-a5d8-1b67d3f82094,USR_19279,ORD_104310,2026-02-21 06:50:00,38.91,DMA_121_CLEVELAND
8ddbf2d7-a422-4136-b2e8-b4589ec40f85,USR_19280,ORD_104311,2026-01-12 11:00:00,108.15,DMA_126_ST_LOUIS
66784d01-26eb-4af3-98ab-fa1d6c3c4de1,USR_19287,ORD_104312,2026-01-08 05:13:00,60.85,DMA_136_RALEIGH
139c1756-aed3-403c-8d6c-1942ec6d5785,USR_19288,ORD_104313,2026-05-24 09:41:00,83.91,DMA_118_TAMPA
5f9d6be8-c173-4f98-b5fe-8e58c26275a4,USR_19289,ORD_104314,2026-05-05 00:34:00,177.68,DMA_114_SAN_JOSE
8a463a26-222b-4132-9f91-c7efb8c3a979,USR_19290,ORD_104315,2026-05-08 08:22:00,99.7,DMA_144_PROVIDENCE
cfea11a9-c88f-4db3-94a6-50787bc26ba5,USR_19293,ORD_104316,2026-04-09 17:00:00,75.48,DMA_116_DETROIT
f791151c-4760-4c6d-af3d-2c638fcab7fc,USR_19294,ORD_104317,2026-05-26 10:44:00,31.94,DMA_114_SAN_JOSE
64fb7e1a-fd45-4e56-9b43-fa91ad0f3ce8,USR_19296,ORD_104318,2026-04-13 18:46:00,21.27,DMA_147_GREENVILLE
6a2c6200-be11-4191-8956-134d695389da,USR_19298,ORD_104319,2026-01-12 20:00:00,97.06,DMA_129_SALT_LAKE_CITY
48fc6525-4c16-4805-a266-a5e2a80e93d7,USR_19300,ORD_104320,2026-05-28 03:00:00,38.59,DMA_110_MIAMI
3d7eeaba-67d4-42fb-bfe3-6b6667026d97,USR_19305,ORD_104321,2026-05-08 01:16:00,108.7,DMA_120_BALTIMORE
e5bd56e7-3e96-4e01-a2f9-d93d8241e9ae,USR_19306,ORD_104322,2026-05-10 08:10:00,72.96,DMA_138_MEMPHIS
e7d4a383-60b0-447c-be2f-92b2398db3a0,USR_19307,ORD_104323,2026-01-09 03:00:00,79.38,DMA_120_BALTIMORE
3dca10ef-afa4-4dfa-897b-82eb7f112b85,USR_19310,ORD_104324,2026-05-15 01:42:00,90.4,DMA_103_LOS_ANGELES
09dde641-57e8-418b-9f4f-71c152d08716,USR_19311,ORD_104325,2026-04-05 01:13:00,141.85,DMA_118_TAMPA
053181b9-477f-4f34-8e50-077861afdfcc,USR_19314,ORD_104326,2026-06-22 07:00:00,15.18,DMA_107_ATLANTA
2d6b8564-ba23-4f97-aafe-9a4c9573f1c9,USR_19315,ORD_104327,2026-06-05 13:55:00,118.33,DMA_125_LAS_VEGAS
25fbd0c8-7de1-46fa-b8db-572c19ab8af1,USR_19320,ORD_104328,2026-05-27 21:00:00,86.58,DMA_113_SAN_DIEGO
5a56ca92-e557-4bdd-adea-d43c38b668ec,USR_19324,ORD_104329,2026-03-14 10:21:00,64.02,DMA_119_ORLANDO
0f4f279a-d3a1-467f-9319-9d054a597f99,USR_19325,ORD_104330,2026-02-24 02:00:00,143.92,DMA_109_DENVER
3cb1f946-c6f3-4842-afed-7d16f79a23c2,USR_19328,ORD_104331,2026-02-19 10:00:00,66.37,DMA_141_NEW_ORLEANS
3ebd76f8-d994-4af4-b0c6-bbadf9367ede,USR_19329,ORD_104332,2026-01-25 21:05:00,100.23,DMA_102_CHICAGO
2d165a5f-45ba-46fe-8a90-b9dc7cbac8cf,USR_19330,ORD_104333,2026-02-07 17:00:00,31.32,DMA_138_MEMPHIS
018cc029-50cb-4281-bfcb-50f756f257b5,USR_19334,ORD_104334,2026-04-29 22:00:00,120.36,DMA_130_COLUMBUS
b09a23dd-7eb3-43a9-98dd-c2398e8017bd,USR_19337,ORD_104335,2026-04-12 14:00:00,40.65,DMA_121_CLEVELAND
e5d2b2c6-3718-4527-9983-16fa14c376c5,USR_19338,ORD_104336,2026-04-22 22:00:00,318.32,DMA_116_DETROIT
85ccc7e6-9290-4759-848a-30b2d673a42f,USR_19339,ORD_104337,2026-01-23 13:00:00,90.92,DMA_114_SAN_JOSE
0ef9e541-1a20-4225-9eaa-fcc6514a30e0,USR_19340,ORD_104338,2026-03-06 16:00:00,72.31,DMA_105_SEATTLE
a6a3b8fb-7966-4019-a22c-9401dc013c4e,USR_19341,ORD_104339,2026-05-12 02:55:00,38.4,DMA_126_ST_LOUIS
94ada500-d3a4-4f67-bdaf-1243acf66274,USR_19342,ORD_104340,2026-06-14 03:00:00,50.67,DMA_121_CLEVELAND
c507d4f7-5aea-4460-a0e6-d1eee1735566,USR_19343,ORD_104341,2026-03-18 16:07:00,176.97,DMA_105_SEATTLE
552bde23-8796-46c3-bfca-3189317f7020,USR_19349,ORD_104342,2026-04-22 08:00:00,94.33,DMA_131_INDIANAPOLIS
b78a8ec1-38b6-43ee-85a3-3a899e286c9a,USR_19351,ORD_104343,2026-03-26 10:00:00,219.28,DMA_131_INDIANAPOLIS
1a59d64b-c221-4fc1-8635-f797844d1c58,USR_19352,ORD_104344,2026-05-29 00:40:00,52.74,DMA_119_ORLANDO
15771c39-dd39-46c5-bca1-fcbcb61e1941,USR_19353,ORD_104345,2026-05-07 20:00:00,61.7,DMA_140_LOUISVILLE
b80d58f1-c704-4de6-892e-9ee627b37003,USR_19354,ORD_104346,2026-01-19 21:00:00,42.97,DMA_121_CLEVELAND
0caf75d4-f5ec-40bd-979d-dc06d8e7c61a,USR_19358,ORD_104347,2026-01-21 23:00:00,91.41,DMA_146_ROCHESTER
ebb48fe5-2a15-45d9-b83a-bb0d626b84d1,USR_19359,ORD_104348,2026-04-26 16:00:00,97.53,DMA_148_ALBUQUERQUE
ad68bbd6-a08a-4b07-89bb-f33bd85547e1,USR_19363,ORD_104349,2026-02-14 21:50:00,117.12,DMA_129_SALT_LAKE_CITY
02cd738a-e60f-4b4e-9c7e-658347bb0729,USR_19368,ORD_104350,2026-05-24 14:00:00,84.85,DMA_128_NASHVILLE
3be66633-e509-4360-b705-077d9bb86016,USR_19370,ORD_104351,2026-05-29 06:33:00,115.9,DMA_144_PROVIDENCE
1ab51a17-ef18-4b22-9301-d1676c4cc24b,USR_19371,ORD_104352,2026-05-03 11:44:00,104.92,DMA_107_ATLANTA
3d70c6dc-3ceb-48a7-ba56-a0b9e0036f21,USR_19373,ORD_104353,2026-03-28 15:00:00,79.18,DMA_104_DALLAS
e3e8cbcf-25f0-4356-a725-ab4939b795bc,USR_19374,ORD_104354,2026-01-21 18:22:00,40.38,DMA_116_DETROIT
9b107796-3967-486c-b1dc-5f3bfa116983,USR_19375,ORD_104355,2026-05-07 08:00:00,212.8,DMA_118_TAMPA
fb78f7f2-cc7f-48c4-9c81-67f9f99f5d2c,USR_19378,ORD_104356,2026-01-17 01:13:00,47.09,DMA_149_TUCSON
e91637f8-5b03-4468-941d-1488eba80eaa,USR_19381,ORD_104357,2026-04-02 18:47:00,51.93,DMA_142_BUFFALO
447dca5c-2fe9-4023-b65d-a63b50ebfb52,USR_19384,ORD_104358,2026-02-21 11:00:00,123.87,DMA_106_AUSTIN
416504e9-fa77-4cb4-8177-a67caa4e675e,USR_19386,ORD_104359,2026-02-27 11:00:00,103.61,DMA_115_HOUSTON
effd0113-4918-4bd6-ba3b-3ecfe24115c7,USR_19388,ORD_104360,2026-04-10 02:16:00,87.11,DMA_147_GREENVILLE
e73f08ec-87b6-45a6-a794-b9340d55ff6d,USR_19390,ORD_104361,2026-02-19 06:28:00,68.91,DMA_133_KANSAS_CITY
40def28c-e9be-4450-b63b-50e7642b06e1,USR_19391,ORD_104362,2026-03-08 22:43:00,45.7,DMA_103_LOS_ANGELES
4a631702-e4be-4a16-81bb-9e4daeeeeab3,USR_19392,ORD_104363,2026-04-10 15:33:00,39.06,DMA_114_SAN_JOSE
f9537dcc-c741-4eb7-8660-0aec38c9a2ce,USR_19393,ORD_104364,2026-04-20 06:52:00,59.54,DMA_129_SALT_LAKE_CITY
dd509b40-dca1-4d1a-933e-ff1eb541fe8c,USR_19394,ORD_104365,2026-05-18 10:35:00,92.82,DMA_138_MEMPHIS
82257e1d-e9be-4371-9a1e-970e3010307c,USR_19398,ORD_104366,2026-02-26 16:41:00,42.42,DMA_115_HOUSTON
6cfdbff3-be71-43f3-a389-cb1e6527a81e,USR_19399,ORD_104367,2026-05-18 00:36:00,77.47,DMA_110_MIAMI
2cb78138-acbb-414b-81d8-d56a930b3252,USR_19402,ORD_104368,2026-03-18 19:00:00,33.34,DMA_138_MEMPHIS
756218ac-3ac2-4c13-8d40-c42b2d57e98d,USR_19403,ORD_104369,2026-03-19 13:52:00,49.42,DMA_111_PHOENIX
a855bef3-d28d-4941-8d6e-7227c5c99098,USR_19411,ORD_104370,2026-03-13 07:00:00,188.91,DMA_149_TUCSON
d793186e-bd2c-4d3c-85c4-9463be5c58b6,USR_19414,ORD_104371,2026-02-06 15:33:00,39.72,DMA_131_INDIANAPOLIS
2ad5d2d7-daad-441b-b16b-9a1ebdfa1438,USR_19417,ORD_104372,2026-02-27 03:00:00,80.46,DMA_100_SAN_FRANCISCO
1242f259-2b83-475d-8892-024cb17d3866,USR_19418,ORD_104373,2026-03-02 23:31:00,54.28,DMA_137_OKLAHOMA_CITY
4e5719b0-6a45-42a1-995c-38e5b462ad71,USR_19421,ORD_104374,2026-02-04 12:00:00,168.86,DMA_135_MILWAUKEE
a95bc76b-8685-4a84-b550-680e94640695,USR_19422,ORD_104375,2026-01-24 10:55:00,42.59,DMA_111_PHOENIX
8fd5e545-3294-4912-b640-c9c9f46b4833,USR_19424,ORD_104376,2026-01-10 19:36:00,55.05,DMA_103_LOS_ANGELES
3486f8fd-832e-4358-9927-a9ccac3e2e56,USR_19425,ORD_104377,2026-03-02 08:00:00,29.92,DMA_146_ROCHESTER
330aab8d-f484-4225-9e4a-4422398b34c1,USR_19427,ORD_104378,2026-05-20 11:54:00,53.49,DMA_105_SEATTLE
7da2ceb2-4537-4773-a7c8-1a15bdedf548,USR_19429,ORD_104379,2026-03-16 21:00:00,235.64,DMA_149_TUCSON
f15e889b-51c2-42b9-b0f5-a2a4d6d25a64,USR_19433,ORD_104380,2026-05-30 00:00:00,135.32,DMA_126_ST_LOUIS
c0bf061c-f8f6-4233-b89d-d990d99768fe,USR_19437,ORD_104381,2026-03-17 16:17:00,129.21,DMA_118_TAMPA
be5114cc-4fdf-48d0-9b5d-cd94b055fb1e,USR_19438,ORD_104382,2026-04-14 12:00:00,64.65,DMA_118_TAMPA
23f08927-9840-41c4-93e3-29b7f87b146c,USR_19439,ORD_104383,2026-03-10 03:00:00,254.06,DMA_118_TAMPA
2428c7a8-459b-48e2-9fa5-578a139ac3ad,USR_19442,ORD_104384,2026-04-28 11:00:00,36.79,DMA_106_AUSTIN
543264d5-f608-4230-ad05-8d70de9704a8,USR_19443,ORD_104385,2026-01-04 08:30:00,69.14,DMA_107_ATLANTA
118ed085-b12a-4cc8-b5d3-20536b7c25b4,USR_19445,ORD_104386,2026-01-21 23:00:00,64.24,DMA_146_ROCHESTER
2c9d3b26-87e1-4184-8b93-19e9780a9e32,USR_19448,ORD_104387,2026-06-19 20:00:00,200.13,DMA_145_BIRMINGHAM
ccee325b-9fb4-4501-9bc8-ae3d14b79641,USR_19456,ORD_104388,2026-03-03 01:00:00,61.24,DMA_125_LAS_VEGAS
32388543-869e-4daf-99ce-7a78421d6e38,USR_19457,ORD_104389,2026-02-18 20:00:00,138.91,DMA_125_LAS_VEGAS
2336bb4e-d352-4cf7-ab00-6931fcb1d0c5,USR_19458,ORD_104390,2026-02-13 23:11:00,123.82,DMA_145_BIRMINGHAM
af495a97-dfa7-4b31-844f-c5e36df79d9b,USR_19459,ORD_104391,2026-05-06 04:21:00,38.13,DMA_137_OKLAHOMA_CITY
25ffd903-d10b-4b87-9549-297a66267432,USR_19463,ORD_104392,2026-06-13 08:24:00,100.58,DMA_116_DETROIT
3aa62ad3-2324-41d2-986c-fe74ec310920,USR_19464,ORD_104393,2026-03-06 13:10:00,46.65,DMA_131_INDIANAPOLIS
252ffb5d-75e6-44c9-b58a-c0b7525d9475,USR_19467,ORD_104394,2026-01-28 14:00:00,54.76,DMA_115_HOUSTON
b0278ce4-8c13-4424-aa38-db32de5e947d,USR_19468,ORD_104395,2026-04-13 01:56:00,115.58,DMA_148_ALBUQUERQUE
56bd767f-5478-4091-b926-117b861411dd,USR_19472,ORD_104396,2026-05-30 14:14:00,63.62,DMA_112_PHILADELPHIA
41f4e7b8-bed0-4945-8dc1-7733c6ecf54a,USR_19474,ORD_104397,2026-03-01 07:00:00,75.46,DMA_116_DETROIT
5b1e684d-0ba1-4e2f-9696-cff0433cc334,USR_19476,ORD_104398,2026-03-06 20:00:00,101.54,DMA_130_COLUMBUS
dda17227-a174-4b03-bb04-d77e4d58204a,USR_19479,ORD_104399,2026-04-11 08:00:00,119.24,DMA_117_MINNEAPOLIS
63e8f937-35a6-477d-9930-7f08b94e87fb,USR_19480,ORD_104400,2026-03-18 11:29:00,71.96,DMA_106_AUSTIN
b7463c7d-347b-47cf-8f29-cc502b27c00b,USR_19484,ORD_104401,2026-03-19 23:00:00,173.61,DMA_125_LAS_VEGAS
abf6a367-4269-42ed-91f7-10ea9aa96d02,USR_19485,ORD_104402,2026-02-17 06:00:00,85.62,DMA_115_HOUSTON
1cde07a8-7456-4382-a7b2-213c8f3f0761,USR_19487,ORD_104403,2026-03-07 19:34:00,82.33,DMA_119_ORLANDO
fbf24c2d-1784-43ab-bce0-64612ad1554a,USR_19490,ORD_104404,2026-02-16 19:54:00,40.14,DMA_111_PHOENIX
5f4a7410-7219-4be1-a4f8-558efa123c37,USR_19491,ORD_104405,2026-04-20 21:00:00,86.49,DMA_107_ATLANTA
660f4923-34c6-49a2-a8e9-efcb1f938503,USR_19494,ORD_104406,2026-02-04 05:30:00,21.93,DMA_116_DETROIT
6e98f234-ac98-4d52-a405-3803db270518,USR_19498,ORD_104407,2026-01-26 01:56:00,37.63,DMA_146_ROCHESTER
a06643a6-ece5-416e-ba2f-5c29dc4efdcc,USR_19499,ORD_104408,2026-04-13 14:00:00,140.42,DMA_114_SAN_JOSE
bd33532b-ef7c-4111-b2dc-e42a55a33247,USR_19500,ORD_104409,2026-05-11 10:46:00,55.64,DMA_137_OKLAHOMA_CITY
6318d7d5-3947-4ecd-a3b8-a1e5f9fe4fa3,USR_19502,ORD_104410,2026-05-05 08:20:00,59.27,DMA_138_MEMPHIS
0fac220c-5126-4cd8-b6e0-4c988b3cbbee,USR_19504,ORD_104411,2026-02-08 09:07:00,88.0,DMA_112_PHILADELPHIA
3fe5d743-22b9-487d-82aa-1206ece9a48e,USR_19505,ORD_104412,2026-02-07 02:40:00,34.28,DMA_134_CINCINNATI
2a206f17-da24-49d6-a89d-7cde3ded3871,USR_19508,ORD_104413,2026-05-02 15:57:00,49.44,DMA_110_MIAMI
bcfdcd9e-f5d1-4788-ac5d-57195d530502,USR_19509,ORD_104414,2026-01-26 12:00:00,78.75,DMA_126_ST_LOUIS
2dfdcdd8-78cb-40c3-80ac-8ab3ab619a1c,USR_19512,ORD_104415,2026-03-06 07:00:00,73.93,DMA_114_SAN_JOSE
d2ea000d-2316-4f56-a98c-e942cc1b4d34,USR_19513,ORD_104416,2026-04-24 04:08:00,52.2,DMA_126_ST_LOUIS
a2e67a83-4e5e-4576-9e73-5b955b0dbc2c,USR_19515,ORD_104417,2026-03-11 04:49:00,28.36,DMA_146_ROCHESTER
1c74d783-bb94-4d32-8e3f-89ef6c2d87d2,USR_19516,ORD_104418,2026-01-15 04:00:00,167.72,DMA_147_GREENVILLE
2c9e0a92-7e2e-4cb8-bb8c-c51711afa932,USR_19519,ORD_104419,2026-03-04 23:00:00,77.82,DMA_136_RALEIGH
d9747bfa-8bd3-4a2f-87e8-272593cdb770,USR_19520,ORD_104420,2026-05-13 05:00:00,423.34,DMA_143_HARTFORD
aed8abae-1a10-460c-9728-e50ac253af63,USR_19523,ORD_104421,2026-04-15 19:06:00,47.24,DMA_136_RALEIGH
51780953-a2c0-40e0-90dc-fe90e5b5e747,USR_19524,ORD_104422,2026-06-14 14:09:00,64.94,DMA_114_SAN_JOSE
bf50d05c-cb6e-4916-8192-878db68a8f8f,USR_19528,ORD_104423,2026-02-08 02:17:00,158.52,DMA_116_DETROIT
25885c2a-099f-4dab-97ed-b50fdb638ad4,USR_19529,ORD_104424,2026-04-27 01:28:00,28.68,DMA_104_DALLAS
24ef8a97-6057-4ec7-8279-cb08abdb857f,USR_19533,ORD_104425,2026-02-13 10:18:00,88.87,DMA_146_ROCHESTER
c866198c-ef17-4a82-8ea2-47432c1b812c,USR_19536,ORD_104426,2026-03-16 12:37:00,52.0,DMA_107_ATLANTA
a45355f0-299b-47df-86b9-97e3bbcd0906,USR_19539,ORD_104427,2026-04-21 11:09:00,225.86,DMA_102_CHICAGO
de910b67-8dcf-49c5-8e31-862aef005710,USR_19540,ORD_104428,2026-04-28 18:16:00,77.53,DMA_130_COLUMBUS
73691e41-02fa-4ebe-99f5-806a07eb2b10,USR_19541,ORD_104429,2026-02-04 02:00:00,67.02,DMA_118_TAMPA
0aedc8cf-9619-4504-a28d-7887ed15a4dc,USR_19543,ORD_104430,2026-04-01 17:00:00,332.41,DMA_141_NEW_ORLEANS
e698270d-d559-4dad-925b-70d9ea348889,USR_19544,ORD_104431,2026-01-23 19:00:00,51.11,DMA_100_SAN_FRANCISCO
3db07b05-b810-4ff9-93af-4d2f233472c5,USR_19549,ORD_104432,2026-06-25 03:00:00,51.66,DMA_133_KANSAS_CITY
2de0df4a-2c72-4587-af26-574ffbc2a51f,USR_19555,ORD_104433,2026-05-09 18:23:00,98.85,DMA_138_MEMPHIS
d9fddf91-d981-40e5-b541-bff9db9ab255,USR_19557,ORD_104434,2026-05-22 19:00:00,118.6,DMA_108_BOSTON
632eeb7f-2c58-4334-b11e-cf6f3669ffdf,USR_19560,ORD_104435,2026-06-21 01:00:00,36.96,DMA_149_TUCSON
d47c1153-fddf-417d-a084-3717d3014809,USR_19561,ORD_104436,2026-06-24 12:00:00,130.18,DMA_101_NEW_YORK
f40e8175-0d51-4dc4-b9c5-698bb4f143e4,USR_19562,ORD_104437,2026-06-08 08:00:00,19.63,DMA_101_NEW_YORK
7657f283-c937-418d-be9d-7b900c314d18,USR_19564,ORD_104438,2026-01-15 06:00:00,216.61,DMA_116_DETROIT
36c8f7e0-d0ec-47f0-bc57-69c8d699a277,USR_19565,ORD_104439,2026-03-03 23:31:00,133.28,DMA_104_DALLAS
7682e60f-a707-431d-9da6-675baa5a3e13,USR_19566,ORD_104440,2026-05-20 10:29:00,81.31,DMA_107_ATLANTA
79e4a2ef-4183-4f2f-82c4-d47dfa0b0b41,USR_19567,ORD_104441,2026-02-15 00:10:00,43.97,DMA_144_PROVIDENCE
a3118a25-4157-46dd-9c2e-34c6bccc9f4b,USR_19570,ORD_104442,2026-06-13 07:00:00,170.64,DMA_122_SACRAMENTO
f8a81348-6467-4c90-99d4-5ef953c7dd31,USR_19571,ORD_104443,2026-01-15 17:00:00,54.87,DMA_134_CINCINNATI
0a91cb9d-c130-4b3c-ae6a-1dbf844cb1d4,USR_19572,ORD_104444,2026-03-23 21:34:00,68.25,DMA_148_ALBUQUERQUE
d06e2849-0919-4424-ae07-e93cfdf9c4f3,USR_19573,ORD_104445,2026-03-13 02:51:00,69.33,DMA_139_RICHMOND
a6901d9a-7135-4f32-b13b-6ba2b25bdf0e,USR_19574,ORD_104446,2026-03-01 07:13:00,144.32,DMA_104_DALLAS
341e920d-3e06-4976-9947-a444844598b6,USR_19576,ORD_104447,2026-06-05 01:00:00,36.75,DMA_107_ATLANTA
0e694a98-5cb4-4e06-abbb-d05695a2eb62,USR_19579,ORD_104448,2026-03-29 19:20:00,68.6,DMA_143_HARTFORD
dffae5d1-77eb-4a26-9e47-2131a30a657b,USR_19580,ORD_104449,2026-01-20 21:00:00,55.59,DMA_106_AUSTIN
181f3773-e5fe-429a-a097-ceb6b6cfde0c,USR_19581,ORD_104450,2026-02-24 03:00:00,55.01,DMA_119_ORLANDO
77a6aa94-bed5-486f-8ea8-3d188198550c,USR_19584,ORD_104451,2026-02-20 06:00:00,323.54,DMA_109_DENVER
e90af32d-5c7b-4c47-86df-631d815f8995,USR_19586,ORD_104452,2026-02-22 05:00:00,134.47,DMA_101_NEW_YORK
dc845009-1739-4d18-a267-8c1742a23e65,USR_19587,ORD_104453,2026-05-26 20:24:00,18.88,DMA_126_ST_LOUIS
e0e7bedd-c6e6-4deb-98a9-b076bd0171c5,USR_19590,ORD_104454,2026-06-01 02:18:00,57.37,DMA_126_ST_LOUIS
46e76ffe-4c9f-4a9e-a976-3ee865481292,USR_19591,ORD_104455,2026-05-12 16:47:00,69.32,DMA_141_NEW_ORLEANS
ba509174-4464-40f3-a679-92ada42095af,USR_19593,ORD_104456,2026-06-08 09:36:00,104.03,DMA_131_INDIANAPOLIS
8d96d0df-e046-48b6-9b75-b12d32988c66,USR_19597,ORD_104457,2026-01-15 11:17:00,51.35,DMA_119_ORLANDO
b0d6ec8d-9f29-4ce3-8f4c-1ea06e216145,USR_19602,ORD_104458,2026-03-07 07:40:00,32.28,DMA_117_MINNEAPOLIS
79dedf09-e820-4000-a3a6-063c64576335,USR_19603,ORD_104459,2026-04-20 01:35:00,54.43,DMA_143_HARTFORD
d2a226a9-884f-46d6-b759-efa142fe92e6,USR_19606,ORD_104460,2026-05-19 06:07:00,41.53,DMA_131_INDIANAPOLIS
a6e38bdc-30ba-4dfc-81bf-f5d1c1944039,USR_19610,ORD_104461,2026-03-17 11:57:00,22.3,DMA_106_AUSTIN
9852d6ca-aa9c-4e64-a5d1-186ee5c8b45c,USR_19612,ORD_104462,2026-05-19 07:00:00,57.6,DMA_131_INDIANAPOLIS
134ea92a-2aae-4095-8ec6-98d45d4aad83,USR_19613,ORD_104463,2026-04-09 13:10:00,67.22,DMA_115_HOUSTON
cf927771-c309-4df3-b2a3-c5055290375e,USR_19616,ORD_104464,2026-05-27 16:34:00,72.98,DMA_141_NEW_ORLEANS
2aa0c20d-faaf-4287-bbbc-6bc748e051c2,USR_19617,ORD_104465,2026-04-18 23:17:00,49.12,DMA_133_KANSAS_CITY
89227c02-cc53-4329-9999-a9ee7c2c1825,USR_19619,ORD_104466,2026-04-14 15:00:00,144.39,DMA_116_DETROIT
1ac0f727-2d1a-4dd2-b697-9d3b82c0f6c0,USR_19620,ORD_104467,2026-03-24 20:28:00,32.96,DMA_131_INDIANAPOLIS
a42e6ffd-51ba-437b-a4ca-4a7e434b3cd3,USR_19625,ORD_104468,2026-05-10 02:25:00,69.38,DMA_131_INDIANAPOLIS
6b60df78-875c-4653-b178-cc1ee6bf58c5,USR_19633,ORD_104469,2026-05-30 20:00:00,116.6,DMA_136_RALEIGH
8304676b-f334-492f-9914-86e17bbda3af,USR_19634,ORD_104470,2026-02-17 02:00:00,44.5,DMA_138_MEMPHIS
6096202a-8633-49f0-9815-310a02265adc,USR_19635,ORD_104471,2026-03-18 13:49:00,128.1,DMA_120_BALTIMORE
43ac9d66-6891-4e6c-8660-190457727992,USR_19636,ORD_104472,2026-06-09 09:00:00,58.67,DMA_112_PHILADELPHIA
ed983305-c14c-4bb8-b745-d2206a9bdeb0,USR_19638,ORD_104473,2026-06-21 01:00:00,41.44,DMA_134_CINCINNATI
b475000f-5df2-4a67-b34b-72134d40a47a,USR_19643,ORD_104474,2026-05-12 05:00:00,202.76,DMA_141_NEW_ORLEANS
a5b76e51-a8da-430d-91d5-0dc4f349a828,USR_19650,ORD_104475,2026-04-15 16:00:00,122.69,DMA_126_ST_LOUIS
daf8b264-799f-4808-802f-b024172df725,USR_19652,ORD_104476,2026-05-04 02:00:00,151.67,DMA_123_PITTSBURGH
387482ff-cad1-483b-b0a3-26b8ffbe7e3e,USR_19655,ORD_104477,2026-02-02 18:00:00,39.55,DMA_100_SAN_FRANCISCO
cf6ad757-eadc-4267-8fde-12ee5d7c8a83,USR_19658,ORD_104478,2026-04-16 02:00:00,234.38,DMA_143_HARTFORD
e21500b9-88a9-467f-bd53-27c6f33d706b,USR_19659,ORD_104479,2026-03-17 19:00:00,62.65,DMA_116_DETROIT
5320591f-278d-4722-884c-2411b4f65b0e,USR_19663,ORD_104480,2026-01-26 12:55:00,74.41,DMA_135_MILWAUKEE
e4a59d91-800f-4977-a4b5-cb19794133f3,USR_19666,ORD_104481,2026-02-10 19:43:00,97.48,DMA_126_ST_LOUIS
684d7458-071a-4258-99e6-ddf8500d498e,USR_19670,ORD_104482,2026-06-03 12:17:00,44.98,DMA_119_ORLANDO
a051881a-a6f7-4738-87c3-47d8b494fa50,USR_19672,ORD_104483,2026-06-09 00:00:00,305.46,DMA_103_LOS_ANGELES
2f1b863d-3640-4d80-a8d0-8661a677cd31,USR_19673,ORD_104484,2026-06-07 16:29:00,97.2,DMA_116_DETROIT
5c339b8b-9665-41f8-b940-7a676f6f7e63,USR_19676,ORD_104485,2026-02-10 23:21:00,71.21,DMA_136_RALEIGH
6f02511c-d8bd-4682-a260-36f4ec210bc0,USR_19680,ORD_104486,2026-06-09 03:46:00,93.01,DMA_149_TUCSON
9654b518-ea61-4a26-8305-3304b05584a9,USR_19681,ORD_104487,2026-02-26 12:00:00,55.46,DMA_136_RALEIGH
427ae864-bb9e-497e-84f7-75bde77ca4b6,USR_19683,ORD_104488,2026-06-19 05:00:00,86.95,DMA_101_NEW_YORK
3a695a37-9414-4f99-a7b5-7b4cf94d243d,USR_19684,ORD_104489,2026-04-03 14:00:00,72.6,DMA_142_BUFFALO
a901c8df-c376-4e38-8aa7-47256442d624,USR_19686,ORD_104490,2026-05-13 05:00:00,178.37,DMA_144_PROVIDENCE
3119cf50-61c0-4015-9875-96c53f3f609e,USR_19688,ORD_104491,2026-04-15 14:58:00,202.4,DMA_104_DALLAS
52a22e84-cbc0-4ab5-9a15-f2fc0ddec2a4,USR_19690,ORD_104492,2026-05-04 17:00:00,81.05,DMA_135_MILWAUKEE
f4b9f123-a18b-4c92-8376-2b4077e9d825,USR_19694,ORD_104493,2026-06-02 00:00:00,138.5,DMA_146_ROCHESTER
680f4b33-d280-447d-8c5b-e4a20858f0e4,USR_19695,ORD_104494,2026-05-15 23:35:00,56.39,DMA_109_DENVER
888fb3ff-306e-4d30-9756-c2e5326aa7c9,USR_19696,ORD_104495,2026-02-17 21:58:00,62.99,DMA_120_BALTIMORE
279185c3-0281-4edf-8775-28db1e655c38,USR_19697,ORD_104496,2026-05-28 12:00:00,89.41,DMA_133_KANSAS_CITY
c93494e9-029b-4cab-8a4e-0126df2f4708,USR_19698,ORD_104497,2026-02-16 20:23:00,140.9,DMA_118_TAMPA
0cba2889-0655-49a9-b52d-4fb2656ccffd,USR_19700,ORD_104498,2026-02-26 06:37:00,112.04,DMA_106_AUSTIN
7fde5739-db2e-4b3e-a951-31eb60a83944,USR_19705,ORD_104499,2026-06-15 10:00:00,73.9,DMA_135_MILWAUKEE
7820bf65-0dac-40ca-8db4-a119a0a35ee3,USR_19706,ORD_104500,2026-02-27 22:59:00,95.55,DMA_143_HARTFORD
5cfa68c5-4c8e-4beb-a838-92f8fc6b207b,USR_19710,ORD_104501,2026-02-21 15:00:00,78.8,DMA_121_CLEVELAND
de5eccfc-174d-430f-9e23-453d3bb197fb,USR_19712,ORD_104502,2026-06-11 12:13:00,29.26,DMA_140_LOUISVILLE
8bd79664-2cf3-406c-8fad-4a2635fae161,USR_19714,ORD_104503,2026-01-28 13:00:00,28.51,DMA_134_CINCINNATI
8f97ed5c-7dea-4ed7-acb8-84891039ce40,USR_19719,ORD_104504,2026-04-25 12:48:00,39.85,DMA_127_CHARLOTTE
a6f89860-c64a-4bea-bc2a-2f259b97898c,USR_19721,ORD_104505,2026-05-22 22:41:00,65.27,DMA_131_INDIANAPOLIS
8b5f4249-b5af-4141-a9bc-370a78c104be,USR_19723,ORD_104506,2026-05-04 13:00:00,94.12,DMA_139_RICHMOND
3ef761d4-c836-4da9-8e4a-e83104ac3a62,USR_19724,ORD_104507,2026-02-11 07:00:00,173.01,DMA_121_CLEVELAND
2b6a685e-549c-4386-a38a-28f84898a29a,USR_19727,ORD_104508,2026-02-05 01:00:00,54.56,DMA_148_ALBUQUERQUE
5297b19c-7704-40a1-bc31-cb8a7a18b65e,USR_19730,ORD_104509,2026-05-05 20:06:00,53.76,DMA_145_BIRMINGHAM
4ca987aa-b5a2-4fba-9cbf-714117747e1d,USR_19731,ORD_104510,2026-01-16 22:00:00,20.17,DMA_139_RICHMOND
d141ca80-d653-4e9e-b000-4e11993f1d57,USR_19732,ORD_104511,2026-06-10 06:00:00,48.26,DMA_105_SEATTLE
45d53700-be7f-4178-8f1f-b784d1d3293e,USR_19737,ORD_104512,2026-05-17 21:12:00,93.77,DMA_106_AUSTIN
888211fc-0743-4337-af8a-688fdc144d94,USR_19739,ORD_104513,2026-04-11 03:00:00,103.67,DMA_109_DENVER
5a2863e4-0a81-4cde-b3e2-4574045f5a80,USR_19742,ORD_104514,2026-01-22 15:00:00,93.12,DMA_145_BIRMINGHAM
45c08789-43b1-4bbc-8e73-412c936dca54,USR_19743,ORD_104515,2026-06-13 08:27:00,64.2,DMA_114_SAN_JOSE
4d8e051d-800f-4ac4-89ba-bb56116e09ff,USR_19747,ORD_104516,2026-02-06 07:00:00,94.46,DMA_106_AUSTIN
81f3bbb9-e538-4efb-9c63-29a2f91f06a7,USR_19749,ORD_104517,2026-03-05 21:00:00,27.32,DMA_148_ALBUQUERQUE
fb3d7d32-97ed-4c38-a53d-6948f338e7f2,USR_19751,ORD_104518,2026-05-18 18:00:00,53.36,DMA_141_NEW_ORLEANS
ca8f7a4f-f5bc-4367-92d5-8a1cb18c18fb,USR_19754,ORD_104519,2026-05-23 06:44:00,116.13,DMA_112_PHILADELPHIA
163f14c7-c996-438a-a3af-1f243b6324cd,USR_19755,ORD_104520,2026-06-15 08:16:00,64.41,DMA_117_MINNEAPOLIS
fce8a758-9e9f-4479-b582-e460d0a99286,USR_19758,ORD_104521,2026-01-06 14:20:00,52.78,DMA_149_TUCSON
a38b25bc-15e7-4806-bff8-1995573da4c5,USR_19759,ORD_104522,2026-06-12 10:00:00,177.62,DMA_129_SALT_LAKE_CITY
d4d9100a-bd24-448c-b7a0-8cbf0ea2107f,USR_19766,ORD_104523,2026-01-01 08:18:00,87.66,DMA_136_RALEIGH
056aed48-6b58-487a-a3f1-05ecaf9b2cd2,USR_19767,ORD_104524,2026-05-29 09:35:00,129.54,DMA_142_BUFFALO
86f65dee-d489-4ad4-83a8-6a78b9481457,USR_19769,ORD_104525,2026-05-09 22:35:00,78.68,DMA_131_INDIANAPOLIS
ec9a27dd-aa63-4aaf-a637-8a3ac110decf,USR_19771,ORD_104526,2026-05-25 01:07:00,154.38,DMA_109_DENVER
7b4a14c2-27c3-41fd-83ed-caa263a13d44,USR_19773,ORD_104527,2026-02-27 14:00:00,218.93,DMA_142_BUFFALO
461aed55-ddee-4ef4-a46d-9e787c278d17,USR_19777,ORD_104528,2026-04-17 09:21:00,97.46,DMA_142_BUFFALO
a30eeb33-efc0-47e5-bb21-44e0b26cf7b7,USR_19778,ORD_104529,2026-02-09 02:00:00,89.21,DMA_112_PHILADELPHIA
ffbee925-1a44-47ef-8e59-8b0168d51ec4,USR_19779,ORD_104530,2026-05-01 15:53:00,179.71,DMA_126_ST_LOUIS
de6d06f5-ae5d-4a1c-822e-f1688be2d2cd,USR_19781,ORD_104531,2026-04-10 08:00:00,187.25,DMA_144_PROVIDENCE
2160e8fa-c4be-4bf9-a676-dbc41ed1ec10,USR_19782,ORD_104532,2026-03-27 07:00:00,69.41,DMA_149_TUCSON
c0feea03-a1b1-4880-a407-1f82e5e78d3b,USR_19783,ORD_104533,2026-05-17 10:19:00,68.44,DMA_120_BALTIMORE
7dc06a88-73c4-4af9-92e8-a6e3fb14e9cc,USR_19784,ORD_104534,2026-06-20 13:00:00,97.15,DMA_117_MINNEAPOLIS
621929f7-5d81-4423-9877-36f0f1ec757d,USR_19789,ORD_104535,2026-06-19 21:00:00,39.85,DMA_130_COLUMBUS
5e1868f9-04c7-4aef-b673-a4f6d6967cab,USR_19790,ORD_104536,2026-05-14 16:00:00,85.17,DMA_129_SALT_LAKE_CITY
337c85ed-40b1-45fb-a18e-8f6a7a352604,USR_19795,ORD_104537,2026-01-24 00:23:00,61.67,DMA_108_BOSTON
4447c5d0-0530-46ae-a992-f96bedabdfdb,USR_19798,ORD_104538,2026-01-06 19:35:00,50.61,DMA_110_MIAMI
7e7ac64b-1a1e-4c6b-bbd6-76fbfe711588,USR_19800,ORD_104539,2026-02-15 00:00:00,96.71,DMA_113_SAN_DIEGO
34ded167-80e3-405d-876f-80f69783d88f,USR_19801,ORD_104540,2026-03-25 03:33:00,120.86,DMA_136_RALEIGH
e904f1c8-c85c-418e-a159-a79c4aedfe8f,USR_19806,ORD_104541,2026-04-11 09:06:00,93.22,DMA_140_LOUISVILLE
d81a2ffa-0766-4514-9722-6cd469806cb2,USR_19807,ORD_104542,2026-03-07 02:48:00,75.71,DMA_124_PORTLAND
f4a9f8fb-3f2f-4fd1-872c-7cb1b9c3c473,USR_19808,ORD_104543,2026-03-05 11:00:00,75.86,DMA_112_PHILADELPHIA
cf709924-197b-4c30-9e91-905c239cbed3,USR_19812,ORD_104544,2026-06-18 14:00:00,123.87,DMA_112_PHILADELPHIA
501518f2-e5f7-40b0-b1aa-6df010846bf4,USR_19813,ORD_104545,2026-02-12 00:00:00,146.88,DMA_139_RICHMOND
65bd6b54-18fa-40a0-b1c4-604b716934cb,USR_19815,ORD_104546,2026-06-10 10:00:00,182.33,DMA_111_PHOENIX
0635c8be-07fa-4476-b244-e6d41ca4a620,USR_19816,ORD_104547,2026-01-22 01:22:00,65.37,DMA_128_NASHVILLE
7939674f-1e48-498e-9ab0-7b6dc4460fd7,USR_19817,ORD_104548,2026-06-21 07:00:00,206.97,DMA_118_TAMPA
49de67fb-d97b-4649-b857-38177779239a,USR_19818,ORD_104549,2026-04-12 11:00:00,60.89,DMA_117_MINNEAPOLIS
a5641cf2-fb25-47d3-83cc-0b222ce3dfd7,USR_19825,ORD_104550,2026-03-18 18:00:00,65.63,DMA_149_TUCSON
2519cb10-3138-4dcb-ba74-461ce79eff70,USR_19827,ORD_104551,2026-05-13 17:00:00,52.92,DMA_143_HARTFORD
d5aadad6-82d2-4797-aacf-952378d3681b,USR_19829,ORD_104552,2026-05-05 22:00:00,56.62,DMA_121_CLEVELAND
c2418b44-357e-40f7-a9eb-0aee730d32ef,USR_19830,ORD_104553,2026-03-20 08:17:00,113.03,DMA_104_DALLAS
d4a2373d-905b-4eb2-bf76-2086153a4aa3,USR_19833,ORD_104554,2026-06-10 20:22:00,62.42,DMA_119_ORLANDO
b37e29e1-104b-4199-85d9-fabd13bbab07,USR_19834,ORD_104555,2026-05-25 20:51:00,37.22,DMA_122_SACRAMENTO
015d3c1d-9fe4-4ace-8270-0c98d828874f,USR_19839,ORD_104556,2026-01-19 05:00:00,380.66,DMA_108_BOSTON
bd8427b8-db94-44d9-b0f9-67e29f78de4d,USR_19840,ORD_104557,2026-02-12 13:00:00,50.14,DMA_112_PHILADELPHIA
ea23a96b-ba81-404a-bf79-88f65359d6b7,USR_19841,ORD_104558,2026-04-16 04:00:00,97.18,DMA_108_BOSTON
b0efb53e-fa33-4102-9466-60c87947105a,USR_19842,ORD_104559,2026-03-15 17:00:00,52.42,DMA_121_CLEVELAND
7ff54f76-45a3-4e09-8444-66ac2da89b36,USR_19843,ORD_104560,2026-03-15 18:10:00,59.15,DMA_102_CHICAGO
b70005b0-5e15-446d-90a6-d30647b83222,USR_19848,ORD_104561,2026-03-09 19:27:00,46.98,DMA_136_RALEIGH
d9d8af6c-d2d4-4ab9-a48a-9a4b7fdabf08,USR_19851,ORD_104562,2026-01-20 14:00:00,71.02,DMA_109_DENVER
bc7cc93e-8e7d-4ecb-a11d-efe05967a5b7,USR_19852,ORD_104563,2026-03-27 22:00:00,94.88,DMA_132_SAN_ANTONIO
babba5f2-cf1e-401d-aa0c-b3702d520a6d,USR_19854,ORD_104564,2026-05-31 02:00:00,116.84,DMA_119_ORLANDO
54b0cea3-e043-4d41-a58c-c619c9e9bb9f,USR_19855,ORD_104565,2026-02-02 14:00:00,135.53,DMA_124_PORTLAND
5f104b2d-de58-4b5d-a774-08efbe27a75e,USR_19860,ORD_104566,2026-03-18 02:00:00,168.18,DMA_144_PROVIDENCE
d704229e-8036-4475-a7b8-88b7ef3299d6,USR_19861,ORD_104567,2026-01-22 15:00:00,71.35,DMA_128_NASHVILLE
da78bc4b-000d-437f-9bf4-fc5507e28068,USR_19865,ORD_104568,2026-04-28 17:00:00,141.45,DMA_111_PHOENIX
ab5a3ff2-4401-427b-9f5f-b3ce43e1353c,USR_19866,ORD_104569,2026-03-01 02:00:00,113.7,DMA_121_CLEVELAND
faf05df3-3812-4c56-a396-dd3aa4deddb2,USR_19869,ORD_104570,2026-04-23 06:00:00,116.97,DMA_146_ROCHESTER
7bc728ef-804a-4646-aec0-03562c1d7dea,USR_19873,ORD_104571,2026-03-12 15:57:00,36.66,DMA_149_TUCSON
876fed58-192c-489e-bad9-23f1abbe76e7,USR_19876,ORD_104572,2026-05-08 13:00:00,20.95,DMA_119_ORLANDO
c9d52112-92a6-4c78-8415-b6dfcd4ae38c,USR_19877,ORD_104573,2026-05-05 09:15:00,42.86,DMA_115_HOUSTON
eb660735-1214-4fb6-a84d-fbd8e2eae8c9,USR_19881,ORD_104574,2026-05-01 23:00:00,98.09,DMA_100_SAN_FRANCISCO
4fc0b55e-91a4-4581-adb6-407e0a905b39,USR_19883,ORD_104575,2026-05-22 03:00:00,120.73,DMA_135_MILWAUKEE
94766dc9-89db-4983-aa0e-09cd876cc704,USR_19884,ORD_104576,2026-02-19 20:13:00,84.43,DMA_106_AUSTIN
06491c30-ec63-4945-aed3-198d6a3a249e,USR_19885,ORD_104577,2026-03-10 05:48:00,46.33,DMA_133_KANSAS_CITY
97084dda-6f75-48c6-a1ef-55599ffa8a02,USR_19887,ORD_104578,2026-04-20 13:00:00,142.72,DMA_139_RICHMOND
bed1371b-3fb5-4340-8e58-f89808c47cab,USR_19888,ORD_104579,2026-01-18 03:00:00,37.06,DMA_122_SACRAMENTO
4906b45c-87cf-49c4-9eac-e43da08475fc,USR_19889,ORD_104580,2026-06-11 18:52:00,42.11,DMA_121_CLEVELAND
c36d48fa-3dd7-49ec-a01c-9159a80a3c6c,USR_19891,ORD_104581,2026-06-22 06:00:00,156.74,DMA_125_LAS_VEGAS
9a763d46-000f-4c57-93fe-82a027a99931,USR_19893,ORD_104582,2026-03-07 03:05:00,88.55,DMA_134_CINCINNATI
00b4fe41-a311-431e-a20c-75768f381c81,USR_19895,ORD_104583,2026-04-19 20:19:00,144.03,DMA_127_CHARLOTTE
7c9c42b5-419d-4fde-bfa5-ecb2d4d767ac,USR_19896,ORD_104584,2026-01-11 12:29:00,108.23,DMA_110_MIAMI
87435440-31b8-4495-8905-65f0d2525e12,USR_19900,ORD_104585,2026-06-24 23:00:00,145.15,DMA_145_BIRMINGHAM
58a7b72f-c65e-4cd4-92b2-a230c71ddb7d,USR_19901,ORD_104586,2026-03-30 18:00:00,99.46,DMA_105_SEATTLE
d48c8422-4a56-4a22-9950-ebb446e69d23,USR_19903,ORD_104587,2026-01-09 00:26:00,96.56,DMA_125_LAS_VEGAS
e1388751-1480-47c4-b39e-2f35ed0c2571,USR_19905,ORD_104588,2026-01-23 06:16:00,93.22,DMA_115_HOUSTON
af650f2b-532c-4613-ba27-4d8350eebdc0,USR_19906,ORD_104589,2026-04-12 17:00:00,109.66,DMA_111_PHOENIX
5af4aa1d-b219-4f0c-beb1-a1fc51754648,USR_19907,ORD_104590,2026-01-26 15:25:00,178.42,DMA_137_OKLAHOMA_CITY
38061a66-7db8-48b0-81c7-fb3ee410f2d1,USR_19908,ORD_104591,2026-03-18 01:00:00,182.55,DMA_125_LAS_VEGAS
faa06b93-69e6-4025-9d41-3bd4a317ece4,USR_19912,ORD_104592,2026-05-03 19:00:00,93.77,DMA_106_AUSTIN
6ae8ed6a-3fbb-443b-b85b-7a11dc8a3e7d,USR_19913,ORD_104593,2026-05-27 21:21:00,54.73,DMA_126_ST_LOUIS
269ef5d7-847d-4962-9cf4-a5f68e722afe,USR_19914,ORD_104594,2026-05-10 21:00:00,85.99,DMA_118_TAMPA
976d8ce9-8764-48d8-92ab-d68f067203df,USR_19915,ORD_104595,2026-03-26 12:00:00,64.85,DMA_133_KANSAS_CITY
4a9ed073-3aa4-4345-9b77-cf0454e4819d,USR_19918,ORD_104596,2026-06-10 22:14:00,63.51,DMA_131_INDIANAPOLIS
f3aa8c1f-1d8c-485d-830f-c6dfc3ba656f,USR_19920,ORD_104597,2026-04-05 06:22:00,47.18,DMA_133_KANSAS_CITY
31f2690e-e46c-4a56-8736-ce88d627470a,USR_19922,ORD_104598,2026-01-21 01:00:00,195.22,DMA_118_TAMPA
ea2ab7d7-dbaf-4b51-a627-d4c212a413ee,USR_19923,ORD_104599,2026-03-23 22:22:00,162.76,DMA_147_GREENVILLE
dce991e0-9460-4d01-ab6c-e34ecf9f1b09,USR_19924,ORD_104600,2026-05-01 10:00:00,81.51,DMA_101_NEW_YORK
5456cef2-ecb4-4f82-8381-bc1094219b79,USR_19925,ORD_104601,2026-03-25 02:00:00,141.77,DMA_113_SAN_DIEGO
8a81ca58-ef6b-4986-ba8c-442289417a27,USR_19927,ORD_104602,2026-06-26 16:00:00,136.18,DMA_128_NASHVILLE
5b0054c0-5920-4ab5-a60c-7027a030cd36,USR_19929,ORD_104603,2026-06-22 17:00:00,150.87,DMA_140_LOUISVILLE
e09be566-3bc1-4405-b8cb-ceb95a1225f5,USR_19930,ORD_104604,2026-05-01 19:00:00,54.61,DMA_145_BIRMINGHAM
789366cc-bace-4492-b3f3-cb43efb9606a,USR_19931,ORD_104605,2026-04-02 14:00:00,233.68,DMA_107_ATLANTA
60ccc6bd-57f3-4013-8a25-5c1226739d6e,USR_19937,ORD_104606,2026-04-21 17:48:00,46.52,DMA_141_NEW_ORLEANS
4ff5c6a7-8667-4275-bb22-5161413542fc,USR_19938,ORD_104607,2026-06-07 11:46:00,65.01,DMA_146_ROCHESTER
12242f6b-20d5-40a9-9257-a74998cb1a91,USR_19940,ORD_104608,2026-01-25 18:00:00,64.97,DMA_130_COLUMBUS
38b8a7ab-83b0-4c5a-9551-f7f6c498fe7c,USR_19941,ORD_104609,2026-06-20 06:00:00,43.26,DMA_132_SAN_ANTONIO
30b8d3ac-0cec-47cd-919c-81dde8e32956,USR_19942,ORD_104610,2026-04-13 19:15:00,102.74,DMA_133_KANSAS_CITY
929e5a89-7a79-4c6e-8565-7d9457e9a489,USR_19943,ORD_104611,2026-05-13 15:57:00,56.81,DMA_148_ALBUQUERQUE
eaece1aa-b2a9-43e3-ab01-b887a07218d1,USR_19945,ORD_104612,2026-03-13 22:58:00,49.22,DMA_109_DENVER
789d02f3-03bd-4bac-a447-92c8b5db1d32,USR_19946,ORD_104613,2026-01-21 15:40:00,84.17,DMA_125_LAS_VEGAS
956cf49d-36f9-4ee2-8735-1a4a984e3dd3,USR_19949,ORD_104614,2026-02-21 19:00:00,45.83,DMA_130_COLUMBUS
b8f5466a-98c7-4dff-893c-e73b75007eff,USR_19950,ORD_104615,2026-02-26 02:00:00,80.81,DMA_102_CHICAGO
b9518122-8ac9-4f5d-acab-76d6a7ea2ab4,USR_19956,ORD_104616,2026-04-03 08:27:00,58.4,DMA_134_CINCINNATI
89669b29-968b-4a15-a1d0-9da3922a5050,USR_19958,ORD_104617,2026-04-22 17:07:00,38.05,DMA_118_TAMPA
89c7ab61-b637-4d4f-9850-27978962f5e0,USR_19959,ORD_104618,2026-01-19 04:00:00,148.05,DMA_105_SEATTLE
f47eafc2-2a89-446c-a196-e0ae2cda4ef2,USR_19961,ORD_104619,2026-02-02 05:00:00,55.97,DMA_116_DETROIT
d4c65cda-b22e-4f55-93dd-7dea9b819ea5,USR_19962,ORD_104620,2026-02-13 18:00:00,43.99,DMA_119_ORLANDO
882d6b69-e2e3-46c5-8dc7-12fb3b36a19a,USR_19966,ORD_104621,2026-02-15 06:35:00,54.29,DMA_130_COLUMBUS
3e05bcb0-7444-4f02-b1f2-609dd6c38917,USR_19967,ORD_104622,2026-03-13 08:00:00,112.61,DMA_141_NEW_ORLEANS
795c829a-e3fa-41df-88b2-1a666a35d9c6,USR_19968,ORD_104623,2026-06-07 03:00:00,89.11,DMA_118_TAMPA
aeaf73d8-37bf-4853-9908-c2c1598c7d52,USR_19969,ORD_104624,2026-04-17 18:00:00,47.7,DMA_131_INDIANAPOLIS
70b4611b-ce50-40fd-957c-1808b6e1293a,USR_19972,ORD_104625,2026-03-05 10:00:00,70.04,DMA_117_MINNEAPOLIS
bddc2c1d-b31e-451f-86de-3e31868f6f18,USR_19973,ORD_104626,2026-03-25 05:49:00,57.77,DMA_113_SAN_DIEGO
db48fc4b-59c1-4ce5-a2eb-0375f35f0a13,USR_19976,ORD_104627,2026-05-23 11:00:00,181.51,DMA_124_PORTLAND
33479cb2-191b-41f2-9a47-585fdd800fdb,USR_19978,ORD_104628,2026-05-29 08:14:00,109.19,DMA_136_RALEIGH
9f797567-d1e7-4186-b4f0-22e1956a0031,USR_19979,ORD_104629,2026-05-15 15:06:00,79.48,DMA_135_MILWAUKEE
3a775954-4dfc-4805-96ab-bd4e18c94903,USR_19980,ORD_104630,2026-04-20 16:30:00,132.7,DMA_110_MIAMI
fe1ef768-ad9a-4127-a460-ed7ae9cafb12,USR_19981,ORD_104631,2026-04-13 06:00:00,124.01,DMA_141_NEW_ORLEANS
208b8da2-5630-4831-ab55-e8a9ac1b6fd5,USR_19982,ORD_104632,2026-04-24 11:00:00,30.97,DMA_113_SAN_DIEGO
4aec0eb6-75f7-45e9-b89f-027a51e7c516,USR_19983,ORD_104633,2026-04-20 04:52:00,42.09,DMA_145_BIRMINGHAM
0a071650-93be-46a9-9bcb-578f3493a9f9,USR_19985,ORD_104634,2026-05-23 12:10:00,113.13,DMA_101_NEW_YORK
c9f83976-8d84-4281-8b4d-40cdc39507ce,USR_19994,ORD_104635,2026-04-30 00:00:00,68.98,DMA_111_PHOENIX
d13ac59d-c764-45df-8443-d967389bc725,USR_19998,ORD_104636,2026-05-12 08:52:00,62.46,DMA_121_CLEVELAND
6ea3633b-c5f4-414e-9aae-89b95126e04a,USR_19999,ORD_104637,2026-05-07 07:00:00,122.3,DMA_109_DENVER
